supplier_id,importance,fabric_category,date,max_line_limit
3000581,核心,,,
3001249,合格,牛仔,2022-10-08,4.0
3001249,合格,牛仔,2022-10-10,4.0
3001249,合格,牛仔,2022-10-11,4.0
3001249,合格,牛仔,2022-10-12,4.0
3001249,合格,牛仔,2022-10-13,4.0
3001249,合格,牛仔,2022-10-14,4.0
3001249,合格,牛仔,2022-10-15,4.0
3001249,合格,牛仔,2022-10-17,4.0
3001249,合格,牛仔,2022-10-18,4.0
3001249,合格,牛仔,2022-10-19,4.0
3001249,合格,牛仔,2022-10-20,4.0
3001249,合格,牛仔,2022-10-21,4.0
3001249,合格,牛仔,2022-10-22,4.0
3001249,合格,牛仔,2022-10-24,4.0
3001249,合格,牛仔,2022-10-25,4.0
3001249,合格,牛仔,2022-10-26,4.0
3001249,合格,牛仔,2022-10-27,4.0
3001249,合格,牛仔,2022-10-28,4.0
3001249,合格,牛仔,2022-10-29,4.0
3001249,合格,牛仔,2022-10-31,4.0
3001249,合格,牛仔,2022-11-01,4.0
3001249,合格,牛仔,2022-11-02,4.0
3001249,合格,牛仔,2022-11-03,4.0
3001249,合格,牛仔,2022-11-04,4.0
3001249,合格,牛仔,2022-11-05,4.0
3001249,合格,牛仔,2022-11-07,4.0
3001249,合格,牛仔,2022-11-08,4.0
3001249,合格,牛仔,2022-11-09,4.0
3001249,合格,牛仔,2022-11-10,4.0
3001249,合格,牛仔,2022-11-11,4.0
3001249,合格,牛仔,2022-11-12,4.0
3001249,合格,牛仔,2022-11-14,4.0
3001249,合格,牛仔,2022-11-15,4.0
3001249,合格,牛仔,2022-11-16,4.0
3001249,合格,牛仔,2022-11-17,4.0
3001249,合格,牛仔,2022-11-18,4.0
3001249,合格,牛仔,2022-11-19,4.0
3001249,合格,牛仔,2022-11-21,4.0
3001249,合格,牛仔,2022-11-22,4.0
3001249,合格,牛仔,2022-11-23,4.0
3001249,合格,牛仔,2022-11-24,4.0
3001249,合格,牛仔,2022-11-25,4.0
3001249,合格,牛仔,2022-11-26,4.0
3001249,合格,牛仔,2022-11-28,4.0
3001249,合格,牛仔,2022-11-29,4.0
3001249,合格,牛仔,2022-11-30,4.0
3001249,合格,牛仔,2022-12-01,27875.0
3001249,合格,牛仔,2022-12-02,27875.0
3001249,合格,牛仔,2022-12-03,27875.0
3001249,合格,牛仔,2022-12-05,27875.0
3001249,合格,牛仔,2022-12-06,27875.0
3001249,合格,牛仔,2022-12-07,27875.0
3001249,合格,牛仔,2022-12-08,27875.0
3001249,合格,牛仔,2022-12-09,27875.0
3001249,合格,牛仔,2022-12-10,27875.0
3001249,合格,牛仔,2022-12-12,27875.0
3001249,合格,牛仔,2022-12-13,27875.0
3001249,合格,牛仔,2022-12-14,27875.0
3001249,合格,牛仔,2022-12-15,27875.0
3001249,合格,牛仔,2022-12-16,27875.0
3001249,合格,牛仔,2022-12-17,27875.0
3001249,合格,牛仔,2022-12-19,27875.0
3001249,合格,牛仔,2022-12-20,27875.0
3001249,合格,牛仔,2022-12-21,27875.0
3001249,合格,牛仔,2022-12-22,27875.0
3001249,合格,牛仔,2022-12-23,27875.0
3001249,合格,牛仔,2022-12-24,27875.0
3001249,合格,牛仔,2022-12-26,27875.0
3001249,合格,牛仔,2022-12-27,27875.0
3001249,合格,牛仔,2022-12-28,27875.0
3001249,合格,牛仔,2022-12-29,27875.0
3001249,合格,牛仔,2022-12-30,27875.0
3001249,合格,牛仔,2022-12-31,27875.0
3001249,合格,牛仔,2023-07-01,0.0
3001249,合格,牛仔,2023-07-03,0.0
3001249,合格,牛仔,2023-07-04,0.0
3001249,合格,牛仔,2023-07-05,0.0
3001249,合格,牛仔,2023-07-06,0.0
3001249,合格,牛仔,2023-07-07,0.0
3001249,合格,牛仔,2023-07-08,0.0
3001249,合格,牛仔,2023-07-10,0.0
3001249,合格,牛仔,2023-07-11,0.0
3001249,合格,牛仔,2023-07-12,0.0
3001249,合格,牛仔,2023-07-13,0.0
3001249,合格,牛仔,2023-07-14,0.0
3001249,合格,牛仔,2023-07-15,0.0
3001249,合格,牛仔,2023-07-17,0.0
3001249,合格,牛仔,2023-07-18,0.0
3001249,合格,牛仔,2023-07-19,0.0
3001249,合格,牛仔,2023-07-20,0.0
3001249,合格,牛仔,2023-07-21,0.0
3001249,合格,牛仔,2023-07-22,0.0
3001249,合格,牛仔,2023-07-24,0.0
3001249,合格,牛仔,2023-07-25,0.0
3001249,合格,牛仔,2023-07-26,0.0
3001249,合格,牛仔,2023-07-27,0.0
3001249,合格,牛仔,2023-07-28,0.0
3001249,合格,牛仔,2023-07-29,0.0
3001249,合格,牛仔,2023-07-31,0.0
3001249,合格,牛仔,2023-08-01,2.0
3001249,合格,牛仔,2023-08-02,2.0
3001249,合格,牛仔,2023-08-03,2.0
3001249,合格,牛仔,2023-08-04,2.0
3001249,合格,牛仔,2023-08-05,2.0
3001249,合格,牛仔,2023-08-07,2.0
3001249,合格,牛仔,2023-08-08,2.0
3001249,合格,牛仔,2023-08-09,2.0
3001249,合格,牛仔,2023-08-10,2.0
3001249,合格,牛仔,2023-08-11,2.0
3001249,合格,牛仔,2023-08-12,2.0
3001249,合格,牛仔,2023-08-14,2.0
3001249,合格,牛仔,2023-08-15,2.0
3001249,合格,牛仔,2023-08-16,2.0
3001249,合格,牛仔,2023-08-17,2.0
3001249,合格,牛仔,2023-08-18,2.0
3001249,合格,牛仔,2023-08-19,2.0
3001249,合格,牛仔,2023-08-21,2.0
3001249,合格,牛仔,2023-08-22,2.0
3001249,合格,牛仔,2023-08-23,2.0
3001249,合格,牛仔,2023-08-24,2.0
3001249,合格,牛仔,2023-08-25,2.0
3001249,合格,牛仔,2023-08-26,2.0
3001249,合格,牛仔,2023-08-28,2.0
3001249,合格,牛仔,2023-08-29,2.0
3001249,合格,牛仔,2023-08-30,2.0
3001249,合格,牛仔,2023-08-31,2.0
3001249,合格,牛仔,2023-09-01,3.0
3001249,合格,牛仔,2023-09-02,3.0
3001249,合格,牛仔,2023-09-04,3.0
3001249,合格,牛仔,2023-09-05,3.0
3001249,合格,牛仔,2023-09-06,3.0
3001249,合格,牛仔,2023-09-07,3.0
3001249,合格,牛仔,2023-09-08,3.0
3001249,合格,牛仔,2023-09-09,3.0
3001249,合格,牛仔,2023-09-11,3.0
3001249,合格,牛仔,2023-09-12,3.0
3001249,合格,牛仔,2023-09-13,3.0
3001249,合格,牛仔,2023-09-14,3.0
3001249,合格,牛仔,2023-09-15,3.0
3001249,合格,牛仔,2023-09-16,3.0
3001249,合格,牛仔,2023-09-18,3.0
3001249,合格,牛仔,2023-09-19,3.0
3001249,合格,牛仔,2023-09-20,3.0
3001249,合格,牛仔,2023-09-21,3.0
3001249,合格,牛仔,2023-09-22,3.0
3001249,合格,牛仔,2023-09-23,3.0
3001249,合格,牛仔,2023-09-25,3.0
3001249,合格,牛仔,2023-09-26,3.0
3001249,合格,牛仔,2023-09-27,3.0
3001249,合格,牛仔,2023-09-28,3.0
3001249,合格,牛仔,2023-09-29,3.0
3001249,合格,牛仔,2023-09-30,3.0
3001249,合格,牛仔,2023-10-02,3.0
3001249,合格,牛仔,2023-10-03,3.0
3001249,合格,牛仔,2023-10-04,3.0
3001249,合格,牛仔,2023-10-05,3.0
3001249,合格,牛仔,2023-10-06,3.0
3001249,合格,牛仔,2023-10-07,3.0
3001249,合格,牛仔,2023-10-09,3.0
3001249,合格,牛仔,2023-10-10,3.0
3001249,合格,牛仔,2023-10-11,3.0
3001249,合格,牛仔,2023-10-12,3.0
3001249,合格,牛仔,2023-10-13,3.0
3001249,合格,牛仔,2023-10-14,3.0
3001249,合格,牛仔,2023-10-16,3.0
3001249,合格,牛仔,2023-10-17,3.0
3001249,合格,牛仔,2023-10-18,3.0
3001249,合格,牛仔,2023-10-19,3.0
3001249,合格,牛仔,2023-10-20,3.0
3001249,合格,牛仔,2023-10-21,3.0
3001249,合格,牛仔,2023-10-23,3.0
3001249,合格,牛仔,2023-10-24,3.0
3001249,合格,牛仔,2023-10-25,3.0
3001249,合格,牛仔,2023-10-26,3.0
3001249,合格,牛仔,2023-10-27,3.0
3001249,合格,牛仔,2023-10-28,3.0
3001249,合格,牛仔,2023-10-30,3.0
3001249,合格,牛仔,2023-10-31,3.0
3001249,合格,牛仔,2023-11-01,3.0
3001249,合格,牛仔,2023-11-02,3.0
3001249,合格,牛仔,2023-11-03,3.0
3001249,合格,牛仔,2023-11-04,3.0
3001249,合格,牛仔,2023-11-06,3.0
3001249,合格,牛仔,2023-11-07,3.0
3001249,合格,牛仔,2023-11-08,3.0
3001249,合格,牛仔,2023-11-09,3.0
3001249,合格,牛仔,2023-11-10,3.0
3001249,合格,牛仔,2023-11-11,3.0
3001249,合格,牛仔,2023-11-13,3.0
3001249,合格,牛仔,2023-11-14,3.0
3001249,合格,牛仔,2023-11-15,3.0
3001249,合格,牛仔,2023-11-16,3.0
3001249,合格,牛仔,2023-11-17,3.0
3001249,合格,牛仔,2023-11-18,3.0
3001249,合格,牛仔,2023-11-20,3.0
3001249,合格,牛仔,2023-11-21,3.0
3001249,合格,牛仔,2023-11-22,3.0
3001249,合格,牛仔,2023-11-23,3.0
3001249,合格,牛仔,2023-11-24,3.0
3001249,合格,牛仔,2023-11-25,3.0
3001249,合格,牛仔,2023-11-27,3.0
3001249,合格,牛仔,2023-11-28,3.0
3001249,合格,牛仔,2023-11-29,3.0
3001249,合格,牛仔,2023-11-30,3.0
3001249,合格,牛仔,2023-12-01,3.0
3001249,合格,牛仔,2023-12-02,3.0
3001249,合格,牛仔,2023-12-04,3.0
3001249,合格,牛仔,2023-12-05,3.0
3001249,合格,牛仔,2023-12-06,3.0
3001249,合格,牛仔,2023-12-07,3.0
3001249,合格,牛仔,2023-12-08,3.0
3001249,合格,牛仔,2023-12-09,3.0
3001249,合格,牛仔,2023-12-11,3.0
3001249,合格,牛仔,2023-12-12,3.0
3001249,合格,牛仔,2023-12-13,3.0
3001249,合格,牛仔,2023-12-14,3.0
3001249,合格,牛仔,2023-12-15,3.0
3001249,合格,牛仔,2023-12-16,3.0
3001249,合格,牛仔,2023-12-18,3.0
3001249,合格,牛仔,2023-12-19,3.0
3001249,合格,牛仔,2023-12-20,3.0
3001249,合格,牛仔,2023-12-21,3.0
3001249,合格,牛仔,2023-12-22,3.0
3001249,合格,牛仔,2023-12-23,3.0
3001249,合格,牛仔,2023-12-25,3.0
3001249,合格,牛仔,2023-12-26,3.0
3001249,合格,牛仔,2023-12-27,3.0
3001249,合格,牛仔,2023-12-28,3.0
3001249,合格,牛仔,2023-12-29,3.0
3001249,合格,牛仔,2023-12-30,3.0
3000023,培养,牛仔,2022-08-01,4.0
3000023,培养,牛仔,2022-08-02,4.0
3000023,培养,牛仔,2022-08-03,4.0
3000023,培养,牛仔,2022-08-04,4.0
3000023,培养,牛仔,2022-08-05,4.0
3000023,培养,牛仔,2022-08-06,4.0
3000023,培养,牛仔,2022-08-08,4.0
3000023,培养,牛仔,2022-08-09,4.0
3000023,培养,牛仔,2022-08-10,4.0
3000023,培养,牛仔,2022-08-11,4.0
3000023,培养,牛仔,2022-08-12,4.0
3000023,培养,牛仔,2022-08-13,4.0
3000023,培养,牛仔,2022-08-15,4.0
3000023,培养,牛仔,2022-08-16,4.0
3000023,培养,牛仔,2022-08-17,4.0
3000023,培养,牛仔,2022-08-18,4.0
3000023,培养,牛仔,2022-08-19,4.0
3000023,培养,牛仔,2022-08-20,4.0
3000023,培养,牛仔,2022-08-22,4.0
3000023,培养,牛仔,2022-08-23,4.0
3000023,培养,牛仔,2022-08-24,4.0
3000023,培养,牛仔,2022-08-25,4.0
3000023,培养,牛仔,2022-08-26,4.0
3000023,培养,牛仔,2022-08-27,4.0
3000023,培养,牛仔,2022-08-29,4.0
3000023,培养,牛仔,2022-08-30,4.0
3000023,培养,牛仔,2022-08-31,4.0
3000023,培养,牛仔,2022-09-01,4.0
3000023,培养,牛仔,2022-09-02,4.0
3000023,培养,牛仔,2022-09-03,4.0
3000023,培养,牛仔,2022-09-05,4.0
3000023,培养,牛仔,2022-09-06,4.0
3000023,培养,牛仔,2022-09-07,4.0
3000023,培养,牛仔,2022-09-08,4.0
3000023,培养,牛仔,2022-09-09,4.0
3000023,培养,牛仔,2022-09-10,4.0
3000023,培养,牛仔,2022-09-12,4.0
3000023,培养,牛仔,2022-09-13,4.0
3000023,培养,牛仔,2022-09-14,4.0
3000023,培养,牛仔,2022-09-15,4.0
3000023,培养,牛仔,2022-09-16,4.0
3000023,培养,牛仔,2022-09-17,4.0
3000023,培养,牛仔,2022-09-19,4.0
3000023,培养,牛仔,2022-09-20,4.0
3000023,培养,牛仔,2022-09-21,4.0
3000023,培养,牛仔,2022-09-22,4.0
3000023,培养,牛仔,2022-09-23,4.0
3000023,培养,牛仔,2022-09-24,4.0
3000023,培养,牛仔,2022-09-26,4.0
3000023,培养,牛仔,2022-09-27,4.0
3000023,培养,牛仔,2022-09-28,4.0
3000023,培养,牛仔,2022-09-29,4.0
3000023,培养,牛仔,2022-09-30,4.0
3000023,培养,牛仔,2022-10-08,5.0
3000023,培养,牛仔,2022-10-10,5.0
3000023,培养,牛仔,2022-10-11,5.0
3000023,培养,牛仔,2022-10-12,5.0
3000023,培养,牛仔,2022-10-13,5.0
3000023,培养,牛仔,2022-10-14,5.0
3000023,培养,牛仔,2022-10-15,5.0
3000023,培养,牛仔,2022-10-17,5.0
3000023,培养,牛仔,2022-10-18,5.0
3000023,培养,牛仔,2022-10-19,5.0
3000023,培养,牛仔,2022-10-20,5.0
3000023,培养,牛仔,2022-10-21,5.0
3000023,培养,牛仔,2022-10-22,5.0
3000023,培养,牛仔,2022-10-24,5.0
3000023,培养,牛仔,2022-10-25,5.0
3000023,培养,牛仔,2022-10-26,5.0
3000023,培养,牛仔,2022-10-27,5.0
3000023,培养,牛仔,2022-10-28,5.0
3000023,培养,牛仔,2022-10-29,5.0
3000023,培养,牛仔,2022-10-31,5.0
3000023,培养,牛仔,2022-11-01,4.0
3000023,培养,牛仔,2022-11-02,4.0
3000023,培养,牛仔,2022-11-03,4.0
3000023,培养,牛仔,2022-11-04,4.0
3000023,培养,牛仔,2022-11-05,4.0
3000023,培养,牛仔,2022-11-07,4.0
3000023,培养,牛仔,2022-11-08,4.0
3000023,培养,牛仔,2022-11-09,4.0
3000023,培养,牛仔,2022-11-10,4.0
3000023,培养,牛仔,2022-11-11,4.0
3000023,培养,牛仔,2022-11-12,4.0
3000023,培养,牛仔,2022-11-14,4.0
3000023,培养,牛仔,2022-11-15,4.0
3000023,培养,牛仔,2022-11-16,4.0
3000023,培养,牛仔,2022-11-17,4.0
3000023,培养,牛仔,2022-11-18,4.0
3000023,培养,牛仔,2022-11-19,4.0
3000023,培养,牛仔,2022-11-21,4.0
3000023,培养,牛仔,2022-11-22,4.0
3000023,培养,牛仔,2022-11-23,4.0
3000023,培养,牛仔,2022-11-24,4.0
3000023,培养,牛仔,2022-11-25,4.0
3000023,培养,牛仔,2022-11-26,4.0
3000023,培养,牛仔,2022-11-28,4.0
3000023,培养,牛仔,2022-11-29,4.0
3000023,培养,牛仔,2022-11-30,4.0
3000023,培养,牛仔,2022-12-01,36505.0
3000023,培养,牛仔,2022-12-02,36505.0
3000023,培养,牛仔,2022-12-03,36505.0
3000023,培养,牛仔,2022-12-05,36505.0
3000023,培养,牛仔,2022-12-06,36505.0
3000023,培养,牛仔,2022-12-07,36505.0
3000023,培养,牛仔,2022-12-08,36505.0
3000023,培养,牛仔,2022-12-09,36505.0
3000023,培养,牛仔,2022-12-10,36505.0
3000023,培养,牛仔,2022-12-12,36505.0
3000023,培养,牛仔,2022-12-13,36505.0
3000023,培养,牛仔,2022-12-14,36505.0
3000023,培养,牛仔,2022-12-15,36505.0
3000023,培养,牛仔,2022-12-16,36505.0
3000023,培养,牛仔,2022-12-17,36505.0
3000023,培养,牛仔,2022-12-19,36505.0
3000023,培养,牛仔,2022-12-20,36505.0
3000023,培养,牛仔,2022-12-21,36505.0
3000023,培养,牛仔,2022-12-22,36505.0
3000023,培养,牛仔,2022-12-23,36505.0
3000023,培养,牛仔,2022-12-24,36505.0
3000023,培养,牛仔,2022-12-26,36505.0
3000023,培养,牛仔,2022-12-27,36505.0
3000023,培养,牛仔,2022-12-28,36505.0
3000023,培养,牛仔,2022-12-29,36505.0
3000023,培养,牛仔,2022-12-30,36505.0
3000023,培养,牛仔,2022-12-31,36505.0
3000023,培养,牛仔,2023-01-02,11.0
3000023,培养,牛仔,2023-01-03,11.0
3000023,培养,牛仔,2023-01-04,11.0
3000023,培养,牛仔,2023-01-05,11.0
3000023,培养,牛仔,2023-01-06,11.0
3000023,培养,牛仔,2023-02-06,3.0
3000023,培养,牛仔,2023-02-07,3.0
3000023,培养,牛仔,2023-02-08,3.0
3000023,培养,牛仔,2023-02-09,3.0
3000023,培养,牛仔,2023-02-10,3.0
3000023,培养,牛仔,2023-02-11,3.0
3000023,培养,牛仔,2023-02-13,3.0
3000023,培养,牛仔,2023-02-14,3.0
3000023,培养,牛仔,2023-02-15,3.0
3000023,培养,牛仔,2023-02-16,3.0
3000023,培养,牛仔,2023-02-17,3.0
3000023,培养,牛仔,2023-02-18,3.0
3000023,培养,牛仔,2023-02-20,3.0
3000023,培养,牛仔,2023-02-21,3.0
3000023,培养,牛仔,2023-02-22,3.0
3000023,培养,牛仔,2023-02-23,3.0
3000023,培养,牛仔,2023-02-24,3.0
3000023,培养,牛仔,2023-02-25,3.0
3000023,培养,牛仔,2023-02-27,3.0
3000023,培养,牛仔,2023-02-28,3.0
3000023,培养,牛仔,2023-03-01,2.0
3000023,培养,牛仔,2023-03-02,2.0
3000023,培养,牛仔,2023-03-03,2.0
3000023,培养,牛仔,2023-03-04,2.0
3000023,培养,牛仔,2023-03-06,2.0
3000023,培养,牛仔,2023-03-07,2.0
3000023,培养,牛仔,2023-03-08,2.0
3000023,培养,牛仔,2023-03-09,2.0
3000023,培养,牛仔,2023-03-10,2.0
3000023,培养,牛仔,2023-03-11,2.0
3000023,培养,牛仔,2023-03-13,2.0
3000023,培养,牛仔,2023-03-14,2.0
3000023,培养,牛仔,2023-03-15,2.0
3000023,培养,牛仔,2023-03-16,2.0
3000023,培养,牛仔,2023-03-17,2.0
3000023,培养,牛仔,2023-03-18,2.0
3000023,培养,牛仔,2023-03-20,2.0
3000023,培养,牛仔,2023-03-21,2.0
3000023,培养,牛仔,2023-03-22,2.0
3000023,培养,牛仔,2023-03-23,2.0
3000023,培养,牛仔,2023-03-24,2.0
3000023,培养,牛仔,2023-03-25,2.0
3000023,培养,牛仔,2023-03-27,2.0
3000023,培养,牛仔,2023-03-28,2.0
3000023,培养,牛仔,2023-03-29,2.0
3000023,培养,牛仔,2023-03-30,2.0
3000023,培养,牛仔,2023-03-31,2.0
3000023,培养,牛仔,2023-04-01,3.0
3000023,培养,牛仔,2023-04-03,3.0
3000023,培养,牛仔,2023-04-04,3.0
3000023,培养,牛仔,2023-04-05,3.0
3000023,培养,牛仔,2023-04-06,3.0
3000023,培养,牛仔,2023-04-07,3.0
3000023,培养,牛仔,2023-04-08,3.0
3000023,培养,牛仔,2023-04-10,3.0
3000023,培养,牛仔,2023-04-11,3.0
3000023,培养,牛仔,2023-04-12,3.0
3000023,培养,牛仔,2023-04-13,3.0
3000023,培养,牛仔,2023-04-14,3.0
3000023,培养,牛仔,2023-04-15,3.0
3000023,培养,牛仔,2023-04-17,3.0
3000023,培养,牛仔,2023-04-18,3.0
3000023,培养,牛仔,2023-04-19,3.0
3000023,培养,牛仔,2023-04-20,3.0
3000023,培养,牛仔,2023-04-21,3.0
3000023,培养,牛仔,2023-04-22,3.0
3000023,培养,牛仔,2023-04-24,3.0
3000023,培养,牛仔,2023-04-25,3.0
3000023,培养,牛仔,2023-04-26,3.0
3000023,培养,牛仔,2023-04-27,3.0
3000023,培养,牛仔,2023-04-28,3.0
3000023,培养,牛仔,2023-04-29,3.0
3000023,培养,牛仔,2023-05-01,2.0
3000023,培养,牛仔,2023-05-02,2.0
3000023,培养,牛仔,2023-05-03,2.0
3000023,培养,牛仔,2023-05-04,2.0
3000023,培养,牛仔,2023-05-05,2.0
3000023,培养,牛仔,2023-05-06,2.0
3000023,培养,牛仔,2023-05-08,2.0
3000023,培养,牛仔,2023-05-09,2.0
3000023,培养,牛仔,2023-05-10,2.0
3000023,培养,牛仔,2023-05-11,2.0
3000023,培养,牛仔,2023-05-12,2.0
3000023,培养,牛仔,2023-05-13,2.0
3000023,培养,牛仔,2023-05-15,2.0
3000023,培养,牛仔,2023-05-16,2.0
3000023,培养,牛仔,2023-05-17,2.0
3000023,培养,牛仔,2023-05-18,2.0
3000023,培养,牛仔,2023-05-19,2.0
3000023,培养,牛仔,2023-05-20,2.0
3000023,培养,牛仔,2023-05-22,2.0
3000023,培养,牛仔,2023-05-23,2.0
3000023,培养,牛仔,2023-05-24,2.0
3000023,培养,牛仔,2023-05-25,2.0
3000023,培养,牛仔,2023-05-26,2.0
3000023,培养,牛仔,2023-05-27,2.0
3000023,培养,牛仔,2023-05-29,2.0
3000023,培养,牛仔,2023-05-30,2.0
3000023,培养,牛仔,2023-05-31,2.0
3000023,培养,牛仔,2023-06-01,3.0
3000023,培养,牛仔,2023-06-02,3.0
3000023,培养,牛仔,2023-06-03,3.0
3000023,培养,牛仔,2023-06-05,3.0
3000023,培养,牛仔,2023-06-06,3.0
3000023,培养,牛仔,2023-06-07,3.0
3000023,培养,牛仔,2023-06-08,3.0
3000023,培养,牛仔,2023-06-09,3.0
3000023,培养,牛仔,2023-06-10,3.0
3000023,培养,牛仔,2023-06-12,3.0
3000023,培养,牛仔,2023-06-13,3.0
3000023,培养,牛仔,2023-06-14,3.0
3000023,培养,牛仔,2023-06-15,3.0
3000023,培养,牛仔,2023-06-16,3.0
3000023,培养,牛仔,2023-06-17,3.0
3000023,培养,牛仔,2023-06-19,3.0
3000023,培养,牛仔,2023-06-20,3.0
3000023,培养,牛仔,2023-06-21,3.0
3000023,培养,牛仔,2023-06-22,3.0
3000023,培养,牛仔,2023-06-23,3.0
3000023,培养,牛仔,2023-06-24,3.0
3000023,培养,牛仔,2023-06-26,3.0
3000023,培养,牛仔,2023-06-27,3.0
3000023,培养,牛仔,2023-06-28,3.0
3000023,培养,牛仔,2023-06-29,3.0
3000023,培养,牛仔,2023-06-30,3.0
3000023,培养,牛仔,2023-07-01,3.0
3000023,培养,牛仔,2023-07-03,3.0
3000023,培养,牛仔,2023-07-04,3.0
3000023,培养,牛仔,2023-07-05,3.0
3000023,培养,牛仔,2023-07-06,3.0
3000023,培养,牛仔,2023-07-07,3.0
3000023,培养,牛仔,2023-07-08,3.0
3000023,培养,牛仔,2023-07-10,3.0
3000023,培养,牛仔,2023-07-11,3.0
3000023,培养,牛仔,2023-07-12,3.0
3000023,培养,牛仔,2023-07-13,3.0
3000023,培养,牛仔,2023-07-14,3.0
3000023,培养,牛仔,2023-07-15,3.0
3000023,培养,牛仔,2023-07-17,3.0
3000023,培养,牛仔,2023-07-18,3.0
3000023,培养,牛仔,2023-07-19,3.0
3000023,培养,牛仔,2023-07-20,3.0
3000023,培养,牛仔,2023-07-21,3.0
3000023,培养,牛仔,2023-07-22,3.0
3000023,培养,牛仔,2023-07-24,3.0
3000023,培养,牛仔,2023-07-25,3.0
3000023,培养,牛仔,2023-07-26,3.0
3000023,培养,牛仔,2023-07-27,3.0
3000023,培养,牛仔,2023-07-28,3.0
3000023,培养,牛仔,2023-07-29,3.0
3000023,培养,牛仔,2023-07-31,3.0
3000023,培养,牛仔,2023-10-02,3.0
3000023,培养,牛仔,2023-10-03,3.0
3000023,培养,牛仔,2023-10-04,3.0
3000023,培养,牛仔,2023-10-05,3.0
3000023,培养,牛仔,2023-10-06,3.0
3000023,培养,牛仔,2023-10-07,3.0
3000023,培养,牛仔,2023-10-09,3.0
3000023,培养,牛仔,2023-10-10,3.0
3000023,培养,牛仔,2023-10-11,3.0
3000023,培养,牛仔,2023-10-12,3.0
3000023,培养,牛仔,2023-10-13,3.0
3000023,培养,牛仔,2023-10-14,3.0
3000023,培养,牛仔,2023-10-16,3.0
3000023,培养,牛仔,2023-10-17,3.0
3000023,培养,牛仔,2023-10-18,3.0
3000023,培养,牛仔,2023-10-19,3.0
3000023,培养,牛仔,2023-10-20,3.0
3000023,培养,牛仔,2023-10-21,3.0
3000023,培养,牛仔,2023-10-23,3.0
3000023,培养,牛仔,2023-10-24,3.0
3000023,培养,牛仔,2023-10-25,3.0
3000023,培养,牛仔,2023-10-26,3.0
3000023,培养,牛仔,2023-10-27,3.0
3000023,培养,牛仔,2023-10-28,3.0
3000023,培养,牛仔,2023-10-30,3.0
3000023,培养,牛仔,2023-10-31,3.0
3000023,培养,牛仔,2023-11-01,3.0
3000023,培养,牛仔,2023-11-02,3.0
3000023,培养,牛仔,2023-11-03,3.0
3000023,培养,牛仔,2023-11-04,3.0
3000023,培养,牛仔,2023-11-06,3.0
3000023,培养,牛仔,2023-11-07,3.0
3000023,培养,牛仔,2023-11-08,3.0
3000023,培养,牛仔,2023-11-09,3.0
3000023,培养,牛仔,2023-11-10,3.0
3000023,培养,牛仔,2023-11-11,3.0
3000023,培养,牛仔,2023-11-13,3.0
3000023,培养,牛仔,2023-11-14,3.0
3000023,培养,牛仔,2023-11-15,3.0
3000023,培养,牛仔,2023-11-16,3.0
3000023,培养,牛仔,2023-11-17,3.0
3000023,培养,牛仔,2023-11-18,3.0
3000023,培养,牛仔,2023-11-20,3.0
3000023,培养,牛仔,2023-11-21,3.0
3000023,培养,牛仔,2023-11-22,3.0
3000023,培养,牛仔,2023-11-23,3.0
3000023,培养,牛仔,2023-11-24,3.0
3000023,培养,牛仔,2023-11-25,3.0
3000023,培养,牛仔,2023-11-27,3.0
3000023,培养,牛仔,2023-11-28,3.0
3000023,培养,牛仔,2023-11-29,3.0
3000023,培养,牛仔,2023-11-30,3.0
3000023,培养,牛仔,2023-12-01,3.0
3000023,培养,牛仔,2023-12-02,3.0
3000023,培养,牛仔,2023-12-04,3.0
3000023,培养,牛仔,2023-12-05,3.0
3000023,培养,牛仔,2023-12-06,3.0
3000023,培养,牛仔,2023-12-07,3.0
3000023,培养,牛仔,2023-12-08,3.0
3000023,培养,牛仔,2023-12-09,3.0
3000023,培养,牛仔,2023-12-11,3.0
3000023,培养,牛仔,2023-12-12,3.0
3000023,培养,牛仔,2023-12-13,3.0
3000023,培养,牛仔,2023-12-14,3.0
3000023,培养,牛仔,2023-12-15,3.0
3000023,培养,牛仔,2023-12-16,3.0
3000023,培养,牛仔,2023-12-18,3.0
3000023,培养,牛仔,2023-12-19,3.0
3000023,培养,牛仔,2023-12-20,3.0
3000023,培养,牛仔,2023-12-21,3.0
3000023,培养,牛仔,2023-12-22,3.0
3000023,培养,牛仔,2023-12-23,3.0
3000023,培养,牛仔,2023-12-25,3.0
3000023,培养,牛仔,2023-12-26,3.0
3000023,培养,牛仔,2023-12-27,3.0
3000023,培养,牛仔,2023-12-28,3.0
3000023,培养,牛仔,2023-12-29,3.0
3000023,培养,牛仔,2023-12-30,3.0
3000064,核心,牛仔,2022-08-01,4.0
3000064,核心,牛仔,2022-08-02,4.0
3000064,核心,牛仔,2022-08-03,4.0
3000064,核心,牛仔,2022-08-04,4.0
3000064,核心,牛仔,2022-08-05,4.0
3000064,核心,牛仔,2022-08-06,4.0
3000064,核心,牛仔,2022-08-08,4.0
3000064,核心,牛仔,2022-08-09,4.0
3000064,核心,牛仔,2022-08-10,4.0
3000064,核心,牛仔,2022-08-11,4.0
3000064,核心,牛仔,2022-08-12,4.0
3000064,核心,牛仔,2022-08-13,4.0
3000064,核心,牛仔,2022-08-15,4.0
3000064,核心,牛仔,2022-08-16,4.0
3000064,核心,牛仔,2022-08-17,4.0
3000064,核心,牛仔,2022-08-18,4.0
3000064,核心,牛仔,2022-08-19,4.0
3000064,核心,牛仔,2022-08-20,4.0
3000064,核心,牛仔,2022-08-22,4.0
3000064,核心,牛仔,2022-08-23,4.0
3000064,核心,牛仔,2022-08-24,4.0
3000064,核心,牛仔,2022-08-25,4.0
3000064,核心,牛仔,2022-08-26,4.0
3000064,核心,牛仔,2022-08-27,4.0
3000064,核心,牛仔,2022-08-29,4.0
3000064,核心,牛仔,2022-08-30,4.0
3000064,核心,牛仔,2022-08-31,4.0
3000064,核心,牛仔,2022-09-01,4.0
3000064,核心,牛仔,2022-09-02,4.0
3000064,核心,牛仔,2022-09-03,4.0
3000064,核心,牛仔,2022-09-05,4.0
3000064,核心,牛仔,2022-09-06,4.0
3000064,核心,牛仔,2022-09-07,4.0
3000064,核心,牛仔,2022-09-08,4.0
3000064,核心,牛仔,2022-09-09,4.0
3000064,核心,牛仔,2022-09-10,4.0
3000064,核心,牛仔,2022-09-12,4.0
3000064,核心,牛仔,2022-09-13,4.0
3000064,核心,牛仔,2022-09-14,4.0
3000064,核心,牛仔,2022-09-15,4.0
3000064,核心,牛仔,2022-09-16,4.0
3000064,核心,牛仔,2022-09-17,4.0
3000064,核心,牛仔,2022-09-19,4.0
3000064,核心,牛仔,2022-09-20,4.0
3000064,核心,牛仔,2022-09-21,4.0
3000064,核心,牛仔,2022-09-22,4.0
3000064,核心,牛仔,2022-09-23,4.0
3000064,核心,牛仔,2022-09-24,4.0
3000064,核心,牛仔,2022-09-26,4.0
3000064,核心,牛仔,2022-09-27,4.0
3000064,核心,牛仔,2022-09-28,4.0
3000064,核心,牛仔,2022-09-29,4.0
3000064,核心,牛仔,2022-09-30,4.0
3000064,核心,牛仔,2022-10-08,13.0
3000064,核心,牛仔,2022-10-10,13.0
3000064,核心,牛仔,2022-10-11,13.0
3000064,核心,牛仔,2022-10-12,13.0
3000064,核心,牛仔,2022-10-13,13.0
3000064,核心,牛仔,2022-10-14,13.0
3000064,核心,牛仔,2022-10-15,13.0
3000064,核心,牛仔,2022-10-17,13.0
3000064,核心,牛仔,2022-10-18,13.0
3000064,核心,牛仔,2022-10-19,13.0
3000064,核心,牛仔,2022-10-20,13.0
3000064,核心,牛仔,2022-10-21,13.0
3000064,核心,牛仔,2022-10-22,13.0
3000064,核心,牛仔,2022-10-24,13.0
3000064,核心,牛仔,2022-10-25,13.0
3000064,核心,牛仔,2022-10-26,13.0
3000064,核心,牛仔,2022-10-27,13.0
3000064,核心,牛仔,2022-10-28,13.0
3000064,核心,牛仔,2022-10-29,13.0
3000064,核心,牛仔,2022-10-31,13.0
3000064,核心,牛仔,2022-11-01,10.0
3000064,核心,牛仔,2022-11-02,10.0
3000064,核心,牛仔,2022-11-03,10.0
3000064,核心,牛仔,2022-11-04,10.0
3000064,核心,牛仔,2022-11-05,10.0
3000064,核心,牛仔,2022-11-07,10.0
3000064,核心,牛仔,2022-11-08,10.0
3000064,核心,牛仔,2022-11-09,10.0
3000064,核心,牛仔,2022-11-10,10.0
3000064,核心,牛仔,2022-11-11,10.0
3000064,核心,牛仔,2022-11-12,10.0
3000064,核心,牛仔,2022-11-14,10.0
3000064,核心,牛仔,2022-11-15,10.0
3000064,核心,牛仔,2022-11-16,10.0
3000064,核心,牛仔,2022-11-17,10.0
3000064,核心,牛仔,2022-11-18,10.0
3000064,核心,牛仔,2022-11-19,10.0
3000064,核心,牛仔,2022-11-21,10.0
3000064,核心,牛仔,2022-11-22,10.0
3000064,核心,牛仔,2022-11-23,10.0
3000064,核心,牛仔,2022-11-24,10.0
3000064,核心,牛仔,2022-11-25,10.0
3000064,核心,牛仔,2022-11-26,10.0
3000064,核心,牛仔,2022-11-28,10.0
3000064,核心,牛仔,2022-11-29,10.0
3000064,核心,牛仔,2022-11-30,10.0
3000064,核心,牛仔,2022-12-01,93464.0
3000064,核心,牛仔,2022-12-02,93464.0
3000064,核心,牛仔,2022-12-03,93464.0
3000064,核心,牛仔,2022-12-05,93464.0
3000064,核心,牛仔,2022-12-06,93464.0
3000064,核心,牛仔,2022-12-07,93464.0
3000064,核心,牛仔,2022-12-08,93464.0
3000064,核心,牛仔,2022-12-09,93464.0
3000064,核心,牛仔,2022-12-10,93464.0
3000064,核心,牛仔,2022-12-12,93464.0
3000064,核心,牛仔,2022-12-13,93464.0
3000064,核心,牛仔,2022-12-14,93464.0
3000064,核心,牛仔,2022-12-15,93464.0
3000064,核心,牛仔,2022-12-16,93464.0
3000064,核心,牛仔,2022-12-17,93464.0
3000064,核心,牛仔,2022-12-19,93464.0
3000064,核心,牛仔,2022-12-20,93464.0
3000064,核心,牛仔,2022-12-21,93464.0
3000064,核心,牛仔,2022-12-22,93464.0
3000064,核心,牛仔,2022-12-23,93464.0
3000064,核心,牛仔,2022-12-24,93464.0
3000064,核心,牛仔,2022-12-26,93464.0
3000064,核心,牛仔,2022-12-27,93464.0
3000064,核心,牛仔,2022-12-28,93464.0
3000064,核心,牛仔,2022-12-29,93464.0
3000064,核心,牛仔,2022-12-30,93464.0
3000064,核心,牛仔,2022-12-31,93464.0
3000064,核心,牛仔,2023-01-02,18.0
3000064,核心,牛仔,2023-01-03,18.0
3000064,核心,牛仔,2023-01-04,18.0
3000064,核心,牛仔,2023-01-05,18.0
3000064,核心,牛仔,2023-01-06,18.0
3000064,核心,牛仔,2023-02-06,6.0
3000064,核心,牛仔,2023-02-07,6.0
3000064,核心,牛仔,2023-02-08,6.0
3000064,核心,牛仔,2023-02-09,6.0
3000064,核心,牛仔,2023-02-10,6.0
3000064,核心,牛仔,2023-02-11,6.0
3000064,核心,牛仔,2023-02-13,6.0
3000064,核心,牛仔,2023-02-14,6.0
3000064,核心,牛仔,2023-02-15,6.0
3000064,核心,牛仔,2023-02-16,6.0
3000064,核心,牛仔,2023-02-17,6.0
3000064,核心,牛仔,2023-02-18,6.0
3000064,核心,牛仔,2023-02-20,6.0
3000064,核心,牛仔,2023-02-21,6.0
3000064,核心,牛仔,2023-02-22,6.0
3000064,核心,牛仔,2023-02-23,6.0
3000064,核心,牛仔,2023-02-24,6.0
3000064,核心,牛仔,2023-02-25,6.0
3000064,核心,牛仔,2023-02-27,6.0
3000064,核心,牛仔,2023-02-28,6.0
3000064,核心,牛仔,2023-03-01,7.0
3000064,核心,牛仔,2023-03-02,7.0
3000064,核心,牛仔,2023-03-03,7.0
3000064,核心,牛仔,2023-03-04,7.0
3000064,核心,牛仔,2023-03-06,7.0
3000064,核心,牛仔,2023-03-07,7.0
3000064,核心,牛仔,2023-03-08,7.0
3000064,核心,牛仔,2023-03-09,7.0
3000064,核心,牛仔,2023-03-10,7.0
3000064,核心,牛仔,2023-03-11,7.0
3000064,核心,牛仔,2023-03-13,7.0
3000064,核心,牛仔,2023-03-14,7.0
3000064,核心,牛仔,2023-03-15,7.0
3000064,核心,牛仔,2023-03-16,7.0
3000064,核心,牛仔,2023-03-17,7.0
3000064,核心,牛仔,2023-03-18,7.0
3000064,核心,牛仔,2023-03-20,7.0
3000064,核心,牛仔,2023-03-21,7.0
3000064,核心,牛仔,2023-03-22,7.0
3000064,核心,牛仔,2023-03-23,7.0
3000064,核心,牛仔,2023-03-24,7.0
3000064,核心,牛仔,2023-03-25,7.0
3000064,核心,牛仔,2023-03-27,7.0
3000064,核心,牛仔,2023-03-28,7.0
3000064,核心,牛仔,2023-03-29,7.0
3000064,核心,牛仔,2023-03-30,7.0
3000064,核心,牛仔,2023-03-31,7.0
3000064,核心,牛仔,2023-04-01,8.0
3000064,核心,牛仔,2023-04-03,8.0
3000064,核心,牛仔,2023-04-04,8.0
3000064,核心,牛仔,2023-04-05,8.0
3000064,核心,牛仔,2023-04-06,8.0
3000064,核心,牛仔,2023-04-07,8.0
3000064,核心,牛仔,2023-04-08,8.0
3000064,核心,牛仔,2023-04-10,8.0
3000064,核心,牛仔,2023-04-11,8.0
3000064,核心,牛仔,2023-04-12,8.0
3000064,核心,牛仔,2023-04-13,8.0
3000064,核心,牛仔,2023-04-14,8.0
3000064,核心,牛仔,2023-04-15,8.0
3000064,核心,牛仔,2023-04-17,8.0
3000064,核心,牛仔,2023-04-18,8.0
3000064,核心,牛仔,2023-04-19,8.0
3000064,核心,牛仔,2023-04-20,8.0
3000064,核心,牛仔,2023-04-21,8.0
3000064,核心,牛仔,2023-04-22,8.0
3000064,核心,牛仔,2023-04-24,8.0
3000064,核心,牛仔,2023-04-25,8.0
3000064,核心,牛仔,2023-04-26,8.0
3000064,核心,牛仔,2023-04-27,8.0
3000064,核心,牛仔,2023-04-28,8.0
3000064,核心,牛仔,2023-04-29,8.0
3000064,核心,牛仔,2023-05-01,7.0
3000064,核心,牛仔,2023-05-02,7.0
3000064,核心,牛仔,2023-05-03,7.0
3000064,核心,牛仔,2023-05-04,7.0
3000064,核心,牛仔,2023-05-05,7.0
3000064,核心,牛仔,2023-05-06,7.0
3000064,核心,牛仔,2023-05-08,7.0
3000064,核心,牛仔,2023-05-09,7.0
3000064,核心,牛仔,2023-05-10,7.0
3000064,核心,牛仔,2023-05-11,7.0
3000064,核心,牛仔,2023-05-12,7.0
3000064,核心,牛仔,2023-05-13,7.0
3000064,核心,牛仔,2023-05-15,7.0
3000064,核心,牛仔,2023-05-16,7.0
3000064,核心,牛仔,2023-05-17,7.0
3000064,核心,牛仔,2023-05-18,7.0
3000064,核心,牛仔,2023-05-19,7.0
3000064,核心,牛仔,2023-05-20,7.0
3000064,核心,牛仔,2023-05-22,7.0
3000064,核心,牛仔,2023-05-23,7.0
3000064,核心,牛仔,2023-05-24,7.0
3000064,核心,牛仔,2023-05-25,7.0
3000064,核心,牛仔,2023-05-26,7.0
3000064,核心,牛仔,2023-05-27,7.0
3000064,核心,牛仔,2023-05-29,7.0
3000064,核心,牛仔,2023-05-30,7.0
3000064,核心,牛仔,2023-05-31,7.0
3000064,核心,牛仔,2023-06-01,7.0
3000064,核心,牛仔,2023-06-02,7.0
3000064,核心,牛仔,2023-06-03,7.0
3000064,核心,牛仔,2023-06-05,7.0
3000064,核心,牛仔,2023-06-06,7.0
3000064,核心,牛仔,2023-06-07,7.0
3000064,核心,牛仔,2023-06-08,7.0
3000064,核心,牛仔,2023-06-09,7.0
3000064,核心,牛仔,2023-06-10,7.0
3000064,核心,牛仔,2023-06-12,7.0
3000064,核心,牛仔,2023-06-13,7.0
3000064,核心,牛仔,2023-06-14,7.0
3000064,核心,牛仔,2023-06-15,7.0
3000064,核心,牛仔,2023-06-16,7.0
3000064,核心,牛仔,2023-06-17,7.0
3000064,核心,牛仔,2023-06-19,7.0
3000064,核心,牛仔,2023-06-20,7.0
3000064,核心,牛仔,2023-06-21,7.0
3000064,核心,牛仔,2023-06-22,7.0
3000064,核心,牛仔,2023-06-23,7.0
3000064,核心,牛仔,2023-06-24,7.0
3000064,核心,牛仔,2023-06-26,7.0
3000064,核心,牛仔,2023-06-27,7.0
3000064,核心,牛仔,2023-06-28,7.0
3000064,核心,牛仔,2023-06-29,7.0
3000064,核心,牛仔,2023-06-30,7.0
3000064,核心,牛仔,2023-07-01,7.0
3000064,核心,牛仔,2023-07-03,7.0
3000064,核心,牛仔,2023-07-04,7.0
3000064,核心,牛仔,2023-07-05,7.0
3000064,核心,牛仔,2023-07-06,7.0
3000064,核心,牛仔,2023-07-07,7.0
3000064,核心,牛仔,2023-07-08,7.0
3000064,核心,牛仔,2023-07-10,7.0
3000064,核心,牛仔,2023-07-11,7.0
3000064,核心,牛仔,2023-07-12,7.0
3000064,核心,牛仔,2023-07-13,7.0
3000064,核心,牛仔,2023-07-14,7.0
3000064,核心,牛仔,2023-07-15,7.0
3000064,核心,牛仔,2023-07-17,7.0
3000064,核心,牛仔,2023-07-18,7.0
3000064,核心,牛仔,2023-07-19,7.0
3000064,核心,牛仔,2023-07-20,7.0
3000064,核心,牛仔,2023-07-21,7.0
3000064,核心,牛仔,2023-07-22,7.0
3000064,核心,牛仔,2023-07-24,7.0
3000064,核心,牛仔,2023-07-25,7.0
3000064,核心,牛仔,2023-07-26,7.0
3000064,核心,牛仔,2023-07-27,7.0
3000064,核心,牛仔,2023-07-28,7.0
3000064,核心,牛仔,2023-07-29,7.0
3000064,核心,牛仔,2023-07-31,7.0
3000064,核心,牛仔,2023-08-01,7.0
3000064,核心,牛仔,2023-08-02,7.0
3000064,核心,牛仔,2023-08-03,7.0
3000064,核心,牛仔,2023-08-04,7.0
3000064,核心,牛仔,2023-08-05,7.0
3000064,核心,牛仔,2023-08-07,7.0
3000064,核心,牛仔,2023-08-08,7.0
3000064,核心,牛仔,2023-08-09,7.0
3000064,核心,牛仔,2023-08-10,7.0
3000064,核心,牛仔,2023-08-11,7.0
3000064,核心,牛仔,2023-08-12,7.0
3000064,核心,牛仔,2023-08-14,7.0
3000064,核心,牛仔,2023-08-15,7.0
3000064,核心,牛仔,2023-08-16,7.0
3000064,核心,牛仔,2023-08-17,7.0
3000064,核心,牛仔,2023-08-18,7.0
3000064,核心,牛仔,2023-08-19,7.0
3000064,核心,牛仔,2023-08-21,7.0
3000064,核心,牛仔,2023-08-22,7.0
3000064,核心,牛仔,2023-08-23,7.0
3000064,核心,牛仔,2023-08-24,7.0
3000064,核心,牛仔,2023-08-25,7.0
3000064,核心,牛仔,2023-08-26,7.0
3000064,核心,牛仔,2023-08-28,7.0
3000064,核心,牛仔,2023-08-29,7.0
3000064,核心,牛仔,2023-08-30,7.0
3000064,核心,牛仔,2023-08-31,7.0
3000064,核心,牛仔,2023-09-01,7.0
3000064,核心,牛仔,2023-09-02,7.0
3000064,核心,牛仔,2023-09-04,7.0
3000064,核心,牛仔,2023-09-05,7.0
3000064,核心,牛仔,2023-09-06,7.0
3000064,核心,牛仔,2023-09-07,7.0
3000064,核心,牛仔,2023-09-08,7.0
3000064,核心,牛仔,2023-09-09,7.0
3000064,核心,牛仔,2023-09-11,7.0
3000064,核心,牛仔,2023-09-12,7.0
3000064,核心,牛仔,2023-09-13,7.0
3000064,核心,牛仔,2023-09-14,7.0
3000064,核心,牛仔,2023-09-15,7.0
3000064,核心,牛仔,2023-09-16,7.0
3000064,核心,牛仔,2023-09-18,7.0
3000064,核心,牛仔,2023-09-19,7.0
3000064,核心,牛仔,2023-09-20,7.0
3000064,核心,牛仔,2023-09-21,7.0
3000064,核心,牛仔,2023-09-22,7.0
3000064,核心,牛仔,2023-09-23,7.0
3000064,核心,牛仔,2023-09-25,7.0
3000064,核心,牛仔,2023-09-26,7.0
3000064,核心,牛仔,2023-09-27,7.0
3000064,核心,牛仔,2023-09-28,7.0
3000064,核心,牛仔,2023-09-29,7.0
3000064,核心,牛仔,2023-09-30,7.0
3000064,核心,牛仔,2023-10-02,10.0
3000064,核心,牛仔,2023-10-03,10.0
3000064,核心,牛仔,2023-10-04,10.0
3000064,核心,牛仔,2023-10-05,10.0
3000064,核心,牛仔,2023-10-06,10.0
3000064,核心,牛仔,2023-10-07,10.0
3000064,核心,牛仔,2023-10-09,10.0
3000064,核心,牛仔,2023-10-10,10.0
3000064,核心,牛仔,2023-10-11,10.0
3000064,核心,牛仔,2023-10-12,10.0
3000064,核心,牛仔,2023-10-13,10.0
3000064,核心,牛仔,2023-10-14,10.0
3000064,核心,牛仔,2023-10-16,10.0
3000064,核心,牛仔,2023-10-17,10.0
3000064,核心,牛仔,2023-10-18,10.0
3000064,核心,牛仔,2023-10-19,10.0
3000064,核心,牛仔,2023-10-20,10.0
3000064,核心,牛仔,2023-10-21,10.0
3000064,核心,牛仔,2023-10-23,10.0
3000064,核心,牛仔,2023-10-24,10.0
3000064,核心,牛仔,2023-10-25,10.0
3000064,核心,牛仔,2023-10-26,10.0
3000064,核心,牛仔,2023-10-27,10.0
3000064,核心,牛仔,2023-10-28,10.0
3000064,核心,牛仔,2023-10-30,10.0
3000064,核心,牛仔,2023-10-31,10.0
3000064,核心,牛仔,2023-11-01,10.0
3000064,核心,牛仔,2023-11-02,10.0
3000064,核心,牛仔,2023-11-03,10.0
3000064,核心,牛仔,2023-11-04,10.0
3000064,核心,牛仔,2023-11-06,10.0
3000064,核心,牛仔,2023-11-07,10.0
3000064,核心,牛仔,2023-11-08,10.0
3000064,核心,牛仔,2023-11-09,10.0
3000064,核心,牛仔,2023-11-10,10.0
3000064,核心,牛仔,2023-11-11,10.0
3000064,核心,牛仔,2023-11-13,10.0
3000064,核心,牛仔,2023-11-14,10.0
3000064,核心,牛仔,2023-11-15,10.0
3000064,核心,牛仔,2023-11-16,10.0
3000064,核心,牛仔,2023-11-17,10.0
3000064,核心,牛仔,2023-11-18,10.0
3000064,核心,牛仔,2023-11-20,10.0
3000064,核心,牛仔,2023-11-21,10.0
3000064,核心,牛仔,2023-11-22,10.0
3000064,核心,牛仔,2023-11-23,10.0
3000064,核心,牛仔,2023-11-24,10.0
3000064,核心,牛仔,2023-11-25,10.0
3000064,核心,牛仔,2023-11-27,10.0
3000064,核心,牛仔,2023-11-28,10.0
3000064,核心,牛仔,2023-11-29,10.0
3000064,核心,牛仔,2023-11-30,10.0
3000064,核心,牛仔,2023-12-01,10.0
3000064,核心,牛仔,2023-12-02,10.0
3000064,核心,牛仔,2023-12-04,10.0
3000064,核心,牛仔,2023-12-05,10.0
3000064,核心,牛仔,2023-12-06,10.0
3000064,核心,牛仔,2023-12-07,10.0
3000064,核心,牛仔,2023-12-08,10.0
3000064,核心,牛仔,2023-12-09,10.0
3000064,核心,牛仔,2023-12-11,10.0
3000064,核心,牛仔,2023-12-12,10.0
3000064,核心,牛仔,2023-12-13,10.0
3000064,核心,牛仔,2023-12-14,10.0
3000064,核心,牛仔,2023-12-15,10.0
3000064,核心,牛仔,2023-12-16,10.0
3000064,核心,牛仔,2023-12-18,10.0
3000064,核心,牛仔,2023-12-19,10.0
3000064,核心,牛仔,2023-12-20,10.0
3000064,核心,牛仔,2023-12-21,10.0
3000064,核心,牛仔,2023-12-22,10.0
3000064,核心,牛仔,2023-12-23,10.0
3000064,核心,牛仔,2023-12-25,10.0
3000064,核心,牛仔,2023-12-26,10.0
3000064,核心,牛仔,2023-12-27,10.0
3000064,核心,牛仔,2023-12-28,10.0
3000064,核心,牛仔,2023-12-29,10.0
3000064,核心,牛仔,2023-12-30,10.0
