machine_id,supplier_id,brand,channel,age_group,fabric_category,item_capacity_group,month,planned_capacity,available_capacity
1573619393760391170,3000040,巴拉巴拉,巴拉巴拉线上,婴童,针织,针织大类,2022-08,0,0
1573619393760391170,3000040,巴拉巴拉,巴拉巴拉线上,婴童,针织,针织大类,2022-09,0,0
1573619393760391170,3000040,巴拉巴拉,巴拉巴拉线上,婴童,针织,针织大类,2022-10,0,0
1573619393760391170,3000040,巴拉巴拉,巴拉巴拉线上,婴童,针织,针织大类,2022-11,0,0
1573619393760391170,3000040,巴拉巴拉,巴拉巴拉线上,婴童,针织,针织大类,2022-12,0,0
1573619393760391170,3000040,巴拉巴拉,巴拉巴拉线上,婴童,针织,针织大类,2023-01,0,0
1573619393760391170,3000040,巴拉巴拉,巴拉巴拉线上,婴童,针织,针织大类,2023-02,0,0
1573619393760391170,3000040,巴拉巴拉,巴拉巴拉线上,婴童,针织,针织大类,2023-03,0,0
1573619393760391170,3000040,巴拉巴拉,巴拉巴拉线上,婴童,针织,针织大类,2023-04,0,0
1573619393760391170,3000040,巴拉巴拉,巴拉巴拉线上,婴童,针织,针织大类,2023-05,0,0
1573619393760391170,3000040,巴拉巴拉,巴拉巴拉线上,婴童,针织,针织大类,2023-06,0,0
1573619393760391170,3000040,巴拉巴拉,巴拉巴拉线上,婴童,针织,针织大类,2023-07,0,0
1573619393760391170,3000040,巴拉巴拉,巴拉巴拉线上,婴童,针织,针织大类,2023-08,0,0
1573619393760391170,3000040,巴拉巴拉,巴拉巴拉线上,婴童,针织,针织大类,2023-09,0,0
1573619393760391170,3000040,巴拉巴拉,巴拉巴拉线上,婴童,针织,针织大类,2023-10,0,0
1573619393760391170,3000040,巴拉巴拉,巴拉巴拉线上,婴童,针织,针织大类,2023-11,0,0
1573619393760391170,3000040,巴拉巴拉,巴拉巴拉线上,婴童,针织,针织大类,2023-12,0,0
1573619390325256193,3000040,巴拉巴拉,巴拉巴拉线上,非婴童,针织,针织大类,2022-08,0,0
1573619390325256193,3000040,巴拉巴拉,巴拉巴拉线上,非婴童,针织,针织大类,2022-09,35,43
1573619390325256193,3000040,巴拉巴拉,巴拉巴拉线上,非婴童,针织,针织大类,2022-10,35,43
1573619390325256193,3000040,巴拉巴拉,巴拉巴拉线上,非婴童,针织,针织大类,2022-11,35,43
1573619390325256193,3000040,巴拉巴拉,巴拉巴拉线上,非婴童,针织,针织大类,2022-12,35,43
1573619390325256193,3000040,巴拉巴拉,巴拉巴拉线上,非婴童,针织,针织大类,2023-01,0,0
1573619390325256193,3000040,巴拉巴拉,巴拉巴拉线上,非婴童,针织,针织大类,2023-02,0,0
1573619390325256193,3000040,巴拉巴拉,巴拉巴拉线上,非婴童,针织,针织大类,2023-03,0,0
1573619390325256193,3000040,巴拉巴拉,巴拉巴拉线上,非婴童,针织,针织大类,2023-04,0,0
1573619390325256193,3000040,巴拉巴拉,巴拉巴拉线上,非婴童,针织,针织大类,2023-05,0,0
1573619390325256193,3000040,巴拉巴拉,巴拉巴拉线上,非婴童,针织,针织大类,2023-06,0,0
1573619390325256193,3000040,巴拉巴拉,巴拉巴拉线上,非婴童,针织,针织大类,2023-07,0,0
1573619390325256193,3000040,巴拉巴拉,巴拉巴拉线上,非婴童,针织,针织大类,2023-08,0,0
1573619390325256193,3000040,巴拉巴拉,巴拉巴拉线上,非婴童,针织,针织大类,2023-09,0,0
1573619390325256193,3000040,巴拉巴拉,巴拉巴拉线上,非婴童,针织,针织大类,2023-10,0,0
1573619390325256193,3000040,巴拉巴拉,巴拉巴拉线上,非婴童,针织,针织大类,2023-11,0,0
1573619390325256193,3000040,巴拉巴拉,巴拉巴拉线上,非婴童,针织,针织大类,2023-12,0,0
1573619390371393538,3000040,巴拉巴拉,巴拉巴拉线下,婴童,针织,针织大类,2022-08,0,0
1573619390371393538,3000040,巴拉巴拉,巴拉巴拉线下,婴童,针织,针织大类,2022-09,9,11
1573619390371393538,3000040,巴拉巴拉,巴拉巴拉线下,婴童,针织,针织大类,2022-10,9,11
1573619390371393538,3000040,巴拉巴拉,巴拉巴拉线下,婴童,针织,针织大类,2022-11,9,11
1573619390371393538,3000040,巴拉巴拉,巴拉巴拉线下,婴童,针织,针织大类,2022-12,9,11
1573619390371393538,3000040,巴拉巴拉,巴拉巴拉线下,婴童,针织,针织大类,2023-01,0,0
1573619390371393538,3000040,巴拉巴拉,巴拉巴拉线下,婴童,针织,针织大类,2023-02,0,0
1573619390371393538,3000040,巴拉巴拉,巴拉巴拉线下,婴童,针织,针织大类,2023-03,0,0
1573619390371393538,3000040,巴拉巴拉,巴拉巴拉线下,婴童,针织,针织大类,2023-04,0,0
1573619390371393538,3000040,巴拉巴拉,巴拉巴拉线下,婴童,针织,针织大类,2023-05,0,0
1573619390371393538,3000040,巴拉巴拉,巴拉巴拉线下,婴童,针织,针织大类,2023-06,0,0
1573619390371393538,3000040,巴拉巴拉,巴拉巴拉线下,婴童,针织,针织大类,2023-07,0,0
1573619390371393538,3000040,巴拉巴拉,巴拉巴拉线下,婴童,针织,针织大类,2023-08,0,0
1573619390371393538,3000040,巴拉巴拉,巴拉巴拉线下,婴童,针织,针织大类,2023-09,0,0
1573619390371393538,3000040,巴拉巴拉,巴拉巴拉线下,婴童,针织,针织大类,2023-10,0,0
1573619390371393538,3000040,巴拉巴拉,巴拉巴拉线下,婴童,针织,针织大类,2023-11,0,0
1573619390371393538,3000040,巴拉巴拉,巴拉巴拉线下,婴童,针织,针织大类,2023-12,0,0
1573619396365053954,3000040,巴拉巴拉,巴拉巴拉线下,非婴童,针织,针织大类,2022-08,0,0
1573619396365053954,3000040,巴拉巴拉,巴拉巴拉线下,非婴童,针织,针织大类,2022-09,48,58
1573619396365053954,3000040,巴拉巴拉,巴拉巴拉线下,非婴童,针织,针织大类,2022-10,48,58
1573619396365053954,3000040,巴拉巴拉,巴拉巴拉线下,非婴童,针织,针织大类,2022-11,48,58
1573619396365053954,3000040,巴拉巴拉,巴拉巴拉线下,非婴童,针织,针织大类,2022-12,48,58
1573619396365053954,3000040,巴拉巴拉,巴拉巴拉线下,非婴童,针织,针织大类,2023-01,0,0
1573619396365053954,3000040,巴拉巴拉,巴拉巴拉线下,非婴童,针织,针织大类,2023-02,0,0
1573619396365053954,3000040,巴拉巴拉,巴拉巴拉线下,非婴童,针织,针织大类,2023-03,0,0
1573619396365053954,3000040,巴拉巴拉,巴拉巴拉线下,非婴童,针织,针织大类,2023-04,0,0
1573619396365053954,3000040,巴拉巴拉,巴拉巴拉线下,非婴童,针织,针织大类,2023-05,0,0
1573619396365053954,3000040,巴拉巴拉,巴拉巴拉线下,非婴童,针织,针织大类,2023-06,0,0
1573619396365053954,3000040,巴拉巴拉,巴拉巴拉线下,非婴童,针织,针织大类,2023-07,0,0
1573619396365053954,3000040,巴拉巴拉,巴拉巴拉线下,非婴童,针织,针织大类,2023-08,0,0
1573619396365053954,3000040,巴拉巴拉,巴拉巴拉线下,非婴童,针织,针织大类,2023-09,0,0
1573619396365053954,3000040,巴拉巴拉,巴拉巴拉线下,非婴童,针织,针织大类,2023-10,0,0
1573619396365053954,3000040,巴拉巴拉,巴拉巴拉线下,非婴童,针织,针织大类,2023-11,0,0
1573619396365053954,3000040,巴拉巴拉,巴拉巴拉线下,非婴童,针织,针织大类,2023-12,0,0
1573619395668799490,3000303,巴拉巴拉,巴拉巴拉线下,非婴童,针织,针织大类,2022-08,0,0
1573619395668799490,3000303,巴拉巴拉,巴拉巴拉线下,非婴童,针织,针织大类,2022-09,0,0
1573619395668799490,3000303,巴拉巴拉,巴拉巴拉线下,非婴童,针织,针织大类,2022-10,0,0
1573619395668799490,3000303,巴拉巴拉,巴拉巴拉线下,非婴童,针织,针织大类,2022-11,0,0
1573619395668799490,3000303,巴拉巴拉,巴拉巴拉线下,非婴童,针织,针织大类,2022-12,0,0
1573619395668799490,3000303,巴拉巴拉,巴拉巴拉线下,非婴童,针织,针织大类,2023-01,0,0
1573619395668799490,3000303,巴拉巴拉,巴拉巴拉线下,非婴童,针织,针织大类,2023-02,0,0
1573619395668799490,3000303,巴拉巴拉,巴拉巴拉线下,非婴童,针织,针织大类,2023-03,0,0
1573619395668799490,3000303,巴拉巴拉,巴拉巴拉线下,非婴童,针织,针织大类,2023-04,0,0
1573619395668799490,3000303,巴拉巴拉,巴拉巴拉线下,非婴童,针织,针织大类,2023-05,0,0
1573619395668799490,3000303,巴拉巴拉,巴拉巴拉线下,非婴童,针织,针织大类,2023-06,0,0
1573619395668799490,3000303,巴拉巴拉,巴拉巴拉线下,非婴童,针织,针织大类,2023-07,0,0
1573619395668799490,3000303,巴拉巴拉,巴拉巴拉线下,非婴童,针织,针织大类,2023-08,0,0
1573619395668799490,3000303,巴拉巴拉,巴拉巴拉线下,非婴童,针织,针织大类,2023-09,0,0
1573619395668799490,3000303,巴拉巴拉,巴拉巴拉线下,非婴童,针织,针织大类,2023-10,0,0
1573619395668799490,3000303,巴拉巴拉,巴拉巴拉线下,非婴童,针织,针织大类,2023-11,0,0
1573619395668799490,3000303,巴拉巴拉,巴拉巴拉线下,非婴童,针织,针织大类,2023-12,0,0
1573619393949134849,3000333,巴拉巴拉,巴拉巴拉线上,婴童,针织,针织大类,2022-08,0,0
1573619393949134849,3000333,巴拉巴拉,巴拉巴拉线上,婴童,针织,针织大类,2022-09,18,22
1573619393949134849,3000333,巴拉巴拉,巴拉巴拉线上,婴童,针织,针织大类,2022-10,18,22
1573619393949134849,3000333,巴拉巴拉,巴拉巴拉线上,婴童,针织,针织大类,2022-11,18,22
1573619393949134849,3000333,巴拉巴拉,巴拉巴拉线上,婴童,针织,针织大类,2022-12,18,22
1573619393949134849,3000333,巴拉巴拉,巴拉巴拉线上,婴童,针织,针织大类,2023-01,0,0
1573619393949134849,3000333,巴拉巴拉,巴拉巴拉线上,婴童,针织,针织大类,2023-02,0,0
1573619393949134849,3000333,巴拉巴拉,巴拉巴拉线上,婴童,针织,针织大类,2023-03,0,0
1573619393949134849,3000333,巴拉巴拉,巴拉巴拉线上,婴童,针织,针织大类,2023-04,0,0
1573619393949134849,3000333,巴拉巴拉,巴拉巴拉线上,婴童,针织,针织大类,2023-05,0,0
1573619393949134849,3000333,巴拉巴拉,巴拉巴拉线上,婴童,针织,针织大类,2023-06,0,0
1573619393949134849,3000333,巴拉巴拉,巴拉巴拉线上,婴童,针织,针织大类,2023-07,0,0
1573619393949134849,3000333,巴拉巴拉,巴拉巴拉线上,婴童,针织,针织大类,2023-08,0,0
1573619393949134849,3000333,巴拉巴拉,巴拉巴拉线上,婴童,针织,针织大类,2023-09,0,0
1573619393949134849,3000333,巴拉巴拉,巴拉巴拉线上,婴童,针织,针织大类,2023-10,0,0
1573619393949134849,3000333,巴拉巴拉,巴拉巴拉线上,婴童,针织,针织大类,2023-11,0,0
1573619393949134849,3000333,巴拉巴拉,巴拉巴拉线上,婴童,针织,针织大类,2023-12,0,0
1573619390560137217,3000333,巴拉巴拉,巴拉巴拉线上,非婴童,针织,针织大类,2022-08,0,0
1573619390560137217,3000333,巴拉巴拉,巴拉巴拉线上,非婴童,针织,针织大类,2022-09,32,38
1573619390560137217,3000333,巴拉巴拉,巴拉巴拉线上,非婴童,针织,针织大类,2022-10,32,38
1573619390560137217,3000333,巴拉巴拉,巴拉巴拉线上,非婴童,针织,针织大类,2022-11,32,38
1573619390560137217,3000333,巴拉巴拉,巴拉巴拉线上,非婴童,针织,针织大类,2022-12,32,38
1573619390560137217,3000333,巴拉巴拉,巴拉巴拉线上,非婴童,针织,针织大类,2023-01,0,0
1573619390560137217,3000333,巴拉巴拉,巴拉巴拉线上,非婴童,针织,针织大类,2023-02,0,0
1573619390560137217,3000333,巴拉巴拉,巴拉巴拉线上,非婴童,针织,针织大类,2023-03,0,0
1573619390560137217,3000333,巴拉巴拉,巴拉巴拉线上,非婴童,针织,针织大类,2023-04,0,0
1573619390560137217,3000333,巴拉巴拉,巴拉巴拉线上,非婴童,针织,针织大类,2023-05,0,0
1573619390560137217,3000333,巴拉巴拉,巴拉巴拉线上,非婴童,针织,针织大类,2023-06,0,0
1573619390560137217,3000333,巴拉巴拉,巴拉巴拉线上,非婴童,针织,针织大类,2023-07,0,0
1573619390560137217,3000333,巴拉巴拉,巴拉巴拉线上,非婴童,针织,针织大类,2023-08,0,0
1573619390560137217,3000333,巴拉巴拉,巴拉巴拉线上,非婴童,针织,针织大类,2023-09,0,0
1573619390560137217,3000333,巴拉巴拉,巴拉巴拉线上,非婴童,针织,针织大类,2023-10,0,0
1573619390560137217,3000333,巴拉巴拉,巴拉巴拉线上,非婴童,针织,针织大类,2023-11,0,0
1573619390560137217,3000333,巴拉巴拉,巴拉巴拉线上,非婴童,针织,针织大类,2023-12,0,0
1573619390933430274,3000333,巴拉巴拉,巴拉巴拉线下,婴童,针织,针织大类,2022-08,0,0
1573619390933430274,3000333,巴拉巴拉,巴拉巴拉线下,婴童,针织,针织大类,2022-09,7,9
1573619390933430274,3000333,巴拉巴拉,巴拉巴拉线下,婴童,针织,针织大类,2022-10,7,9
1573619390933430274,3000333,巴拉巴拉,巴拉巴拉线下,婴童,针织,针织大类,2022-11,7,9
1573619390933430274,3000333,巴拉巴拉,巴拉巴拉线下,婴童,针织,针织大类,2022-12,7,9
1573619390933430274,3000333,巴拉巴拉,巴拉巴拉线下,婴童,针织,针织大类,2023-01,0,0
1573619390933430274,3000333,巴拉巴拉,巴拉巴拉线下,婴童,针织,针织大类,2023-02,0,0
1573619390933430274,3000333,巴拉巴拉,巴拉巴拉线下,婴童,针织,针织大类,2023-03,0,0
1573619390933430274,3000333,巴拉巴拉,巴拉巴拉线下,婴童,针织,针织大类,2023-04,0,0
1573619390933430274,3000333,巴拉巴拉,巴拉巴拉线下,婴童,针织,针织大类,2023-05,0,0
1573619390933430274,3000333,巴拉巴拉,巴拉巴拉线下,婴童,针织,针织大类,2023-06,0,0
1573619390933430274,3000333,巴拉巴拉,巴拉巴拉线下,婴童,针织,针织大类,2023-07,0,0
1573619390933430274,3000333,巴拉巴拉,巴拉巴拉线下,婴童,针织,针织大类,2023-08,0,0
1573619390933430274,3000333,巴拉巴拉,巴拉巴拉线下,婴童,针织,针织大类,2023-09,0,0
1573619390933430274,3000333,巴拉巴拉,巴拉巴拉线下,婴童,针织,针织大类,2023-10,0,0
1573619390933430274,3000333,巴拉巴拉,巴拉巴拉线下,婴童,针织,针织大类,2023-11,0,0
1573619390933430274,3000333,巴拉巴拉,巴拉巴拉线下,婴童,针织,针织大类,2023-12,0,0
1573619392619540481,3000333,巴拉巴拉,巴拉巴拉线下,非婴童,针织,针织大类,2022-08,0,0
1573619392619540481,3000333,巴拉巴拉,巴拉巴拉线下,非婴童,针织,针织大类,2022-09,46,56
1573619392619540481,3000333,巴拉巴拉,巴拉巴拉线下,非婴童,针织,针织大类,2022-10,46,56
1573619392619540481,3000333,巴拉巴拉,巴拉巴拉线下,非婴童,针织,针织大类,2022-11,46,56
1573619392619540481,3000333,巴拉巴拉,巴拉巴拉线下,非婴童,针织,针织大类,2022-12,44,53
1573619392619540481,3000333,巴拉巴拉,巴拉巴拉线下,非婴童,针织,针织大类,2023-01,0,0
1573619392619540481,3000333,巴拉巴拉,巴拉巴拉线下,非婴童,针织,针织大类,2023-02,0,0
1573619392619540481,3000333,巴拉巴拉,巴拉巴拉线下,非婴童,针织,针织大类,2023-03,0,0
1573619392619540481,3000333,巴拉巴拉,巴拉巴拉线下,非婴童,针织,针织大类,2023-04,0,0
1573619392619540481,3000333,巴拉巴拉,巴拉巴拉线下,非婴童,针织,针织大类,2023-05,0,0
1573619392619540481,3000333,巴拉巴拉,巴拉巴拉线下,非婴童,针织,针织大类,2023-06,0,0
1573619392619540481,3000333,巴拉巴拉,巴拉巴拉线下,非婴童,针织,针织大类,2023-07,0,0
1573619392619540481,3000333,巴拉巴拉,巴拉巴拉线下,非婴童,针织,针织大类,2023-08,0,0
1573619392619540481,3000333,巴拉巴拉,巴拉巴拉线下,非婴童,针织,针织大类,2023-09,0,0
1573619392619540481,3000333,巴拉巴拉,巴拉巴拉线下,非婴童,针织,针织大类,2023-10,0,0
1573619392619540481,3000333,巴拉巴拉,巴拉巴拉线下,非婴童,针织,针织大类,2023-11,0,0
1573619392619540481,3000333,巴拉巴拉,巴拉巴拉线下,非婴童,针织,针织大类,2023-12,0,0
1573619393135439873,3000546,巴拉巴拉,巴拉巴拉线上,婴童,针织,针织大类,2022-08,0,0
1573619393135439873,3000546,巴拉巴拉,巴拉巴拉线上,婴童,针织,针织大类,2022-09,0,0
1573619393135439873,3000546,巴拉巴拉,巴拉巴拉线上,婴童,针织,针织大类,2022-10,0,0
1573619393135439873,3000546,巴拉巴拉,巴拉巴拉线上,婴童,针织,针织大类,2022-11,0,0
1573619393135439873,3000546,巴拉巴拉,巴拉巴拉线上,婴童,针织,针织大类,2022-12,0,0
1573619393135439873,3000546,巴拉巴拉,巴拉巴拉线上,婴童,针织,针织大类,2023-01,0,0
1573619393135439873,3000546,巴拉巴拉,巴拉巴拉线上,婴童,针织,针织大类,2023-02,0,0
1573619393135439873,3000546,巴拉巴拉,巴拉巴拉线上,婴童,针织,针织大类,2023-03,0,0
1573619393135439873,3000546,巴拉巴拉,巴拉巴拉线上,婴童,针织,针织大类,2023-04,0,0
1573619393135439873,3000546,巴拉巴拉,巴拉巴拉线上,婴童,针织,针织大类,2023-05,0,0
1573619393135439873,3000546,巴拉巴拉,巴拉巴拉线上,婴童,针织,针织大类,2023-06,0,0
1573619393135439873,3000546,巴拉巴拉,巴拉巴拉线上,婴童,针织,针织大类,2023-07,0,0
1573619393135439873,3000546,巴拉巴拉,巴拉巴拉线上,婴童,针织,针织大类,2023-08,0,0
1573619393135439873,3000546,巴拉巴拉,巴拉巴拉线上,婴童,针织,针织大类,2023-09,0,0
1573619393135439873,3000546,巴拉巴拉,巴拉巴拉线上,婴童,针织,针织大类,2023-10,0,0
1573619393135439873,3000546,巴拉巴拉,巴拉巴拉线上,婴童,针织,针织大类,2023-11,0,0
1573619393135439873,3000546,巴拉巴拉,巴拉巴拉线上,婴童,针织,针织大类,2023-12,0,0
1573619395333255169,3000546,巴拉巴拉,巴拉巴拉线上,非婴童,针织,针织大类,2022-08,0,0
1573619395333255169,3000546,巴拉巴拉,巴拉巴拉线上,非婴童,针织,针织大类,2022-09,0,0
1573619395333255169,3000546,巴拉巴拉,巴拉巴拉线上,非婴童,针织,针织大类,2022-10,0,0
1573619395333255169,3000546,巴拉巴拉,巴拉巴拉线上,非婴童,针织,针织大类,2022-11,0,0
1573619395333255169,3000546,巴拉巴拉,巴拉巴拉线上,非婴童,针织,针织大类,2022-12,0,0
1573619395333255169,3000546,巴拉巴拉,巴拉巴拉线上,非婴童,针织,针织大类,2023-01,0,0
1573619395333255169,3000546,巴拉巴拉,巴拉巴拉线上,非婴童,针织,针织大类,2023-02,0,0
1573619395333255169,3000546,巴拉巴拉,巴拉巴拉线上,非婴童,针织,针织大类,2023-03,0,0
1573619395333255169,3000546,巴拉巴拉,巴拉巴拉线上,非婴童,针织,针织大类,2023-04,0,0
1573619395333255169,3000546,巴拉巴拉,巴拉巴拉线上,非婴童,针织,针织大类,2023-05,0,0
1573619395333255169,3000546,巴拉巴拉,巴拉巴拉线上,非婴童,针织,针织大类,2023-06,0,0
1573619395333255169,3000546,巴拉巴拉,巴拉巴拉线上,非婴童,针织,针织大类,2023-07,0,0
1573619395333255169,3000546,巴拉巴拉,巴拉巴拉线上,非婴童,针织,针织大类,2023-08,0,0
1573619395333255169,3000546,巴拉巴拉,巴拉巴拉线上,非婴童,针织,针织大类,2023-09,0,0
1573619395333255169,3000546,巴拉巴拉,巴拉巴拉线上,非婴童,针织,针织大类,2023-10,0,0
1573619395333255169,3000546,巴拉巴拉,巴拉巴拉线上,非婴童,针织,针织大类,2023-11,0,0
1573619395333255169,3000546,巴拉巴拉,巴拉巴拉线上,非婴童,针织,针织大类,2023-12,0,0
1573619395148705793,3000546,巴拉巴拉,巴拉巴拉线下,婴童,针织,针织大类,2022-08,0,0
1573619395148705793,3000546,巴拉巴拉,巴拉巴拉线下,婴童,针织,针织大类,2022-09,0,0
1573619395148705793,3000546,巴拉巴拉,巴拉巴拉线下,婴童,针织,针织大类,2022-10,0,0
1573619395148705793,3000546,巴拉巴拉,巴拉巴拉线下,婴童,针织,针织大类,2022-11,0,0
1573619395148705793,3000546,巴拉巴拉,巴拉巴拉线下,婴童,针织,针织大类,2022-12,0,0
1573619395148705793,3000546,巴拉巴拉,巴拉巴拉线下,婴童,针织,针织大类,2023-01,0,0
1573619395148705793,3000546,巴拉巴拉,巴拉巴拉线下,婴童,针织,针织大类,2023-02,0,0
1573619395148705793,3000546,巴拉巴拉,巴拉巴拉线下,婴童,针织,针织大类,2023-03,0,0
1573619395148705793,3000546,巴拉巴拉,巴拉巴拉线下,婴童,针织,针织大类,2023-04,0,0
1573619395148705793,3000546,巴拉巴拉,巴拉巴拉线下,婴童,针织,针织大类,2023-05,0,0
1573619395148705793,3000546,巴拉巴拉,巴拉巴拉线下,婴童,针织,针织大类,2023-06,0,0
1573619395148705793,3000546,巴拉巴拉,巴拉巴拉线下,婴童,针织,针织大类,2023-07,0,0
1573619395148705793,3000546,巴拉巴拉,巴拉巴拉线下,婴童,针织,针织大类,2023-08,0,0
1573619395148705793,3000546,巴拉巴拉,巴拉巴拉线下,婴童,针织,针织大类,2023-09,0,0
1573619395148705793,3000546,巴拉巴拉,巴拉巴拉线下,婴童,针织,针织大类,2023-10,0,0
1573619395148705793,3000546,巴拉巴拉,巴拉巴拉线下,婴童,针织,针织大类,2023-11,0,0
1573619395148705793,3000546,巴拉巴拉,巴拉巴拉线下,婴童,针织,针织大类,2023-12,0,0
1573619394293067778,3000546,巴拉巴拉,巴拉巴拉线下,非婴童,针织,针织大类,2022-08,0,0
1573619394293067778,3000546,巴拉巴拉,巴拉巴拉线下,非婴童,针织,针织大类,2022-09,19,22
1573619394293067778,3000546,巴拉巴拉,巴拉巴拉线下,非婴童,针织,针织大类,2022-10,19,22
1573619394293067778,3000546,巴拉巴拉,巴拉巴拉线下,非婴童,针织,针织大类,2022-11,19,22
1573619394293067778,3000546,巴拉巴拉,巴拉巴拉线下,非婴童,针织,针织大类,2022-12,19,22
1573619394293067778,3000546,巴拉巴拉,巴拉巴拉线下,非婴童,针织,针织大类,2023-01,0,0
1573619394293067778,3000546,巴拉巴拉,巴拉巴拉线下,非婴童,针织,针织大类,2023-02,0,0
1573619394293067778,3000546,巴拉巴拉,巴拉巴拉线下,非婴童,针织,针织大类,2023-03,0,0
1573619394293067778,3000546,巴拉巴拉,巴拉巴拉线下,非婴童,针织,针织大类,2023-04,0,0
1573619394293067778,3000546,巴拉巴拉,巴拉巴拉线下,非婴童,针织,针织大类,2023-05,0,0
1573619394293067778,3000546,巴拉巴拉,巴拉巴拉线下,非婴童,针织,针织大类,2023-06,0,0
1573619394293067778,3000546,巴拉巴拉,巴拉巴拉线下,非婴童,针织,针织大类,2023-07,0,0
1573619394293067778,3000546,巴拉巴拉,巴拉巴拉线下,非婴童,针织,针织大类,2023-08,0,0
1573619394293067778,3000546,巴拉巴拉,巴拉巴拉线下,非婴童,针织,针织大类,2023-09,0,0
1573619394293067778,3000546,巴拉巴拉,巴拉巴拉线下,非婴童,针织,针织大类,2023-10,0,0
1573619394293067778,3000546,巴拉巴拉,巴拉巴拉线下,非婴童,针织,针织大类,2023-11,0,0
1573619394293067778,3000546,巴拉巴拉,巴拉巴拉线下,非婴童,针织,针织大类,2023-12,0,0
1573619390815989763,3000627,巴拉巴拉,巴拉巴拉线上,婴童,针织,针织大类,2022-08,0,0
1573619390815989763,3000627,巴拉巴拉,巴拉巴拉线上,婴童,针织,针织大类,2022-09,0,0
1573619390815989763,3000627,巴拉巴拉,巴拉巴拉线上,婴童,针织,针织大类,2022-10,0,0
1573619390815989763,3000627,巴拉巴拉,巴拉巴拉线上,婴童,针织,针织大类,2022-11,0,0
1573619390815989763,3000627,巴拉巴拉,巴拉巴拉线上,婴童,针织,针织大类,2022-12,0,0
1573619390815989763,3000627,巴拉巴拉,巴拉巴拉线上,婴童,针织,针织大类,2023-01,0,0
1573619390815989763,3000627,巴拉巴拉,巴拉巴拉线上,婴童,针织,针织大类,2023-02,0,0
1573619390815989763,3000627,巴拉巴拉,巴拉巴拉线上,婴童,针织,针织大类,2023-03,0,0
1573619390815989763,3000627,巴拉巴拉,巴拉巴拉线上,婴童,针织,针织大类,2023-04,0,0
1573619390815989763,3000627,巴拉巴拉,巴拉巴拉线上,婴童,针织,针织大类,2023-05,0,0
1573619390815989763,3000627,巴拉巴拉,巴拉巴拉线上,婴童,针织,针织大类,2023-06,0,0
1573619390815989763,3000627,巴拉巴拉,巴拉巴拉线上,婴童,针织,针织大类,2023-07,0,0
1573619390815989763,3000627,巴拉巴拉,巴拉巴拉线上,婴童,针织,针织大类,2023-08,0,0
1573619390815989763,3000627,巴拉巴拉,巴拉巴拉线上,婴童,针织,针织大类,2023-09,0,0
1573619390815989763,3000627,巴拉巴拉,巴拉巴拉线上,婴童,针织,针织大类,2023-10,0,0
1573619390815989763,3000627,巴拉巴拉,巴拉巴拉线上,婴童,针织,针织大类,2023-11,0,0
1573619390815989763,3000627,巴拉巴拉,巴拉巴拉线上,婴童,针织,针织大类,2023-12,0,0
1573619394368565250,3000627,巴拉巴拉,巴拉巴拉线下,婴童,针织,针织大类,2022-08,0,0
1573619394368565250,3000627,巴拉巴拉,巴拉巴拉线下,婴童,针织,针织大类,2022-09,11,14
1573619394368565250,3000627,巴拉巴拉,巴拉巴拉线下,婴童,针织,针织大类,2022-10,11,14
1573619394368565250,3000627,巴拉巴拉,巴拉巴拉线下,婴童,针织,针织大类,2022-11,11,14
1573619394368565250,3000627,巴拉巴拉,巴拉巴拉线下,婴童,针织,针织大类,2022-12,11,14
1573619394368565250,3000627,巴拉巴拉,巴拉巴拉线下,婴童,针织,针织大类,2023-01,0,0
1573619394368565250,3000627,巴拉巴拉,巴拉巴拉线下,婴童,针织,针织大类,2023-02,0,0
1573619394368565250,3000627,巴拉巴拉,巴拉巴拉线下,婴童,针织,针织大类,2023-03,0,0
1573619394368565250,3000627,巴拉巴拉,巴拉巴拉线下,婴童,针织,针织大类,2023-04,0,0
1573619394368565250,3000627,巴拉巴拉,巴拉巴拉线下,婴童,针织,针织大类,2023-05,0,0
1573619394368565250,3000627,巴拉巴拉,巴拉巴拉线下,婴童,针织,针织大类,2023-06,0,0
1573619394368565250,3000627,巴拉巴拉,巴拉巴拉线下,婴童,针织,针织大类,2023-07,0,0
1573619394368565250,3000627,巴拉巴拉,巴拉巴拉线下,婴童,针织,针织大类,2023-08,0,0
1573619394368565250,3000627,巴拉巴拉,巴拉巴拉线下,婴童,针织,针织大类,2023-09,0,0
1573619394368565250,3000627,巴拉巴拉,巴拉巴拉线下,婴童,针织,针织大类,2023-10,0,0
1573619394368565250,3000627,巴拉巴拉,巴拉巴拉线下,婴童,针织,针织大类,2023-11,0,0
1573619394368565250,3000627,巴拉巴拉,巴拉巴拉线下,婴童,针织,针织大类,2023-12,0,0
1573619394666360834,3000681,巴拉巴拉,巴拉巴拉线上,婴童,针织,针织大类,2022-08,0,0
1573619394666360834,3000681,巴拉巴拉,巴拉巴拉线上,婴童,针织,针织大类,2022-09,0,0
1573619394666360834,3000681,巴拉巴拉,巴拉巴拉线上,婴童,针织,针织大类,2022-10,0,0
1573619394666360834,3000681,巴拉巴拉,巴拉巴拉线上,婴童,针织,针织大类,2022-11,0,0
1573619394666360834,3000681,巴拉巴拉,巴拉巴拉线上,婴童,针织,针织大类,2022-12,0,0
1573619394666360834,3000681,巴拉巴拉,巴拉巴拉线上,婴童,针织,针织大类,2023-01,0,0
1573619394666360834,3000681,巴拉巴拉,巴拉巴拉线上,婴童,针织,针织大类,2023-02,0,0
1573619394666360834,3000681,巴拉巴拉,巴拉巴拉线上,婴童,针织,针织大类,2023-03,0,0
1573619394666360834,3000681,巴拉巴拉,巴拉巴拉线上,婴童,针织,针织大类,2023-04,0,0
1573619394666360834,3000681,巴拉巴拉,巴拉巴拉线上,婴童,针织,针织大类,2023-05,0,0
1573619394666360834,3000681,巴拉巴拉,巴拉巴拉线上,婴童,针织,针织大类,2023-06,0,0
1573619394666360834,3000681,巴拉巴拉,巴拉巴拉线上,婴童,针织,针织大类,2023-07,0,0
1573619394666360834,3000681,巴拉巴拉,巴拉巴拉线上,婴童,针织,针织大类,2023-08,0,0
1573619394666360834,3000681,巴拉巴拉,巴拉巴拉线上,婴童,针织,针织大类,2023-09,0,0
1573619394666360834,3000681,巴拉巴拉,巴拉巴拉线上,婴童,针织,针织大类,2023-10,0,0
1573619394666360834,3000681,巴拉巴拉,巴拉巴拉线上,婴童,针织,针织大类,2023-11,0,0
1573619394666360834,3000681,巴拉巴拉,巴拉巴拉线上,婴童,针织,针织大类,2023-12,0,0
1573619392451768321,3000681,巴拉巴拉,巴拉巴拉线上,非婴童,针织,针织大类,2022-08,0,0
1573619392451768321,3000681,巴拉巴拉,巴拉巴拉线上,非婴童,针织,针织大类,2022-09,2,2
1573619392451768321,3000681,巴拉巴拉,巴拉巴拉线上,非婴童,针织,针织大类,2022-10,2,2
1573619392451768321,3000681,巴拉巴拉,巴拉巴拉线上,非婴童,针织,针织大类,2022-11,2,2
1573619392451768321,3000681,巴拉巴拉,巴拉巴拉线上,非婴童,针织,针织大类,2022-12,3,4
1573619392451768321,3000681,巴拉巴拉,巴拉巴拉线上,非婴童,针织,针织大类,2023-01,0,0
1573619392451768321,3000681,巴拉巴拉,巴拉巴拉线上,非婴童,针织,针织大类,2023-02,1,2
1573619392451768321,3000681,巴拉巴拉,巴拉巴拉线上,非婴童,针织,针织大类,2023-03,1,1
1573619392451768321,3000681,巴拉巴拉,巴拉巴拉线上,非婴童,针织,针织大类,2023-04,0,0
1573619392451768321,3000681,巴拉巴拉,巴拉巴拉线上,非婴童,针织,针织大类,2023-05,0,0
1573619392451768321,3000681,巴拉巴拉,巴拉巴拉线上,非婴童,针织,针织大类,2023-06,0,0
1573619392451768321,3000681,巴拉巴拉,巴拉巴拉线上,非婴童,针织,针织大类,2023-07,0,0
1573619392451768321,3000681,巴拉巴拉,巴拉巴拉线上,非婴童,针织,针织大类,2023-08,0,0
1573619392451768321,3000681,巴拉巴拉,巴拉巴拉线上,非婴童,针织,针织大类,2023-09,0,0
1573619392451768321,3000681,巴拉巴拉,巴拉巴拉线上,非婴童,针织,针织大类,2023-10,0,0
1573619392451768321,3000681,巴拉巴拉,巴拉巴拉线上,非婴童,针织,针织大类,2023-11,0,0
1573619392451768321,3000681,巴拉巴拉,巴拉巴拉线上,非婴童,针织,针织大类,2023-12,0,0
1573619393991077890,3000681,巴拉巴拉,巴拉巴拉线下,婴童,针织,针织大类,2022-08,0,0
1573619393991077890,3000681,巴拉巴拉,巴拉巴拉线下,婴童,针织,针织大类,2022-09,0,0
1573619393991077890,3000681,巴拉巴拉,巴拉巴拉线下,婴童,针织,针织大类,2022-10,0,0
1573619393991077890,3000681,巴拉巴拉,巴拉巴拉线下,婴童,针织,针织大类,2022-11,0,0
1573619393991077890,3000681,巴拉巴拉,巴拉巴拉线下,婴童,针织,针织大类,2022-12,0,0
1573619393991077890,3000681,巴拉巴拉,巴拉巴拉线下,婴童,针织,针织大类,2023-01,0,0
1573619393991077890,3000681,巴拉巴拉,巴拉巴拉线下,婴童,针织,针织大类,2023-02,0,0
1573619393991077890,3000681,巴拉巴拉,巴拉巴拉线下,婴童,针织,针织大类,2023-03,0,0
1573619393991077890,3000681,巴拉巴拉,巴拉巴拉线下,婴童,针织,针织大类,2023-04,0,0
1573619393991077890,3000681,巴拉巴拉,巴拉巴拉线下,婴童,针织,针织大类,2023-05,0,0
1573619393991077890,3000681,巴拉巴拉,巴拉巴拉线下,婴童,针织,针织大类,2023-06,0,0
1573619393991077890,3000681,巴拉巴拉,巴拉巴拉线下,婴童,针织,针织大类,2023-07,0,0
1573619393991077890,3000681,巴拉巴拉,巴拉巴拉线下,婴童,针织,针织大类,2023-08,0,0
1573619393991077890,3000681,巴拉巴拉,巴拉巴拉线下,婴童,针织,针织大类,2023-09,0,0
1573619393991077890,3000681,巴拉巴拉,巴拉巴拉线下,婴童,针织,针织大类,2023-10,0,0
1573619393991077890,3000681,巴拉巴拉,巴拉巴拉线下,婴童,针织,针织大类,2023-11,0,0
1573619393991077890,3000681,巴拉巴拉,巴拉巴拉线下,婴童,针织,针织大类,2023-12,0,0
1573619390425919489,3000681,巴拉巴拉,巴拉巴拉线下,非婴童,针织,针织大类,2022-08,0,0
1573619390425919489,3000681,巴拉巴拉,巴拉巴拉线下,非婴童,针织,针织大类,2022-09,51,61
1573619390425919489,3000681,巴拉巴拉,巴拉巴拉线下,非婴童,针织,针织大类,2022-10,51,61
1573619390425919489,3000681,巴拉巴拉,巴拉巴拉线下,非婴童,针织,针织大类,2022-11,46,55
1573619390425919489,3000681,巴拉巴拉,巴拉巴拉线下,非婴童,针织,针织大类,2022-12,46,55
1573619390425919489,3000681,巴拉巴拉,巴拉巴拉线下,非婴童,针织,针织大类,2023-01,0,0
1573619390425919489,3000681,巴拉巴拉,巴拉巴拉线下,非婴童,针织,针织大类,2023-02,0,0
1573619390425919489,3000681,巴拉巴拉,巴拉巴拉线下,非婴童,针织,针织大类,2023-03,0,0
1573619390425919489,3000681,巴拉巴拉,巴拉巴拉线下,非婴童,针织,针织大类,2023-04,0,0
1573619390425919489,3000681,巴拉巴拉,巴拉巴拉线下,非婴童,针织,针织大类,2023-05,0,0
1573619390425919489,3000681,巴拉巴拉,巴拉巴拉线下,非婴童,针织,针织大类,2023-06,0,0
1573619390425919489,3000681,巴拉巴拉,巴拉巴拉线下,非婴童,针织,针织大类,2023-07,0,0
1573619390425919489,3000681,巴拉巴拉,巴拉巴拉线下,非婴童,针织,针织大类,2023-08,0,0
1573619390425919489,3000681,巴拉巴拉,巴拉巴拉线下,非婴童,针织,针织大类,2023-09,0,0
1573619390425919489,3000681,巴拉巴拉,巴拉巴拉线下,非婴童,针织,针织大类,2023-10,0,0
1573619390425919489,3000681,巴拉巴拉,巴拉巴拉线下,非婴童,针织,针织大类,2023-11,0,0
1573619390425919489,3000681,巴拉巴拉,巴拉巴拉线下,非婴童,针织,针织大类,2023-12,0,0
1573619391768096769,3001201,巴拉巴拉,巴拉巴拉线上,非婴童,针织,针织大类,2022-08,0,0
1573619391768096769,3001201,巴拉巴拉,巴拉巴拉线上,非婴童,针织,针织大类,2022-09,6,7
1573619391768096769,3001201,巴拉巴拉,巴拉巴拉线上,非婴童,针织,针织大类,2022-10,6,7
1573619391768096769,3001201,巴拉巴拉,巴拉巴拉线上,非婴童,针织,针织大类,2022-11,6,7
1573619391768096769,3001201,巴拉巴拉,巴拉巴拉线上,非婴童,针织,针织大类,2022-12,6,7
1573619391768096769,3001201,巴拉巴拉,巴拉巴拉线上,非婴童,针织,针织大类,2023-01,0,0
1573619391768096769,3001201,巴拉巴拉,巴拉巴拉线上,非婴童,针织,针织大类,2023-02,0,0
1573619391768096769,3001201,巴拉巴拉,巴拉巴拉线上,非婴童,针织,针织大类,2023-03,0,0
1573619391768096769,3001201,巴拉巴拉,巴拉巴拉线上,非婴童,针织,针织大类,2023-04,0,0
1573619391768096769,3001201,巴拉巴拉,巴拉巴拉线上,非婴童,针织,针织大类,2023-05,0,0
1573619391768096769,3001201,巴拉巴拉,巴拉巴拉线上,非婴童,针织,针织大类,2023-06,0,0
1573619391768096769,3001201,巴拉巴拉,巴拉巴拉线上,非婴童,针织,针织大类,2023-07,0,0
1573619391768096769,3001201,巴拉巴拉,巴拉巴拉线上,非婴童,针织,针织大类,2023-08,0,0
1573619391768096769,3001201,巴拉巴拉,巴拉巴拉线上,非婴童,针织,针织大类,2023-09,0,0
1573619391768096769,3001201,巴拉巴拉,巴拉巴拉线上,非婴童,针织,针织大类,2023-10,0,0
1573619391768096769,3001201,巴拉巴拉,巴拉巴拉线上,非婴童,针织,针织大类,2023-11,0,0
1573619391768096769,3001201,巴拉巴拉,巴拉巴拉线上,非婴童,针织,针织大类,2023-12,0,0
1573619393781362690,3001201,巴拉巴拉,巴拉巴拉线下,非婴童,针织,针织大类,2022-08,0,0
1573619393781362690,3001201,巴拉巴拉,巴拉巴拉线下,非婴童,针织,针织大类,2022-09,15,19
1573619393781362690,3001201,巴拉巴拉,巴拉巴拉线下,非婴童,针织,针织大类,2022-10,15,19
1573619393781362690,3001201,巴拉巴拉,巴拉巴拉线下,非婴童,针织,针织大类,2022-11,15,19
1573619393781362690,3001201,巴拉巴拉,巴拉巴拉线下,非婴童,针织,针织大类,2022-12,15,18
1573619393781362690,3001201,巴拉巴拉,巴拉巴拉线下,非婴童,针织,针织大类,2023-01,0,0
1573619393781362690,3001201,巴拉巴拉,巴拉巴拉线下,非婴童,针织,针织大类,2023-02,0,0
1573619393781362690,3001201,巴拉巴拉,巴拉巴拉线下,非婴童,针织,针织大类,2023-03,0,0
1573619393781362690,3001201,巴拉巴拉,巴拉巴拉线下,非婴童,针织,针织大类,2023-04,0,0
1573619393781362690,3001201,巴拉巴拉,巴拉巴拉线下,非婴童,针织,针织大类,2023-05,0,0
1573619393781362690,3001201,巴拉巴拉,巴拉巴拉线下,非婴童,针织,针织大类,2023-06,0,0
1573619393781362690,3001201,巴拉巴拉,巴拉巴拉线下,非婴童,针织,针织大类,2023-07,0,0
1573619393781362690,3001201,巴拉巴拉,巴拉巴拉线下,非婴童,针织,针织大类,2023-08,0,0
1573619393781362690,3001201,巴拉巴拉,巴拉巴拉线下,非婴童,针织,针织大类,2023-09,0,0
1573619393781362690,3001201,巴拉巴拉,巴拉巴拉线下,非婴童,针织,针织大类,2023-10,0,0
1573619393781362690,3001201,巴拉巴拉,巴拉巴拉线下,非婴童,针织,针织大类,2023-11,0,0
1573619393781362690,3001201,巴拉巴拉,巴拉巴拉线下,非婴童,针织,针织大类,2023-12,0,0
1573619396335693826,3001644,巴拉巴拉,巴拉巴拉线上,非婴童,针织,针织大类,2022-08,0,0
1573619396335693826,3001644,巴拉巴拉,巴拉巴拉线上,非婴童,针织,针织大类,2022-09,31,38
1573619396335693826,3001644,巴拉巴拉,巴拉巴拉线上,非婴童,针织,针织大类,2022-10,31,38
1573619396335693826,3001644,巴拉巴拉,巴拉巴拉线上,非婴童,针织,针织大类,2022-11,31,38
1573619396335693826,3001644,巴拉巴拉,巴拉巴拉线上,非婴童,针织,针织大类,2022-12,31,38
1573619396335693826,3001644,巴拉巴拉,巴拉巴拉线上,非婴童,针织,针织大类,2023-01,0,0
1573619396335693826,3001644,巴拉巴拉,巴拉巴拉线上,非婴童,针织,针织大类,2023-02,0,0
1573619396335693826,3001644,巴拉巴拉,巴拉巴拉线上,非婴童,针织,针织大类,2023-03,0,0
1573619396335693826,3001644,巴拉巴拉,巴拉巴拉线上,非婴童,针织,针织大类,2023-04,0,0
1573619396335693826,3001644,巴拉巴拉,巴拉巴拉线上,非婴童,针织,针织大类,2023-05,0,0
1573619396335693826,3001644,巴拉巴拉,巴拉巴拉线上,非婴童,针织,针织大类,2023-06,0,0
1573619396335693826,3001644,巴拉巴拉,巴拉巴拉线上,非婴童,针织,针织大类,2023-07,0,0
1573619396335693826,3001644,巴拉巴拉,巴拉巴拉线上,非婴童,针织,针织大类,2023-08,0,0
1573619396335693826,3001644,巴拉巴拉,巴拉巴拉线上,非婴童,针织,针织大类,2023-09,0,0
1573619396335693826,3001644,巴拉巴拉,巴拉巴拉线上,非婴童,针织,针织大类,2023-10,0,0
1573619396335693826,3001644,巴拉巴拉,巴拉巴拉线上,非婴童,针织,针织大类,2023-11,0,0
1573619396335693826,3001644,巴拉巴拉,巴拉巴拉线上,非婴童,针织,针织大类,2023-12,0,0
1573619393429041153,3001644,巴拉巴拉,巴拉巴拉线下,非婴童,针织,针织大类,2022-08,0,0
1573619393429041153,3001644,巴拉巴拉,巴拉巴拉线下,非婴童,针织,针织大类,2022-09,36,43
1573619393429041153,3001644,巴拉巴拉,巴拉巴拉线下,非婴童,针织,针织大类,2022-10,36,43
1573619393429041153,3001644,巴拉巴拉,巴拉巴拉线下,非婴童,针织,针织大类,2022-11,35,43
1573619393429041153,3001644,巴拉巴拉,巴拉巴拉线下,非婴童,针织,针织大类,2022-12,18,22
1573619393429041153,3001644,巴拉巴拉,巴拉巴拉线下,非婴童,针织,针织大类,2023-01,0,0
1573619393429041153,3001644,巴拉巴拉,巴拉巴拉线下,非婴童,针织,针织大类,2023-02,0,0
1573619393429041153,3001644,巴拉巴拉,巴拉巴拉线下,非婴童,针织,针织大类,2023-03,0,0
1573619393429041153,3001644,巴拉巴拉,巴拉巴拉线下,非婴童,针织,针织大类,2023-04,0,0
1573619393429041153,3001644,巴拉巴拉,巴拉巴拉线下,非婴童,针织,针织大类,2023-05,0,0
1573619393429041153,3001644,巴拉巴拉,巴拉巴拉线下,非婴童,针织,针织大类,2023-06,0,0
1573619393429041153,3001644,巴拉巴拉,巴拉巴拉线下,非婴童,针织,针织大类,2023-07,0,0
1573619393429041153,3001644,巴拉巴拉,巴拉巴拉线下,非婴童,针织,针织大类,2023-08,0,0
1573619393429041153,3001644,巴拉巴拉,巴拉巴拉线下,非婴童,针织,针织大类,2023-09,0,0
1573619393429041153,3001644,巴拉巴拉,巴拉巴拉线下,非婴童,针织,针织大类,2023-10,0,0
1573619393429041153,3001644,巴拉巴拉,巴拉巴拉线下,非婴童,针织,针织大类,2023-11,0,0
1573619393429041153,3001644,巴拉巴拉,巴拉巴拉线下,非婴童,针织,针织大类,2023-12,0,0
1573619396067258369,3001673,巴拉巴拉,巴拉巴拉线上,婴童,针织,针织大类,2022-08,0,0
1573619396067258369,3001673,巴拉巴拉,巴拉巴拉线上,婴童,针织,针织大类,2022-09,0,0
1573619396067258369,3001673,巴拉巴拉,巴拉巴拉线上,婴童,针织,针织大类,2022-10,0,0
1573619396067258369,3001673,巴拉巴拉,巴拉巴拉线上,婴童,针织,针织大类,2022-11,0,0
1573619396067258369,3001673,巴拉巴拉,巴拉巴拉线上,婴童,针织,针织大类,2022-12,0,0
1573619396067258369,3001673,巴拉巴拉,巴拉巴拉线上,婴童,针织,针织大类,2023-01,0,0
1573619396067258369,3001673,巴拉巴拉,巴拉巴拉线上,婴童,针织,针织大类,2023-02,0,0
1573619396067258369,3001673,巴拉巴拉,巴拉巴拉线上,婴童,针织,针织大类,2023-03,0,0
1573619396067258369,3001673,巴拉巴拉,巴拉巴拉线上,婴童,针织,针织大类,2023-04,0,0
1573619396067258369,3001673,巴拉巴拉,巴拉巴拉线上,婴童,针织,针织大类,2023-05,0,0
1573619396067258369,3001673,巴拉巴拉,巴拉巴拉线上,婴童,针织,针织大类,2023-06,0,0
1573619396067258369,3001673,巴拉巴拉,巴拉巴拉线上,婴童,针织,针织大类,2023-07,0,0
1573619396067258369,3001673,巴拉巴拉,巴拉巴拉线上,婴童,针织,针织大类,2023-08,0,0
1573619396067258369,3001673,巴拉巴拉,巴拉巴拉线上,婴童,针织,针织大类,2023-09,0,0
1573619396067258369,3001673,巴拉巴拉,巴拉巴拉线上,婴童,针织,针织大类,2023-10,0,0
1573619396067258369,3001673,巴拉巴拉,巴拉巴拉线上,婴童,针织,针织大类,2023-11,0,0
1573619396067258369,3001673,巴拉巴拉,巴拉巴拉线上,婴童,针织,针织大类,2023-12,0,0
1573619391898120194,3001673,巴拉巴拉,巴拉巴拉线上,非婴童,针织,针织大类,2022-08,0,0
1573619391898120194,3001673,巴拉巴拉,巴拉巴拉线上,非婴童,针织,针织大类,2022-09,0,0
1573619391898120194,3001673,巴拉巴拉,巴拉巴拉线上,非婴童,针织,针织大类,2022-10,0,0
1573619391898120194,3001673,巴拉巴拉,巴拉巴拉线上,非婴童,针织,针织大类,2022-11,0,0
1573619391898120194,3001673,巴拉巴拉,巴拉巴拉线上,非婴童,针织,针织大类,2022-12,0,0
1573619391898120194,3001673,巴拉巴拉,巴拉巴拉线上,非婴童,针织,针织大类,2023-01,0,0
1573619391898120194,3001673,巴拉巴拉,巴拉巴拉线上,非婴童,针织,针织大类,2023-02,0,0
1573619391898120194,3001673,巴拉巴拉,巴拉巴拉线上,非婴童,针织,针织大类,2023-03,0,0
1573619391898120194,3001673,巴拉巴拉,巴拉巴拉线上,非婴童,针织,针织大类,2023-04,0,0
1573619391898120194,3001673,巴拉巴拉,巴拉巴拉线上,非婴童,针织,针织大类,2023-05,0,0
1573619391898120194,3001673,巴拉巴拉,巴拉巴拉线上,非婴童,针织,针织大类,2023-06,0,0
1573619391898120194,3001673,巴拉巴拉,巴拉巴拉线上,非婴童,针织,针织大类,2023-07,0,0
1573619391898120194,3001673,巴拉巴拉,巴拉巴拉线上,非婴童,针织,针织大类,2023-08,0,0
1573619391898120194,3001673,巴拉巴拉,巴拉巴拉线上,非婴童,针织,针织大类,2023-09,0,0
1573619391898120194,3001673,巴拉巴拉,巴拉巴拉线上,非婴童,针织,针织大类,2023-10,0,0
1573619391898120194,3001673,巴拉巴拉,巴拉巴拉线上,非婴童,针织,针织大类,2023-11,0,0
1573619391898120194,3001673,巴拉巴拉,巴拉巴拉线上,非婴童,针织,针织大类,2023-12,0,0
1573619391671627777,3001673,巴拉巴拉,巴拉巴拉线下,婴童,针织,针织大类,2022-08,0,0
1573619391671627777,3001673,巴拉巴拉,巴拉巴拉线下,婴童,针织,针织大类,2022-09,8,9
1573619391671627777,3001673,巴拉巴拉,巴拉巴拉线下,婴童,针织,针织大类,2022-10,8,9
1573619391671627777,3001673,巴拉巴拉,巴拉巴拉线下,婴童,针织,针织大类,2022-11,8,9
1573619391671627777,3001673,巴拉巴拉,巴拉巴拉线下,婴童,针织,针织大类,2022-12,7,8
1573619391671627777,3001673,巴拉巴拉,巴拉巴拉线下,婴童,针织,针织大类,2023-01,0,0
1573619391671627777,3001673,巴拉巴拉,巴拉巴拉线下,婴童,针织,针织大类,2023-02,0,0
1573619391671627777,3001673,巴拉巴拉,巴拉巴拉线下,婴童,针织,针织大类,2023-03,0,0
1573619391671627777,3001673,巴拉巴拉,巴拉巴拉线下,婴童,针织,针织大类,2023-04,0,0
1573619391671627777,3001673,巴拉巴拉,巴拉巴拉线下,婴童,针织,针织大类,2023-05,0,0
1573619391671627777,3001673,巴拉巴拉,巴拉巴拉线下,婴童,针织,针织大类,2023-06,0,0
1573619391671627777,3001673,巴拉巴拉,巴拉巴拉线下,婴童,针织,针织大类,2023-07,0,0
1573619391671627777,3001673,巴拉巴拉,巴拉巴拉线下,婴童,针织,针织大类,2023-08,0,0
1573619391671627777,3001673,巴拉巴拉,巴拉巴拉线下,婴童,针织,针织大类,2023-09,0,0
1573619391671627777,3001673,巴拉巴拉,巴拉巴拉线下,婴童,针织,针织大类,2023-10,0,0
1573619391671627777,3001673,巴拉巴拉,巴拉巴拉线下,婴童,针织,针织大类,2023-11,0,0
1573619391671627777,3001673,巴拉巴拉,巴拉巴拉线下,婴童,针织,针织大类,2023-12,0,0
1573619391533215745,3001673,巴拉巴拉,巴拉巴拉线下,非婴童,针织,针织大类,2022-08,0,0
1573619391533215745,3001673,巴拉巴拉,巴拉巴拉线下,非婴童,针织,针织大类,2022-09,10,12
1573619391533215745,3001673,巴拉巴拉,巴拉巴拉线下,非婴童,针织,针织大类,2022-10,10,12
1573619391533215745,3001673,巴拉巴拉,巴拉巴拉线下,非婴童,针织,针织大类,2022-11,10,12
1573619391533215745,3001673,巴拉巴拉,巴拉巴拉线下,非婴童,针织,针织大类,2022-12,10,12
1573619391533215745,3001673,巴拉巴拉,巴拉巴拉线下,非婴童,针织,针织大类,2023-01,0,0
1573619391533215745,3001673,巴拉巴拉,巴拉巴拉线下,非婴童,针织,针织大类,2023-02,0,0
1573619391533215745,3001673,巴拉巴拉,巴拉巴拉线下,非婴童,针织,针织大类,2023-03,0,0
1573619391533215745,3001673,巴拉巴拉,巴拉巴拉线下,非婴童,针织,针织大类,2023-04,0,0
1573619391533215745,3001673,巴拉巴拉,巴拉巴拉线下,非婴童,针织,针织大类,2023-05,0,0
1573619391533215745,3001673,巴拉巴拉,巴拉巴拉线下,非婴童,针织,针织大类,2023-06,0,0
1573619391533215745,3001673,巴拉巴拉,巴拉巴拉线下,非婴童,针织,针织大类,2023-07,0,0
1573619391533215745,3001673,巴拉巴拉,巴拉巴拉线下,非婴童,针织,针织大类,2023-08,0,0
1573619391533215745,3001673,巴拉巴拉,巴拉巴拉线下,非婴童,针织,针织大类,2023-09,0,0
1573619391533215745,3001673,巴拉巴拉,巴拉巴拉线下,非婴童,针织,针织大类,2023-10,0,0
1573619391533215745,3001673,巴拉巴拉,巴拉巴拉线下,非婴童,针织,针织大类,2023-11,0,0
1573619391533215745,3001673,巴拉巴拉,巴拉巴拉线下,非婴童,针织,针织大类,2023-12,0,0
1573619391382220803,3002093,巴拉巴拉,巴拉巴拉线下,婴童,针织,针织大类,2022-08,0,0
1573619391382220803,3002093,巴拉巴拉,巴拉巴拉线下,婴童,针织,针织大类,2022-09,0,0
1573619391382220803,3002093,巴拉巴拉,巴拉巴拉线下,婴童,针织,针织大类,2022-10,0,0
1573619391382220803,3002093,巴拉巴拉,巴拉巴拉线下,婴童,针织,针织大类,2022-11,0,0
1573619391382220803,3002093,巴拉巴拉,巴拉巴拉线下,婴童,针织,针织大类,2022-12,0,0
1573619391382220803,3002093,巴拉巴拉,巴拉巴拉线下,婴童,针织,针织大类,2023-01,0,0
1573619391382220803,3002093,巴拉巴拉,巴拉巴拉线下,婴童,针织,针织大类,2023-02,0,0
1573619391382220803,3002093,巴拉巴拉,巴拉巴拉线下,婴童,针织,针织大类,2023-03,0,0
1573619391382220803,3002093,巴拉巴拉,巴拉巴拉线下,婴童,针织,针织大类,2023-04,0,0
1573619391382220803,3002093,巴拉巴拉,巴拉巴拉线下,婴童,针织,针织大类,2023-05,0,0
1573619391382220803,3002093,巴拉巴拉,巴拉巴拉线下,婴童,针织,针织大类,2023-06,0,0
1573619391382220803,3002093,巴拉巴拉,巴拉巴拉线下,婴童,针织,针织大类,2023-07,0,0
1573619391382220803,3002093,巴拉巴拉,巴拉巴拉线下,婴童,针织,针织大类,2023-08,0,0
1573619391382220803,3002093,巴拉巴拉,巴拉巴拉线下,婴童,针织,针织大类,2023-09,0,0
1573619391382220803,3002093,巴拉巴拉,巴拉巴拉线下,婴童,针织,针织大类,2023-10,0,0
1573619391382220803,3002093,巴拉巴拉,巴拉巴拉线下,婴童,针织,针织大类,2023-11,0,0
1573619391382220803,3002093,巴拉巴拉,巴拉巴拉线下,婴童,针织,针织大类,2023-12,0,0
1573619393978494978,3002093,巴拉巴拉,巴拉巴拉线下,非婴童,针织,针织大类,2022-08,0,0
1573619393978494978,3002093,巴拉巴拉,巴拉巴拉线下,非婴童,针织,针织大类,2022-09,0,0
1573619393978494978,3002093,巴拉巴拉,巴拉巴拉线下,非婴童,针织,针织大类,2022-10,0,0
1573619393978494978,3002093,巴拉巴拉,巴拉巴拉线下,非婴童,针织,针织大类,2022-11,0,0
1573619393978494978,3002093,巴拉巴拉,巴拉巴拉线下,非婴童,针织,针织大类,2022-12,0,0
1573619393978494978,3002093,巴拉巴拉,巴拉巴拉线下,非婴童,针织,针织大类,2023-01,0,0
1573619393978494978,3002093,巴拉巴拉,巴拉巴拉线下,非婴童,针织,针织大类,2023-02,0,0
1573619393978494978,3002093,巴拉巴拉,巴拉巴拉线下,非婴童,针织,针织大类,2023-03,0,0
1573619393978494978,3002093,巴拉巴拉,巴拉巴拉线下,非婴童,针织,针织大类,2023-04,0,0
1573619393978494978,3002093,巴拉巴拉,巴拉巴拉线下,非婴童,针织,针织大类,2023-05,0,0
1573619393978494978,3002093,巴拉巴拉,巴拉巴拉线下,非婴童,针织,针织大类,2023-06,0,0
1573619393978494978,3002093,巴拉巴拉,巴拉巴拉线下,非婴童,针织,针织大类,2023-07,0,0
1573619393978494978,3002093,巴拉巴拉,巴拉巴拉线下,非婴童,针织,针织大类,2023-08,0,0
1573619393978494978,3002093,巴拉巴拉,巴拉巴拉线下,非婴童,针织,针织大类,2023-09,0,0
1573619393978494978,3002093,巴拉巴拉,巴拉巴拉线下,非婴童,针织,针织大类,2023-10,0,0
1573619393978494978,3002093,巴拉巴拉,巴拉巴拉线下,非婴童,针织,针织大类,2023-11,0,0
1573619393978494978,3002093,巴拉巴拉,巴拉巴拉线下,非婴童,针织,针织大类,2023-12,0,0
