item_id,plan_type,internal_item_id,material_code,internal_item_early_id,brand,channel,coop_mode,age_group,fabric_category,item_capacity_group,item_category,sex,year,quarter,amount_level,is_pk_item,is_popular_item,batch,valid,create_time,update_time
208123105004,2,208123105004,C41356839,123DZ-GN-501,巴拉巴拉,巴拉巴拉线上,巴拉巴拉FOB,非婴童,牛仔,牛仔大类,巴拉巴拉牛仔便服,女,2022,Q1,B,0,0,3批,1,2022-11-30 09:58:54,2022-11-30 09:58:54
208123105002,2,208123105002,C41356841,123DZ-GS-502,巴拉巴拉,巴拉巴拉线上,巴拉巴拉FOB,非婴童,梭织,梭织外套,巴拉巴拉梭织便服,女,2022,Q1,S,0,0,1批,1,2022-11-30 09:58:54,2022-11-30 09:58:54
208123105203,2,208123105203,C41356842,123DZ-UGZ-501,巴拉巴拉,巴拉巴拉线上,巴拉巴拉FOB,非婴童,针织,针织大类,巴拉巴拉针织便服,中,2022,Q1,B,0,0,3批,1,2022-11-30 09:58:54,2022-11-30 09:58:54
202123121002,2,202123121002,C41611231,123VFZ-GZ-102,巴拉巴拉,巴拉巴拉线下,巴拉巴拉FOB,非婴童,针织,针织大类,巴拉巴拉针织卫衣/T恤,女,2022,Q1,B,0,0,1A,1,2022-11-30 09:58:54,2022-11-30 09:58:54
200123105101,2,200123105101,C41631581,123VFB-BS-501,巴拉巴拉,巴拉巴拉线下,巴拉巴拉CFOB,婴童,梭织,梭织外套,巴拉巴拉梭织便服,男,2022,Q1,B,0,0,2A,1,2022-11-30 09:58:54,2022-11-30 09:58:54
201123111002,2,201123111002,C41634719,123VFY-GS-306,巴拉巴拉,巴拉巴拉线下,巴拉巴拉CFOB,非婴童,梭织,梭织裙子,巴拉巴拉梭织裙类,女,2022,Q1,C,0,0,1A,1,2022-11-30 09:58:54,2022-11-30 09:58:54
200123133203,2,200123133203,C41659503,123VFB-UZ-714,巴拉巴拉,巴拉巴拉线下,巴拉巴拉FOB,婴童,针织,针织大类,巴拉巴拉针织连体衣,中,2022,Q1,C,0,0,1A,1,2022-11-30 09:58:54,2022-11-30 09:58:54
200123133209,2,200123133209,C41659508,123VFB-UZ-717,巴拉巴拉,巴拉巴拉线下,巴拉巴拉FOB,婴童,针织,针织大类,巴拉巴拉针织连体衣,中,2022,Q1,B,0,0,1A,1,2022-11-30 09:58:54,2022-11-30 09:58:54
200123156201,2,200123156201,C41659510,123VFB-UZ-402,巴拉巴拉,巴拉巴拉线下,巴拉巴拉FOB,婴童,针织,针织大类,巴拉巴拉针织礼盒,中,2022,Q1,C,0,0,1A,1,2022-11-30 09:58:54,2022-11-30 09:58:54
200123134202,2,200123134202,C41660582,123VFB-UZ-003,巴拉巴拉,巴拉巴拉线下,巴拉巴拉FOB,婴童,针织,针织大类,巴拉巴拉针织套装,中,2022,Q1,B,0,0,1A,1,2022-11-30 09:58:54,2022-11-30 09:58:54
200123156202,2,200123156202,C41668136,123VFB-UZ-402B,巴拉巴拉,巴拉巴拉线下,巴拉巴拉FOB,婴童,针织,针织大类,巴拉巴拉针织礼盒,中,2022,Q1,B,0,0,1A,1,2022-11-30 09:58:54,2022-11-30 09:58:54
200123133206,2,200123133206,C41668139,123VFB-UZ-716,巴拉巴拉,巴拉巴拉线下,巴拉巴拉FOB,婴童,针织,针织大类,巴拉巴拉针织连体衣,中,2022,Q1,S,0,0,1A,1,2022-11-30 09:58:54,2022-11-30 09:58:54
200123134203,2,200123134203,C41668142,123VFB-UZ-003B,巴拉巴拉,巴拉巴拉线下,巴拉巴拉FOB,婴童,针织,针织大类,巴拉巴拉针织套装,中,2022,Q1,A,0,0,1A,1,2022-11-30 09:58:54,2022-11-30 09:58:54
200123100105,2,200123100105,C41677290,123VFB-BZ-108B,巴拉巴拉,巴拉巴拉线下,巴拉巴拉FOB,婴童,针织,针织大类,巴拉巴拉针织卫衣/T恤,男,2022,Q1,S,0,1,3A,1,2022-11-30 09:58:54,2022-11-30 09:58:54
200123133201,2,200123133201,C41677576,123VFB-UZ-713,巴拉巴拉,巴拉巴拉线下,巴拉巴拉FOB,婴童,针织,针织大类,巴拉巴拉针织连体衣,中,2022,Q1,S,0,0,1A,1,2022-11-30 09:58:54,2022-11-30 09:58:54
200123133204,2,200123133204,C41677577,123VFB-UZ-714C,巴拉巴拉,巴拉巴拉线下,巴拉巴拉CFOB,婴童,针织,针织大类,巴拉巴拉针织连体衣,中,2022,Q1,A,0,0,2A,1,2022-11-30 09:58:54,2022-11-30 09:58:54
200123134201,2,200123134201,C41677578,123VFB-UZ-002,巴拉巴拉,巴拉巴拉线下,巴拉巴拉CFOB,婴童,针织,针织大类,巴拉巴拉针织套装,中,2022,Q1,B,0,0,2A,1,2022-11-30 09:58:54,2022-11-30 09:58:54
200123133211,2,200123133211,C41677580,123VFB-UZ-718B,巴拉巴拉,巴拉巴拉线下,巴拉巴拉FOB,婴童,针织,针织大类,巴拉巴拉针织连体衣,中,2022,Q1,S,0,0,2A,1,2022-11-30 09:58:54,2022-11-30 09:58:54
200923133201,2,200923133201,C41680387,123VFB-UZ-714B,巴拉巴拉,巴拉巴拉线下,巴拉巴拉CFOB,婴童,针织,针织大类,巴拉巴拉针织连体衣,中,2022,Q1,S,0,0,1A,1,2022-11-30 09:58:54,2022-11-30 09:58:54
200923137201,2,200923137201,C41680391,123VFB-UZ-707,巴拉巴拉,巴拉巴拉线下,巴拉巴拉CFOB,婴童,针织,针织大类,巴拉巴拉针织连体衣,中,2022,Q1,A,0,0,1A,1,2022-11-30 09:58:54,2022-11-30 09:58:54
200123156203,2,200123156203,C41680394,123VFB-UZ-402C,巴拉巴拉,巴拉巴拉线下,巴拉巴拉FOB,婴童,针织,针织大类,巴拉巴拉针织礼盒,中,2022,Q1,A,0,0,1A,1,2022-11-30 09:58:54,2022-11-30 09:58:54
200123133212,2,200123133212,C41680397,123VFB-UZ-726,巴拉巴拉,巴拉巴拉线下,巴拉巴拉FOB,婴童,针织,针织大类,巴拉巴拉针织连体衣,中,2022,Q1,A,0,0,1A,1,2022-11-30 09:58:54,2022-11-30 09:58:54
202123105007,2,202123105007,C41681944,123VFZ-GN-503,巴拉巴拉,巴拉巴拉线下,巴拉巴拉ODM,非婴童,牛仔,牛仔大类,巴拉巴拉牛仔便服,女,2022,Q1,S,0,0,2A,1,2022-11-30 09:58:54,2022-11-30 09:58:54
201123103102,2,201123103102,C41682655,123VFY-BM-102,巴拉巴拉,巴拉巴拉线下,巴拉巴拉CFOB,非婴童,毛织,毛织大类,巴拉巴拉毛织毛衫,男,2022,Q1,B,0,0,1A,1,2022-11-30 09:58:54,2022-11-30 09:58:54
202123121005,2,202123121005,C41692309,123VFZ-GZ-103,巴拉巴拉,巴拉巴拉线下,巴拉巴拉FOB,非婴童,针织,针织大类,巴拉巴拉针织卫衣/T恤,女,2022,Q1,C,0,0,2A,1,2022-11-30 09:58:54,2022-11-30 09:58:54
200123131203,2,200123131203,C41695074,123VFB-UZ-135B,巴拉巴拉,巴拉巴拉线下,巴拉巴拉FOB,婴童,针织,针织大类,巴拉巴拉针织卫衣/T恤,中,2022,Q1,A,0,0,1A,1,2022-11-30 09:58:54,2022-11-30 09:58:54
201123103101,2,201123103101,C41697758,123VFY-BM-101,巴拉巴拉,巴拉巴拉线下,巴拉巴拉CFOB,非婴童,毛织,毛织大类,巴拉巴拉毛织毛衫,男,2022,Q1,A,0,0,1A,1,2022-11-30 09:58:54,2022-11-30 09:58:54
200123137202,2,200123137202,C41700540,123VFB-UZ-709B,巴拉巴拉,巴拉巴拉线下,巴拉巴拉FOB,婴童,针织,针织大类,巴拉巴拉针织连体衣,中,2022,Q1,A,0,0,1A,1,2022-11-30 09:58:54,2022-11-30 09:58:54
200123131201,2,200123131201,C41700541,123VFB-UZ-107,巴拉巴拉,巴拉巴拉线下,巴拉巴拉CFOB,婴童,针织,针织大类,巴拉巴拉针织卫衣/T恤,中,2022,Q1,B,0,0,2A,1,2022-11-30 09:58:54,2022-11-30 09:58:54
201123103001,2,201123103001,C41701942,123VFY-GM-101,巴拉巴拉,巴拉巴拉线下,巴拉巴拉CFOB,非婴童,毛织,毛织大类,巴拉巴拉毛织毛衫,女,2022,Q1,B,0,0,1A,1,2022-11-30 09:58:54,2022-11-30 09:58:54
200123103103,2,200123103103,C41703396,123VFB-BM-103,巴拉巴拉,巴拉巴拉线下,巴拉巴拉CFOB,婴童,毛织,毛织大类,巴拉巴拉毛织毛衫,男,2022,Q1,B,0,0,3A,1,2022-11-30 09:58:54,2022-11-30 09:58:54
201123103003,2,201123103003,C41704713,123VFY-GM-102,巴拉巴拉,巴拉巴拉线下,巴拉巴拉CFOB,非婴童,毛织,毛织大类,巴拉巴拉毛织毛衫,女,2022,Q1,A,0,1,1A,1,2022-11-30 09:58:54,2022-11-30 09:58:54
201123104001,2,201123104001,C41705227,123VFY-GM-001C,巴拉巴拉,巴拉巴拉线下,巴拉巴拉CFOB,非婴童,毛织,毛织大类,巴拉巴拉毛织毛衫,女,2022,Q1,A,0,0,1A,1,2022-11-30 09:58:54,2022-11-30 09:58:54
202123103101,2,202123103101,C41706619,123VFZ-BM-102,巴拉巴拉,巴拉巴拉线下,巴拉巴拉CFOB,非婴童,毛织,毛织大类,巴拉巴拉毛织毛衫,男,2022,Q1,A,0,0,1A,1,2022-11-30 09:58:54,2022-11-30 09:58:54
202123103102,2,202123103102,C41708309,123VFZ-BM-102B,巴拉巴拉,巴拉巴拉线下,巴拉巴拉CFOB,非婴童,毛织,毛织大类,巴拉巴拉毛织毛衫,男,2022,Q1,B,0,0,1A,1,2022-11-30 09:58:54,2022-11-30 09:58:54
202123103001,2,202123103001,C41708495,123VFZ-GM-101,巴拉巴拉,巴拉巴拉线下,巴拉巴拉CFOB,非婴童,毛织,毛织大类,巴拉巴拉毛织毛衫,女,2022,Q1,B,0,0,1A,1,2022-11-30 09:58:54,2022-11-30 09:58:54
202123105111,2,202123105111,C41709106,123VFZ-BS-504B,巴拉巴拉,巴拉巴拉线下,巴拉巴拉CFOB,非婴童,梭织,梭织外套,巴拉巴拉梭织便服,男,2022,Q1,C,0,0,2A,1,2022-11-30 09:58:54,2022-11-30 09:58:54
200123111001,2,200123111001,C41709327,123VFB-GM-301,巴拉巴拉,巴拉巴拉线下,巴拉巴拉CFOB,婴童,毛织,毛织大类,巴拉巴拉毛织毛衫,女,2022,Q1,C,0,0,2A,1,2022-11-30 09:58:54,2022-11-30 09:58:54
200123111006,2,200123111006,C41709328,123VFB-GS-307,巴拉巴拉,巴拉巴拉线下,巴拉巴拉CFOB,婴童,梭织,梭织裙子,巴拉巴拉梭织裙类,女,2022,Q1,C,0,0,2A,1,2022-11-30 09:58:54,2022-11-30 09:58:54
200123111003,2,200123111003,C41709329,123VFB-GS-306,巴拉巴拉,巴拉巴拉线下,巴拉巴拉CFOB,婴童,梭织,梭织裙子,巴拉巴拉梭织裙类,女,2022,Q1,A,0,0,2A,1,2022-11-30 09:58:54,2022-11-30 09:58:54
200123101003,2,200123101003,C41709331,123VFB-GS-419,巴拉巴拉,巴拉巴拉线下,巴拉巴拉CFOB,婴童,梭织,梭织外套,巴拉巴拉梭织马甲,女,2022,Q1,B,0,0,2A,1,2022-11-30 09:58:54,2022-11-30 09:58:54
200123101001,2,200123101001,C41709332,123VFB-GM-401,巴拉巴拉,巴拉巴拉线下,巴拉巴拉CFOB,婴童,毛织,毛织大类,巴拉巴拉毛织毛衫,女,2022,Q1,A,0,0,2A,1,2022-11-30 09:58:54,2022-11-30 09:58:54
202123121001,2,202123121001,C41710378,123VFSZ-GZ-111,巴拉巴拉,巴拉巴拉线下,巴拉巴拉CFOB,非婴童,针织,针织大类,巴拉巴拉针织卫衣/T恤,女,2022,Q1,A,0,0,2A,1,2022-11-30 09:58:54,2022-11-30 09:58:54
202123103003,2,202123103003,C41710829,123VFZ-GM-102,巴拉巴拉,巴拉巴拉线下,巴拉巴拉CFOB,非婴童,毛织,毛织大类,巴拉巴拉毛织毛衫,女,2022,Q1,A,0,0,1A,1,2022-11-30 09:58:54,2022-11-30 09:58:54
202123103104,2,202123103104,C41711415,123VFZ-BM-104,巴拉巴拉,巴拉巴拉线下,巴拉巴拉CFOB,非婴童,毛织,毛织大类,巴拉巴拉毛织毛衫,男,2022,Q1,B,0,0,2A,1,2022-11-30 09:58:54,2022-11-30 09:58:54
202123103005,2,202123103005,C41711883,123VFZ-GM-104,巴拉巴拉,巴拉巴拉线下,巴拉巴拉CFOB,非婴童,毛织,毛织大类,巴拉巴拉毛织毛衫,女,2022,Q1,B,0,0,1A,1,2022-11-30 09:58:54,2022-11-30 09:58:54
202123105114,2,202123105114,C41712883,123VFZ-BS-507,巴拉巴拉,巴拉巴拉线下,巴拉巴拉CFOB,非婴童,梭织,梭织外套,巴拉巴拉梭织便服,男,2022,Q1,C,0,0,2A,1,2022-11-30 09:58:54,2022-11-30 09:58:54
202123121104,2,202123121104,C41712885,123VFZ-BZ-102F,巴拉巴拉,巴拉巴拉线下,巴拉巴拉FOB,非婴童,针织,针织大类,巴拉巴拉针织卫衣/T恤,男,2022,Q1,A,0,0,2A,1,2022-11-30 09:58:54,2022-11-30 09:58:54
202123104103,2,202123104103,C41712886,123VFZ-BZ-020,巴拉巴拉,巴拉巴拉线下,巴拉巴拉FOB,非婴童,针织,针织大类,巴拉巴拉针织套装,男,2022,Q1,B,0,0,2A,1,2022-11-30 09:58:54,2022-11-30 09:58:54
201123121001,2,201123121001,C41714009,123VFY-GZ-139,巴拉巴拉,巴拉巴拉线下,巴拉巴拉CFOB,非婴童,针织,针织大类,巴拉巴拉针织卫衣/T恤,女,2022,Q1,B,0,0,2A,1,2022-11-30 09:58:54,2022-11-30 09:58:54
202123102102,2,202123102102,C41718358,123VFZ-BS-202,巴拉巴拉,巴拉巴拉线下,巴拉巴拉CFOB,非婴童,梭织,梭织外套,巴拉巴拉梭织衬衫,男,2022,Q1,A,0,0,2A,1,2022-11-30 09:58:54,2022-11-30 09:58:54
201123104003,2,201123104003,C41721040,123VFY-GZ-008,巴拉巴拉,巴拉巴拉线下,巴拉巴拉CFOB,非婴童,针织,针织大类,巴拉巴拉针织套装,女,2022,Q1,B,0,0,2A,1,2022-11-30 09:58:54,2022-11-30 09:58:54
201123121006,2,201123121006,C41723234,123VFY-GZ-140,巴拉巴拉,巴拉巴拉线下,巴拉巴拉CFOB,非婴童,针织,针织大类,巴拉巴拉针织卫衣/T恤,女,2022,Q1,A,0,1,2A,1,2022-11-30 09:58:54,2022-11-30 09:58:54
201123111004,2,201123111004,C41724355,123VFY-GS-309,巴拉巴拉,巴拉巴拉线下,巴拉巴拉CFOB,非婴童,梭织,梭织裙子,巴拉巴拉梭织裙类,女,2022,Q1,A,0,1,2A,1,2022-11-30 09:58:54,2022-11-30 09:58:54
201123112005,2,201123112005,C41724356,123VFY-GS-301B,巴拉巴拉,巴拉巴拉线下,巴拉巴拉CFOB,非婴童,梭织,梭织裙子,巴拉巴拉梭织裙类,女,2022,Q1,B,0,0,2A,1,2022-11-30 09:58:54,2022-11-30 09:58:54
201123121104,2,201123121104,C41725053,123VFY-BZ-142C,巴拉巴拉,巴拉巴拉线下,巴拉巴拉CFOB,非婴童,针织,针织大类,巴拉巴拉针织卫衣/T恤,男,2022,Q1,S,0,0,2A,1,2022-11-30 09:58:54,2022-11-30 09:58:54
201123121105,2,201123121105,C41725054,123VFY-BZ-142D,巴拉巴拉,巴拉巴拉线下,巴拉巴拉FOB,非婴童,针织,针织大类,巴拉巴拉针织卫衣/T恤,男,2022,Q1,B,0,0,2A,1,2022-11-30 09:58:54,2022-11-30 09:58:54
201123105103,2,201123105103,C41725058,123VFY-BS-501,巴拉巴拉,巴拉巴拉线下,巴拉巴拉CFOB,非婴童,梭织,梭织外套,巴拉巴拉梭织便服,男,2022,Q1,S,0,0,2A,1,2022-11-30 09:58:54,2022-11-30 09:58:54
201123105104,2,201123105104,C41725059,123VFY-BS-501B,巴拉巴拉,巴拉巴拉线下,巴拉巴拉CFOB,非婴童,梭织,梭织外套,巴拉巴拉梭织便服,男,2022,Q1,A,0,0,2A,1,2022-11-30 09:58:54,2022-11-30 09:58:54
201123105105,2,201123105105,C41725060,123VFY-BS-501C,巴拉巴拉,巴拉巴拉线下,巴拉巴拉CFOB,非婴童,梭织,梭织外套,巴拉巴拉梭织便服,男,2022,Q1,B,0,0,2A,1,2022-11-30 09:58:54,2022-11-30 09:58:54
201123105101,2,201123105101,C41725062,123VFY-BN-501,巴拉巴拉,巴拉巴拉线下,巴拉巴拉ODM,非婴童,牛仔,牛仔大类,巴拉巴拉牛仔便服,男,2022,Q1,B,0,0,2A,1,2022-11-30 09:58:54,2022-11-30 09:58:54
201123100104,2,201123100104,C41725345,123VFY-BZ-134,巴拉巴拉,巴拉巴拉线下,巴拉巴拉CFOB,非婴童,针织,针织大类,巴拉巴拉针织卫衣/T恤,男,2022,Q1,A,0,0,2A,1,2022-11-30 09:58:54,2022-11-30 09:58:54
200123131204,2,200123131204,C41725832,123VFB-UZ-135C,巴拉巴拉,巴拉巴拉线下,巴拉巴拉CFOB,婴童,针织,针织大类,巴拉巴拉针织卫衣/T恤,中,2022,Q1,B,0,0,2A,1,2022-11-30 09:58:54,2022-11-30 09:58:54
201123100001,2,201123100001,C41729011,123VFY-GZ-131,巴拉巴拉,巴拉巴拉线下,巴拉巴拉CFOB,非婴童,针织,针织大类,巴拉巴拉针织卫衣/T恤,女,2022,Q1,B,0,0,3A,1,2022-11-30 09:58:54,2022-11-30 09:58:54
201123100005,2,201123100005,C41729013,123VFY-GZ-136,巴拉巴拉,巴拉巴拉线下,巴拉巴拉CFOB,非婴童,针织,针织大类,巴拉巴拉针织卫衣/T恤,女,2022,Q1,A,0,1,3A,1,2022-11-30 09:58:54,2022-11-30 09:58:54
201123102001,2,201123102001,C41730538,123VFY-GS-222,巴拉巴拉,巴拉巴拉线下,巴拉巴拉CFOB,非婴童,梭织,梭织外套,巴拉巴拉梭织衬衫,女,2022,Q1,A,0,0,2A,1,2022-11-30 09:58:54,2022-11-30 09:58:54
201123121103,2,201123121103,C41733427,123VFY-BZ-142,巴拉巴拉,巴拉巴拉线下,巴拉巴拉CFOB,非婴童,针织,针织大类,巴拉巴拉针织卫衣/T恤,男,2022,Q1,C,0,0,1A,1,2022-11-30 09:58:54,2022-11-30 09:58:54
201123112002,2,201123112002,C41734170,123VFY-GS-301,巴拉巴拉,巴拉巴拉线下,巴拉巴拉CFOB,非婴童,梭织,梭织裙子,巴拉巴拉梭织裙类,女,2022,Q1,B,0,0,3A,1,2022-11-30 09:58:54,2022-11-30 09:58:54
201123111003,2,201123111003,C41734171,123VFY-GS-307,巴拉巴拉,巴拉巴拉线下,巴拉巴拉CFOB,非婴童,梭织,梭织裙子,巴拉巴拉梭织裙类,女,2022,Q1,A,0,0,3A,1,2022-11-30 09:58:54,2022-11-30 09:58:54
201123111006,2,201123111006,C41734172,123VFY-GZ-307,巴拉巴拉,巴拉巴拉线下,巴拉巴拉CFOB,非婴童,针织,针织大类,巴拉巴拉针织裙类,女,2022,Q1,C,0,1,3A,1,2022-11-30 09:58:54,2022-11-30 09:58:54
202123103008,2,202123103008,C41734940,123VFZ-GM-112,巴拉巴拉,巴拉巴拉线下,巴拉巴拉CFOB,非婴童,毛织,毛织大类,巴拉巴拉毛织毛衫,女,2022,Q1,C,0,0,2A,1,2022-11-30 09:58:54,2022-11-30 09:58:54
201123123002,2,201123123002,C41735636,123VFY-GZ-840,巴拉巴拉,巴拉巴拉线下,巴拉巴拉FOB,非婴童,针织,针织大类,巴拉巴拉针织裤类,女,2022,Q1,S,0,1,2A,1,2022-11-30 09:58:54,2022-11-30 09:58:54
201123103007,2,201123103007,C41738142,123VFY-GM-105,巴拉巴拉,巴拉巴拉线下,巴拉巴拉CFOB,非婴童,毛织,毛织大类,巴拉巴拉毛织毛衫,女,2022,Q1,B,0,0,3A,1,2022-11-30 09:58:54,2022-11-30 09:58:54
201123103008,2,201123103008,C41738143,123VFY-GM-105B,巴拉巴拉,巴拉巴拉线下,巴拉巴拉CFOB,非婴童,毛织,毛织大类,巴拉巴拉毛织毛衫,女,2022,Q1,B,0,0,3A,1,2022-11-30 09:58:54,2022-11-30 09:58:54
201123101001,2,201123101001,C41738422,123VFY-GM-402,巴拉巴拉,巴拉巴拉线下,巴拉巴拉CFOB,非婴童,毛织,毛织大类,巴拉巴拉毛织毛衫,女,2022,Q1,C,0,0,3A,1,2022-11-30 09:58:54,2022-11-30 09:58:54
201123123006,2,201123123006,C41738882,123VFY-GZ-841,巴拉巴拉,巴拉巴拉线下,巴拉巴拉FOB,非婴童,针织,针织大类,巴拉巴拉针织裤类,女,2022,Q1,C,0,1,2A,1,2022-11-30 09:58:54,2022-11-30 09:58:54
201123123003,2,201123123003,C41738884,123VFY-GZ-840B,巴拉巴拉,巴拉巴拉线下,巴拉巴拉FOB,非婴童,针织,针织大类,巴拉巴拉针织裤类,女,2022,Q1,B,0,0,2A,1,2022-11-30 09:58:54,2022-11-30 09:58:54
201123121106,2,201123121106,C41744976,123VFY-BZ-142E,巴拉巴拉,巴拉巴拉线下,巴拉巴拉FOB,非婴童,针织,针织大类,巴拉巴拉针织卫衣/T恤,男,2022,Q1,S,0,0,2A,1,2022-11-30 09:58:54,2022-11-30 09:58:54
201123100103,2,201123100103,C41744978,123VFY-BZ-133B,巴拉巴拉,巴拉巴拉线下,巴拉巴拉CFOB,非婴童,针织,针织大类,巴拉巴拉针织卫衣/T恤,男,2022,Q1,B,0,0,2A,1,2022-11-30 09:58:54,2022-11-30 09:58:54
201123105112,2,201123105112,C41744979,123VFY-BZ-501B,巴拉巴拉,巴拉巴拉线下,巴拉巴拉FOB,非婴童,针织,针织大类,巴拉巴拉针织便服,男,2022,Q1,A,0,0,2A,1,2022-11-30 09:58:54,2022-11-30 09:58:54
201123105102,2,201123105102,C41744980,123VFY-BN-501B,巴拉巴拉,巴拉巴拉线下,巴拉巴拉CFOB,非婴童,牛仔,牛仔大类,巴拉巴拉牛仔便服,男,2022,Q1,B,0,0,2A,1,2022-11-30 09:58:54,2022-11-30 09:58:54
201123103104,2,201123103104,C41744983,123VFY-BM-103C,巴拉巴拉,巴拉巴拉线下,巴拉巴拉CFOB,非婴童,毛织,毛织大类,巴拉巴拉毛织毛衫,男,2022,Q1,B,0,0,2A,1,2022-11-30 09:58:54,2022-11-30 09:58:54
201123100006,2,201123100006,C41745672,123VFY-GZ-137,巴拉巴拉,巴拉巴拉线下,巴拉巴拉CFOB,非婴童,针织,针织大类,巴拉巴拉针织卫衣/T恤,女,2022,Q1,S,0,0,2A,1,2022-11-30 09:58:54,2022-11-30 09:58:54
201123105009,2,201123105009,C41746617,123VFY-GN-501,巴拉巴拉,巴拉巴拉线下,巴拉巴拉ODM,非婴童,牛仔,牛仔大类,巴拉巴拉牛仔便服,女,2022,Q1,C,0,0,2A,1,2022-11-30 09:58:54,2022-11-30 09:58:54
201123108118,2,201123108118,C41747968,123VFY-BZ-831,巴拉巴拉,巴拉巴拉线下,巴拉巴拉CFOB,非婴童,针织,针织大类,巴拉巴拉针织裤类,男,2022,Q1,S,0,0,2A,1,2022-11-30 09:58:54,2022-11-30 09:58:54
201123108105,2,201123108105,C41747969,123VFY-BN-804,巴拉巴拉,巴拉巴拉线下,巴拉巴拉CFOB,非婴童,牛仔,牛仔大类,巴拉巴拉牛仔裤类,男,2022,Q1,A,0,0,2A,1,2022-11-30 09:58:54,2022-11-30 09:58:54
201123108112,2,201123108112,C41747971,123VFY-BS-833,巴拉巴拉,巴拉巴拉线下,巴拉巴拉CFOB,非婴童,梭织,梭织裤子,巴拉巴拉梭织裤类,男,2022,Q1,S,0,0,2A,1,2022-11-30 09:58:54,2022-11-30 09:58:54
201123108110,2,201123108110,C41747972,123VFY-BS-832,巴拉巴拉,巴拉巴拉线下,巴拉巴拉CFOB,非婴童,梭织,梭织裤子,巴拉巴拉梭织裤类,男,2022,Q1,C,0,0,2A,1,2022-11-30 09:58:54,2022-11-30 09:58:54
201123108106,2,201123108106,C41747973,123VFY-BN-804B,巴拉巴拉,巴拉巴拉线下,巴拉巴拉CFOB,非婴童,牛仔,牛仔大类,巴拉巴拉牛仔裤类,男,2022,Q1,B,0,0,2A,1,2022-11-30 09:58:54,2022-11-30 09:58:54
201123102102,2,201123102102,C41747975,123VFY-BS-222,巴拉巴拉,巴拉巴拉线下,巴拉巴拉CFOB,非婴童,梭织,梭织外套,巴拉巴拉梭织衬衫,男,2022,Q1,A,0,0,2A,1,2022-11-30 09:58:54,2022-11-30 09:58:54
201123101102,2,201123101102,C41749857,123VFY-BN-401,巴拉巴拉,巴拉巴拉线下,巴拉巴拉CFOB,非婴童,牛仔,牛仔大类,巴拉巴拉牛仔马甲,男,2022,Q1,B,0,0,2A,1,2022-11-30 09:58:54,2022-11-30 09:58:54
201123103103,2,201123103103,C41749858,123VFY-BM-103,巴拉巴拉,巴拉巴拉线下,巴拉巴拉CFOB,非婴童,毛织,毛织大类,巴拉巴拉毛织毛衫,男,2022,Q1,B,0,0,2A,1,2022-11-30 09:58:54,2022-11-30 09:58:54
201123103011,2,201123103011,C41750490,123VFY-GM-101B,巴拉巴拉,巴拉巴拉线下,巴拉巴拉CFOB,非婴童,毛织,毛织大类,巴拉巴拉毛织毛衫,女,2022,Q1,C,0,0,1A,1,2022-11-30 09:58:54,2022-11-30 09:58:54
201123103012,2,201123103012,C41750491,123VFY-GM-104,巴拉巴拉,巴拉巴拉线下,巴拉巴拉CFOB,非婴童,毛织,毛织大类,巴拉巴拉毛织毛衫,女,2022,Q1,A,0,0,1A,1,2022-11-30 09:58:54,2022-11-30 09:58:54
202123103004,2,202123103004,C41750541,123VFZ-GM-102B,巴拉巴拉,巴拉巴拉线下,巴拉巴拉CFOB,非婴童,毛织,毛织大类,巴拉巴拉毛织毛衫,女,2022,Q1,B,0,0,2A,1,2022-11-30 09:58:54,2022-11-30 09:58:54
202123103103,2,202123103103,C41751214,123VFZ-BM-102D,巴拉巴拉,巴拉巴拉线下,巴拉巴拉CFOB,非婴童,毛织,毛织大类,巴拉巴拉毛织毛衫,男,2022,Q1,B,0,0,2A,1,2022-11-30 09:58:54,2022-11-30 09:58:54
202123103009,2,202123103009,C41752465,123VFZ-GM-112B,巴拉巴拉,巴拉巴拉线下,巴拉巴拉CFOB,非婴童,毛织,毛织大类,巴拉巴拉毛织毛衫,女,2022,Q1,B,0,0,2A,1,2022-11-30 09:58:54,2022-11-30 09:58:54
201123122101,2,201123122101,C41755931,123VFY-BM-401,巴拉巴拉,巴拉巴拉线下,巴拉巴拉CFOB,非婴童,毛织,毛织大类,巴拉巴拉毛织毛衫,男,2022,Q1,A,0,0,2A,1,2022-11-30 09:58:54,2022-11-30 09:58:54
201123121002,2,201123121002,C41758531,123VFY-GZ-139C,巴拉巴拉,巴拉巴拉线下,巴拉巴拉FOB,非婴童,针织,针织大类,巴拉巴拉针织卫衣/T恤,女,2022,Q1,C,0,0,2A,1,2022-11-30 09:58:54,2022-11-30 09:58:54
201123104006,2,201123104006,C41759374,123VFY-GS-008B,巴拉巴拉,巴拉巴拉线下,巴拉巴拉CFOB,非婴童,梭织,梭织外套,巴拉巴拉梭织套装,女,2022,Q1,B,0,0,2A,1,2022-11-30 09:58:54,2022-11-30 09:58:54
201123121003,2,201123121003,C41759407,123VFY-GZ-139D,巴拉巴拉,巴拉巴拉线下,巴拉巴拉CFOB,非婴童,针织,针织大类,巴拉巴拉针织卫衣/T恤,女,2022,Q1,S,0,0,2A,1,2022-11-30 09:58:54,2022-11-30 09:58:54
201123111007,2,201123111007,C41760316,123VFY-GZ-308,巴拉巴拉,巴拉巴拉线下,巴拉巴拉CFOB,非婴童,针织,针织大类,巴拉巴拉针织裙类,女,2022,Q1,B,0,0,2A,1,2022-11-30 09:58:54,2022-11-30 09:58:54
201123105106,2,201123105106,C41761263,123VFY-BS-501E,巴拉巴拉,巴拉巴拉线下,巴拉巴拉CFOB,非婴童,梭织,梭织外套,巴拉巴拉梭织便服,男,2022,Q1,S,0,0,1A,1,2022-11-30 09:58:54,2022-11-30 09:58:54
201123108010,2,201123108010,C41761691,123VFY-GZ-839,巴拉巴拉,巴拉巴拉线下,巴拉巴拉CFOB,非婴童,针织,针织大类,巴拉巴拉针织裤类,女,2022,Q1,S,0,1,2A,1,2022-11-30 09:58:54,2022-11-30 09:58:54
201123108007,2,201123108007,C41762306,123VFY-GS-833B,巴拉巴拉,巴拉巴拉线下,巴拉巴拉CFOB,非婴童,梭织,梭织裤子,巴拉巴拉梭织裤类,女,2022,Q1,C,0,0,2A,1,2022-11-30 09:58:54,2022-11-30 09:58:54
201123108011,2,201123108011,C41765046,123VFY-GZ-843,巴拉巴拉,巴拉巴拉线下,巴拉巴拉CFOB,非婴童,针织,针织大类,巴拉巴拉针织裤类,女,2022,Q1,B,0,0,2A,1,2022-11-30 09:58:54,2022-11-30 09:58:54
201123123004,2,201123123004,C41765430,123VFY-GZ-840C,巴拉巴拉,巴拉巴拉线下,巴拉巴拉FOB,非婴童,针织,针织大类,巴拉巴拉针织裤类,女,2022,Q1,B,0,0,2A,1,2022-11-30 09:58:54,2022-11-30 09:58:54
201123111010,2,201123111010,C41767688,123VFY-GN-302,巴拉巴拉,巴拉巴拉线下,巴拉巴拉ODM,非婴童,牛仔,牛仔大类,巴拉巴拉牛仔裙类,女,2022,Q1,B,0,0,2A,1,2022-11-30 09:58:54,2022-11-30 09:58:54
201123105004,2,201123105004,C41767689,123VFY-GS-502B,巴拉巴拉,巴拉巴拉线下,巴拉巴拉CFOB,非婴童,梭织,梭织外套,巴拉巴拉梭织便服,女,2022,Q1,A,0,1,2A,1,2022-11-30 09:58:54,2022-11-30 09:58:54
201123105007,2,201123105007,C41767690,123VFY-GN-501B,巴拉巴拉,巴拉巴拉线下,巴拉巴拉ODM,非婴童,牛仔,牛仔大类,巴拉巴拉牛仔便服,女,2022,Q1,A,0,0,2A,1,2022-11-30 09:58:54,2022-11-30 09:58:54
201123105001,2,201123105001,C41767691,123VFY-GS-501,巴拉巴拉,巴拉巴拉线下,巴拉巴拉CFOB,非婴童,梭织,梭织外套,巴拉巴拉梭织便服,女,2022,Q1,S,0,1,2A,1,2022-11-30 09:58:54,2022-11-30 09:58:54
202123121006,2,202123121006,C41772504,123VFZ-GZ-116,巴拉巴拉,巴拉巴拉线下,巴拉巴拉CFOB,非婴童,针织,针织大类,巴拉巴拉针织卫衣/T恤,女,2022,Q1,A,0,0,2A,1,2022-11-30 09:58:54,2022-11-30 09:58:54
202123121003,2,202123121003,C41772506,123VFZ-GZ-102B,巴拉巴拉,巴拉巴拉线下,巴拉巴拉CFOB,非婴童,针织,针织大类,巴拉巴拉针织卫衣/T恤,女,2022,Q1,B,0,0,2A,1,2022-11-30 09:58:54,2022-11-30 09:58:54
202123100003,2,202123100003,C41772508,123VFZ-GZ-111,巴拉巴拉,巴拉巴拉线下,巴拉巴拉CFOB,非婴童,针织,针织大类,巴拉巴拉针织卫衣/T恤,女,2022,Q1,B,0,0,2A,1,2022-11-30 09:58:54,2022-11-30 09:58:54
202123121101,2,202123121101,C41777670,123VFSZ-BZ-122B,巴拉巴拉,巴拉巴拉线下,巴拉巴拉FOB,非婴童,针织,针织大类,巴拉巴拉针织卫衣/T恤,男,2022,Q1,B,0,0,1A,1,2022-11-30 09:58:54,2022-11-30 09:58:54
202123105008,2,202123105008,C41779718,123VFZ-GN-503B,巴拉巴拉,巴拉巴拉线下,巴拉巴拉ODM,非婴童,牛仔,牛仔大类,巴拉巴拉牛仔便服,女,2022,Q1,B,0,0,2A,1,2022-11-30 09:58:54,2022-11-30 09:58:54
201123103005,2,201123103005,C41780506,123VFY-GM-104C,巴拉巴拉,巴拉巴拉线下,巴拉巴拉CFOB,非婴童,毛织,毛织大类,巴拉巴拉毛织毛衫,女,2022,Q1,B,0,0,2A,1,2022-11-30 09:58:54,2022-11-30 09:58:54
201123122001,2,201123122001,C41782279,123VFY-GM-403,巴拉巴拉,巴拉巴拉线下,巴拉巴拉CFOB,非婴童,毛织,毛织大类,巴拉巴拉毛织毛衫,女,2022,Q1,B,0,0,2A,1,2022-11-30 09:58:54,2022-11-30 09:58:54
201123108115,2,201123108115,C41783881,123VFY-BZ-830B,巴拉巴拉,巴拉巴拉线下,巴拉巴拉FOB,非婴童,针织,针织大类,巴拉巴拉针织裤类,男,2022,Q1,A,0,0,2A,1,2022-11-30 09:58:54,2022-11-30 09:58:54
201123108104,2,201123108104,C41783885,123VFY-BN-802C,巴拉巴拉,巴拉巴拉线下,巴拉巴拉CFOB,非婴童,牛仔,牛仔大类,巴拉巴拉牛仔裤类,男,2022,Q1,B,0,0,2A,1,2022-11-30 09:58:54,2022-11-30 09:58:54
201123108101,2,201123108101,C41783887,123VFY-BN-801B,巴拉巴拉,巴拉巴拉线下,巴拉巴拉ODM,非婴童,牛仔,牛仔大类,巴拉巴拉牛仔裤类,男,2022,Q1,C,0,0,2A,1,2022-11-30 09:58:54,2022-11-30 09:58:54
201123105110,2,201123105110,C41783888,123VFY-BS-502,巴拉巴拉,巴拉巴拉线下,巴拉巴拉CFOB,非婴童,梭织,梭织外套,巴拉巴拉梭织便服,男,2022,Q1,C,0,0,3A,1,2022-11-30 09:58:54,2022-11-30 09:58:54
201123100106,2,201123100106,C41783890,123VFY-BZ-136,巴拉巴拉,巴拉巴拉线下,巴拉巴拉CFOB,非婴童,针织,针织大类,巴拉巴拉针织卫衣/T恤,男,2022,Q1,A,0,0,3A,1,2022-11-30 09:58:54,2022-11-30 09:58:54
201123100105,2,201123100105,C41783891,123VFY-BZ-134C,巴拉巴拉,巴拉巴拉线下,巴拉巴拉FOB,非婴童,针织,针织大类,巴拉巴拉针织卫衣/T恤,男,2022,Q1,A,0,0,2A,1,2022-11-30 09:58:54,2022-11-30 09:58:54
201123100101,2,201123100101,C41783892,123VFY-BZ-131,巴拉巴拉,巴拉巴拉线下,巴拉巴拉CFOB,非婴童,针织,针织大类,巴拉巴拉针织卫衣/T恤,男,2022,Q1,B,0,0,3A,1,2022-11-30 09:58:54,2022-11-30 09:58:54
201123108103,2,201123108103,C41787278,123VFY-BN-802B,巴拉巴拉,巴拉巴拉线下,巴拉巴拉CFOB,非婴童,牛仔,牛仔大类,巴拉巴拉牛仔裤类,男,2022,Q1,B,0,0,1A,1,2022-11-30 09:58:54,2022-11-30 09:58:54
201123108009,2,201123108009,C41787767,123VFY-GZ-838B,巴拉巴拉,巴拉巴拉线下,巴拉巴拉CFOB,非婴童,针织,针织大类,巴拉巴拉针织裤类,女,2022,Q1,A,0,1,1A,1,2022-11-30 09:58:54,2022-11-30 09:58:54
201123123009,2,201123123009,C41787768,123VFY-GZ-841F,巴拉巴拉,巴拉巴拉线下,巴拉巴拉FOB,非婴童,针织,针织大类,巴拉巴拉针织裤类,女,2022,Q1,B,0,1,1A,1,2022-11-30 09:58:54,2022-11-30 09:58:54
201123123005,2,201123123005,C41787769,123VFY-GZ-840D,巴拉巴拉,巴拉巴拉线下,巴拉巴拉CFOB,非婴童,针织,针织大类,巴拉巴拉针织裤类,女,2022,Q1,B,0,0,1A,1,2022-11-30 09:58:54,2022-11-30 09:58:54
201123121102,2,201123121102,C41787770,123VFY-BZ-134B,巴拉巴拉,巴拉巴拉线下,巴拉巴拉FOB,非婴童,针织,针织大类,巴拉巴拉针织卫衣/T恤,男,2022,Q1,B,0,0,1A,1,2022-11-30 09:58:54,2022-11-30 09:58:54
201123121004,2,201123121004,C41787771,123VFY-GZ-139E,巴拉巴拉,巴拉巴拉线下,巴拉巴拉FOB,非婴童,针织,针织大类,巴拉巴拉针织卫衣/T恤,女,2022,Q1,B,0,1,1A,1,2022-11-30 09:58:54,2022-11-30 09:58:54
201123112003,2,201123112003,C41787772,123VFY-GS-301C,巴拉巴拉,巴拉巴拉线下,巴拉巴拉CFOB,非婴童,梭织,梭织裙子,巴拉巴拉梭织裙类,女,2022,Q1,C,0,0,1A,1,2022-11-30 09:58:54,2022-11-30 09:58:54
201123111005,2,201123111005,C41787773,123VFY-GS-310,巴拉巴拉,巴拉巴拉线下,巴拉巴拉CFOB,非婴童,梭织,梭织裙子,巴拉巴拉梭织裙类,女,2022,Q1,C,0,0,1A,1,2022-11-30 09:58:54,2022-11-30 09:58:54
200123105001,2,200123105001,C41789677,123VFB-GS-501,巴拉巴拉,巴拉巴拉线下,巴拉巴拉CFOB,婴童,梭织,梭织外套,巴拉巴拉梭织便服,女,2022,Q1,A,0,0,3A,1,2022-11-30 09:58:54,2022-11-30 09:58:54
200123105002,2,200123105002,C41789678,123VFB-GS-501B,巴拉巴拉,巴拉巴拉线下,巴拉巴拉CFOB,婴童,梭织,梭织外套,巴拉巴拉梭织便服,女,2022,Q1,B,0,0,2A,1,2022-11-30 09:58:54,2022-11-30 09:58:54
202123106102,2,202123106102,C41790713,123VFSZ-BS-502,巴拉巴拉,巴拉巴拉线下,巴拉巴拉CFOB,非婴童,梭织,梭织外套,巴拉巴拉梭织便服,男,2022,Q1,C,0,0,1A,1,2022-11-30 09:58:54,2022-11-30 09:58:54
202123112002,2,202123112002,C41790755,123VFZ-GS-301,巴拉巴拉,巴拉巴拉线下,巴拉巴拉CFOB,非婴童,梭织,梭织裙子,巴拉巴拉梭织裙类,女,2022,Q1,A,0,0,2A,1,2022-11-30 09:58:54,2022-11-30 09:58:54
202123102002,2,202123102002,C41790757,123VFZ-GS-202,巴拉巴拉,巴拉巴拉线下,巴拉巴拉CFOB,非婴童,梭织,梭织外套,巴拉巴拉梭织衬衫,女,2022,Q1,S,0,0,2A,1,2022-11-30 09:58:54,2022-11-30 09:58:54
202123108002,2,202123108002,C41790759,123VFZ-GZ-846,巴拉巴拉,巴拉巴拉线下,巴拉巴拉FOB,非婴童,针织,针织大类,巴拉巴拉针织裤类,女,2022,Q1,S,0,0,2A,1,2022-11-30 09:58:54,2022-11-30 09:58:54
201123100007,2,201123100007,C41791777,123VFY-GZ-137B,巴拉巴拉,巴拉巴拉线下,巴拉巴拉FOB,非婴童,针织,针织大类,巴拉巴拉针织卫衣/T恤,女,2022,Q1,B,0,0,2A,1,2022-11-30 09:58:54,2022-11-30 09:58:54
202123121202,2,202123121202,C41793203,123VFSZ-UZ-121,巴拉巴拉,巴拉巴拉线下,巴拉巴拉CFOB,非婴童,针织,针织大类,巴拉巴拉针织卫衣/T恤,中,2022,Q1,B,0,0,2A,1,2022-11-30 09:58:54,2022-11-30 09:58:54
202123121102,2,202123121102,C41794525,123VFSZ-BZ-122C,巴拉巴拉,巴拉巴拉线下,巴拉巴拉CFOB,非婴童,针织,针织大类,巴拉巴拉针织卫衣/T恤,男,2022,Q1,B,0,0,2A,1,2022-11-30 09:58:54,2022-11-30 09:58:54
202123108013,2,202123108013,C41795762,123VFZ-GN-806,巴拉巴拉,巴拉巴拉线下,巴拉巴拉CFOB,非婴童,牛仔,牛仔大类,巴拉巴拉牛仔裤类,女,2022,Q1,C,0,0,1A,1,2022-11-30 09:58:54,2022-11-30 09:58:54
202123108015,2,202123108015,C41796179,123VFZ-GN-807,巴拉巴拉,巴拉巴拉线下,巴拉巴拉CFOB,非婴童,牛仔,牛仔大类,巴拉巴拉牛仔裤类,女,2022,Q1,B,0,0,1A,1,2022-11-30 09:58:54,2022-11-30 09:58:54
200123156204,2,200123156204,C41796798,123VFB-UZ-402D,巴拉巴拉,巴拉巴拉线下,巴拉巴拉CFOB,婴童,针织,针织大类,巴拉巴拉针织礼盒,中,2022,Q1,C,0,0,2A,1,2022-11-30 09:58:54,2022-11-30 09:58:54
202123104001,2,202123104001,C41796858,123VFZ-GM-002,巴拉巴拉,巴拉巴拉线下,巴拉巴拉CFOB,非婴童,毛织,毛织大类,巴拉巴拉毛织毛衫,女,2022,Q1,A,0,0,1A,1,2022-11-30 09:58:54,2022-11-30 09:58:54
200123132201,2,200123132201,C41796901,123VFB-UZ-819B,巴拉巴拉,巴拉巴拉线下,巴拉巴拉FOB,婴童,针织,针织大类,巴拉巴拉针织裤类,中,2022,Q1,A,0,0,1A,1,2022-11-30 09:58:54,2022-11-30 09:58:54
200123131208,2,200123131208,C41796904,123VFB-UZ-138,巴拉巴拉,巴拉巴拉线下,巴拉巴拉CFOB,婴童,针织,针织大类,巴拉巴拉针织卫衣/T恤,中,2022,Q1,B,0,0,1A,1,2022-11-30 09:58:54,2022-11-30 09:58:54
202123105104,2,202123105104,C41797324,123VFSZ-BS-503B,巴拉巴拉,巴拉巴拉线下,巴拉巴拉CFOB,非婴童,梭织,梭织外套,巴拉巴拉梭织便服,男,2022,Q1,B,0,0,2A,1,2022-11-30 09:58:54,2022-11-30 09:58:54
202123105107,2,202123105107,C41798855,123VFSZ-BUS-511,巴拉巴拉,巴拉巴拉线下,巴拉巴拉CFOB,非婴童,梭织,梭织外套,巴拉巴拉梭织便服,男,2022,Q1,B,0,0,2A,1,2022-11-30 09:58:54,2022-11-30 09:58:54
202123108101,2,202123108101,C41800886,123VFSZ-BS-801,巴拉巴拉,巴拉巴拉线下,巴拉巴拉CFOB,非婴童,梭织,梭织裤子,巴拉巴拉梭织裤类,男,2022,Q1,C,0,0,2A,1,2022-11-30 09:58:54,2022-11-30 09:58:54
202123108104,2,202123108104,C41801397,123VFSZ-BZ-801,巴拉巴拉,巴拉巴拉线下,巴拉巴拉CFOB,非婴童,针织,针织大类,巴拉巴拉针织裤类,男,2022,Q1,C,0,0,2A,1,2022-11-30 09:58:54,2022-11-30 09:58:54
202123108106,2,202123108106,C41801472,123VFSZ-BZ-802,巴拉巴拉,巴拉巴拉线下,巴拉巴拉FOB,非婴童,针织,针织大类,巴拉巴拉针织裤类,男,2022,Q1,B,0,0,2A,1,2022-11-30 09:58:54,2022-11-30 09:58:54
202123111007,2,202123111007,C41804409,123VFZ-GM-301,巴拉巴拉,巴拉巴拉线下,巴拉巴拉CFOB,非婴童,毛织,毛织大类,巴拉巴拉毛织毛衫,女,2022,Q1,C,0,0,1A,1,2022-11-30 09:58:54,2022-11-30 09:58:54
202123111008,2,202123111008,C41804410,123VFZ-GM-301B,巴拉巴拉,巴拉巴拉线下,巴拉巴拉CFOB,非婴童,毛织,毛织大类,巴拉巴拉毛织毛衫,女,2022,Q1,A,0,0,1A,1,2022-11-30 09:58:54,2022-11-30 09:58:54
200123108001,2,200123108001,C41804672,123VFB-GS-845,巴拉巴拉,巴拉巴拉线下,巴拉巴拉CFOB,婴童,梭织,梭织裤子,巴拉巴拉梭织裤类,女,2022,Q1,B,0,1,2A,1,2022-11-30 09:58:54,2022-11-30 09:58:54
200123108005,2,200123108005,C41804674,123VFB-GS-845C,巴拉巴拉,巴拉巴拉线下,巴拉巴拉CFOB,婴童,梭织,梭织裤子,巴拉巴拉梭织裤类,女,2022,Q1,C,0,0,2A,1,2022-11-30 09:58:54,2022-11-30 09:58:54
200123120002,2,200123120002,C41804675,123VFB-GZ-723,巴拉巴拉,巴拉巴拉线下,巴拉巴拉CFOB,婴童,针织,针织大类,巴拉巴拉针织连体衣,女,2022,Q1,B,0,0,2A,1,2022-11-30 09:58:54,2022-11-30 09:58:54
202123103105,2,202123103105,C41806026,123VFZ-BM-116,巴拉巴拉,巴拉巴拉线下,巴拉巴拉CFOB,非婴童,毛织,毛织大类,巴拉巴拉毛织毛衫,男,2022,Q1,B,0,0,2A,1,2022-11-30 09:58:54,2022-11-30 09:58:54
202123105105,2,202123105105,C41807150,123VFSZ-BS-504E,巴拉巴拉,巴拉巴拉线下,巴拉巴拉CFOB,非婴童,梭织,梭织外套,巴拉巴拉梭织便服,男,2022,Q1,B,0,0,3A,1,2022-11-30 09:58:54,2022-11-30 09:58:54
202123105005,2,202123105005,C41807151,123VFSZ-GS-504,巴拉巴拉,巴拉巴拉线下,巴拉巴拉CFOB,非婴童,梭织,梭织外套,巴拉巴拉梭织便服,女,2022,Q1,B,0,0,3A,1,2022-11-30 09:58:54,2022-11-30 09:58:54
202123121105,2,202123121105,C41807533,123VFZ-BZ-102G,巴拉巴拉,巴拉巴拉线下,巴拉巴拉FOB,非婴童,针织,针织大类,巴拉巴拉针织卫衣/T恤,男,2022,Q1,A,0,0,2A,1,2022-11-30 09:58:54,2022-11-30 09:58:54
202123121106,2,202123121106,C41807534,123VFZ-BZ-102H,巴拉巴拉,巴拉巴拉线下,巴拉巴拉CFOB,非婴童,针织,针织大类,巴拉巴拉针织卫衣/T恤,男,2022,Q1,S,0,0,2A,1,2022-11-30 09:58:54,2022-11-30 09:58:54
202123121107,2,202123121107,C41807535,123VFZ-BZ-102J,巴拉巴拉,巴拉巴拉线下,巴拉巴拉FOB,非婴童,针织,针织大类,巴拉巴拉针织卫衣/T恤,男,2022,Q1,B,0,0,2A,1,2022-11-30 09:58:54,2022-11-30 09:58:54
202123105115,2,202123105115,C41807537,123VFZ-BZ-502,巴拉巴拉,巴拉巴拉线下,巴拉巴拉CFOB,非婴童,针织,针织大类,巴拉巴拉针织便服,男,2022,Q1,S,0,0,2A,1,2022-11-30 09:58:54,2022-11-30 09:58:54
202123100102,2,202123100102,C41808178,123VFSZ-BZ-133B,巴拉巴拉,巴拉巴拉线下,巴拉巴拉CFOB,非婴童,针织,针织大类,巴拉巴拉针织卫衣/T恤,男,2022,Q1,A,0,0,3A,1,2022-11-30 09:58:54,2022-11-30 09:58:54
202123100002,2,202123100002,C41808180,123VFSZ-GZ-123,巴拉巴拉,巴拉巴拉线下,巴拉巴拉CFOB,非婴童,针织,针织大类,巴拉巴拉针织卫衣/T恤,女,2022,Q1,A,0,0,3A,1,2022-11-30 09:58:54,2022-11-30 09:58:54
202123108008,2,202123108008,C41809295,123VFZ-GN-803,巴拉巴拉,巴拉巴拉线下,巴拉巴拉ODM,非婴童,牛仔,牛仔大类,巴拉巴拉牛仔裤类,女,2022,Q1,A,0,0,2A,1,2022-11-30 09:58:54,2022-11-30 09:58:54
202123108016,2,202123108016,C41811152,123VFZ-GN-808,巴拉巴拉,巴拉巴拉线下,巴拉巴拉ODM,非婴童,牛仔,牛仔大类,巴拉巴拉牛仔裤类,女,2022,Q1,B,0,0,2A,1,2022-11-30 09:58:54,2022-11-30 09:58:54
201123106101,2,201123106101,C41811260,123VFY-BS-601B,巴拉巴拉,巴拉巴拉线下,巴拉巴拉CFOB,非婴童,梭织,梭织外套,巴拉巴拉梭织棉服,男,2022,Q1,C,0,0,1A,1,2022-11-30 09:58:54,2022-11-30 09:58:54
202123108010,2,202123108010,C41811812,123VFZ-GN-804,巴拉巴拉,巴拉巴拉线下,巴拉巴拉ODM,非婴童,牛仔,牛仔大类,巴拉巴拉牛仔裤类,女,2022,Q1,A,0,0,2A,1,2022-11-30 09:58:54,2022-11-30 09:58:54
202123105001,2,202123105001,C41812252,123VFSZ-GS-502,巴拉巴拉,巴拉巴拉线下,巴拉巴拉CFOB,非婴童,梭织,梭织外套,巴拉巴拉梭织便服,女,2022,Q1,S,0,0,2A,1,2022-11-30 09:58:54,2022-11-30 09:58:54
200123106001,2,200123106001,C41813110,123VFB-GS-601,巴拉巴拉,巴拉巴拉线下,巴拉巴拉CFOB,婴童,梭织,梭织外套,巴拉巴拉梭织棉服,女,2022,Q1,C,0,0,1A,1,2022-11-30 09:58:54,2022-11-30 09:58:54
200123100001,2,200123100001,C41813111,123VFB-GZ-127,巴拉巴拉,巴拉巴拉线下,巴拉巴拉CFOB,婴童,针织,针织大类,巴拉巴拉针织卫衣/T恤,女,2022,Q1,B,0,1,1A,1,2022-11-30 09:58:54,2022-11-30 09:58:54
200123100106,2,200123100106,C41813112,123VFB-BZ-132,巴拉巴拉,巴拉巴拉线下,巴拉巴拉FOB,婴童,针织,针织大类,巴拉巴拉针织卫衣/T恤,男,2022,Q1,B,0,1,1A,1,2022-11-30 09:58:54,2022-11-30 09:58:54
200123100006,2,200123100006,C41813114,123VFB-GZ-135,巴拉巴拉,巴拉巴拉线下,巴拉巴拉CFOB,婴童,针织,针织大类,巴拉巴拉针织卫衣/T恤,女,2022,Q1,B,0,0,1A,1,2022-11-30 09:58:54,2022-11-30 09:58:54
200123104101,2,200123104101,C41813115,123VFB-BZ-019,巴拉巴拉,巴拉巴拉线下,巴拉巴拉CFOB,婴童,针织,针织大类,巴拉巴拉针织套装,男,2022,Q1,B,0,0,1A,1,2022-11-30 09:58:54,2022-11-30 09:58:54
200123104001,2,200123104001,C41813117,123VFB-GM-001,巴拉巴拉,巴拉巴拉线下,巴拉巴拉CFOB,婴童,毛织,毛织大类,巴拉巴拉毛织毛衫,女,2022,Q1,B,0,0,1A,1,2022-11-30 09:58:54,2022-11-30 09:58:54
200123103101,2,200123103101,C41813118,123VFB-BM-101B,巴拉巴拉,巴拉巴拉线下,巴拉巴拉CFOB,婴童,毛织,毛织大类,巴拉巴拉毛织毛衫,男,2022,Q1,S,0,0,1A,1,2022-11-30 09:58:54,2022-11-30 09:58:54
200123103104,2,200123103104,C41813119,123VFB-BM-103B,巴拉巴拉,巴拉巴拉线下,巴拉巴拉CFOB,婴童,毛织,毛织大类,巴拉巴拉毛织毛衫,男,2022,Q1,A,0,0,1A,1,2022-11-30 09:58:54,2022-11-30 09:58:54
200123103001,2,200123103001,C41813120,123VFB-GM-101,巴拉巴拉,巴拉巴拉线下,巴拉巴拉CFOB,婴童,毛织,毛织大类,巴拉巴拉毛织毛衫,女,2022,Q1,B,0,0,1A,1,2022-11-30 09:58:54,2022-11-30 09:58:54
200123103002,2,200123103002,C41813121,123VFB-GM-102,巴拉巴拉,巴拉巴拉线下,巴拉巴拉CFOB,婴童,毛织,毛织大类,巴拉巴拉毛织毛衫,女,2022,Q1,C,0,0,1A,1,2022-11-30 09:58:54,2022-11-30 09:58:54
200123111002,2,200123111002,C41813124,123VFB-GM-301B,巴拉巴拉,巴拉巴拉线下,巴拉巴拉CFOB,婴童,毛织,毛织大类,巴拉巴拉毛织毛衫,女,2022,Q1,S,0,1,1A,1,2022-11-30 09:58:54,2022-11-30 09:58:54
200123111004,2,200123111004,C41813125,123VFB-GS-306B,巴拉巴拉,巴拉巴拉线下,巴拉巴拉CFOB,婴童,梭织,梭织裙子,巴拉巴拉梭织裙类,女,2022,Q1,C,0,0,1A,1,2022-11-30 09:58:54,2022-11-30 09:58:54
200123108105,2,200123108105,C41813127,123VFB-BZ-834,巴拉巴拉,巴拉巴拉线下,巴拉巴拉CFOB,婴童,针织,针织大类,巴拉巴拉针织裤类,男,2022,Q1,A,0,1,1A,1,2022-11-30 09:58:54,2022-11-30 09:58:54
202123108006,2,202123108006,C41816707,123VFSZ-GZ-824,巴拉巴拉,巴拉巴拉线下,巴拉巴拉FOB,非婴童,针织,针织大类,巴拉巴拉针织裤类,女,2022,Q1,A,0,0,2A,1,2022-11-30 09:58:54,2022-11-30 09:58:54
202123108011,2,202123108011,C41820587,123VFZ-GN-804B,巴拉巴拉,巴拉巴拉线下,巴拉巴拉ODM,非婴童,牛仔,牛仔大类,巴拉巴拉牛仔裤类,女,2022,Q1,S,0,0,2A,1,2022-11-30 09:58:54,2022-11-30 09:58:54
202123108009,2,202123108009,C41820930,123VFZ-GN-803B,巴拉巴拉,巴拉巴拉线下,巴拉巴拉ODM,非婴童,牛仔,牛仔大类,巴拉巴拉牛仔裤类,女,2022,Q1,C,0,0,2A,1,2022-11-30 09:58:54,2022-11-30 09:58:54
202123106101,2,202123106101,C41822263,123VFSZ-BS-601,巴拉巴拉,巴拉巴拉线下,巴拉巴拉CFOB,非婴童,梭织,梭织外套,巴拉巴拉梭织棉服,男,2022,Q1,B,0,0,1A,1,2022-11-30 09:58:54,2022-11-30 09:58:54
202123108012,2,202123108012,C41823021,123VFZ-GN-804C,巴拉巴拉,巴拉巴拉线下,巴拉巴拉ODM,非婴童,牛仔,牛仔大类,巴拉巴拉牛仔裤类,女,2022,Q1,B,0,0,2A,1,2022-11-30 09:58:54,2022-11-30 09:58:54
202123108003,2,202123108003,C41824146,123VFSZ-GS-818,巴拉巴拉,巴拉巴拉线下,巴拉巴拉CFOB,非婴童,梭织,梭织裤子,巴拉巴拉梭织裤类,女,2022,Q1,C,0,0,2A,1,2022-11-30 09:58:54,2022-11-30 09:58:54
202123108014,2,202123108014,C41825001,123VFZ-GN-806B,巴拉巴拉,巴拉巴拉线下,巴拉巴拉CFOB,非婴童,牛仔,牛仔大类,巴拉巴拉牛仔裤类,女,2022,Q1,B,0,0,1A,1,2022-11-30 09:58:54,2022-11-30 09:58:54
201123103010,2,201123103010,C41825021,123VFY-GM-105D,巴拉巴拉,巴拉巴拉线下,巴拉巴拉CFOB,非婴童,毛织,毛织大类,巴拉巴拉毛织毛衫,女,2022,Q1,S,0,0,2A,1,2022-11-30 09:58:54,2022-11-30 09:58:54
201123108113,2,201123108113,C41825234,123VFY-BS-833B,巴拉巴拉,巴拉巴拉线下,巴拉巴拉CFOB,非婴童,梭织,梭织裤子,巴拉巴拉梭织裤类,男,2022,Q1,B,0,0,3A,1,2022-11-30 09:58:54,2022-11-30 09:58:54
201123108114,2,201123108114,C41825235,123VFY-BS-833C,巴拉巴拉,巴拉巴拉线下,巴拉巴拉CFOB,非婴童,梭织,梭织裤子,巴拉巴拉梭织裤类,男,2022,Q1,C,0,0,3A,1,2022-11-30 09:58:54,2022-11-30 09:58:54
201123102101,2,201123102101,C41825238,123VFY-BS-221B,巴拉巴拉,巴拉巴拉线下,巴拉巴拉CFOB,非婴童,梭织,梭织外套,巴拉巴拉梭织衬衫,男,2022,Q1,A,0,0,2A,1,2022-11-30 09:58:54,2022-11-30 09:58:54
201123121108,2,201123121108,C41825239,123VFY-BZ-143C,巴拉巴拉,巴拉巴拉线下,巴拉巴拉FOB,非婴童,针织,针织大类,巴拉巴拉针织卫衣/T恤,男,2022,Q1,C,0,0,2A,1,2022-11-30 09:58:54,2022-11-30 09:58:54
200123120003,2,200123120003,C41827994,123VFB-GZ-723B,巴拉巴拉,巴拉巴拉线下,巴拉巴拉CFOB,婴童,针织,针织大类,巴拉巴拉针织连体衣,女,2022,Q1,C,0,0,2A,1,2022-11-30 09:58:54,2022-11-30 09:58:54
202123108105,2,202123108105,C41828687,123VFSZ-BZ-801B,巴拉巴拉,巴拉巴拉线下,巴拉巴拉FOB,非婴童,针织,针织大类,巴拉巴拉针织裤类,男,2022,Q1,S,0,0,2A,1,2022-11-30 09:58:54,2022-11-30 09:58:54
202123105108,2,202123105108,C41829042,123VFZ-BN-501,巴拉巴拉,巴拉巴拉线下,巴拉巴拉ODM,非婴童,牛仔,牛仔大类,巴拉巴拉牛仔便服,男,2022,Q1,C,0,0,2A,1,2022-11-30 09:58:54,2022-11-30 09:58:54
202123105109,2,202123105109,C41830212,123VFZ-BN-501B,巴拉巴拉,巴拉巴拉线下,巴拉巴拉ODM,非婴童,牛仔,牛仔大类,巴拉巴拉牛仔便服,男,2022,Q1,S,0,0,2A,1,2022-11-30 09:58:54,2022-11-30 09:58:54
202123108110,2,202123108110,C41831454,123VFZ-BN-801,巴拉巴拉,巴拉巴拉线下,巴拉巴拉CFOB,非婴童,牛仔,牛仔大类,巴拉巴拉牛仔裤类,男,2022,Q1,C,0,0,1A,1,2022-11-30 09:58:54,2022-11-30 09:58:54
202123108111,2,202123108111,C41831805,123VFZ-BN-802,巴拉巴拉,巴拉巴拉线下,巴拉巴拉CFOB,非婴童,牛仔,牛仔大类,巴拉巴拉牛仔裤类,男,2022,Q1,B,0,0,2A,1,2022-11-30 09:58:54,2022-11-30 09:58:54
202123108112,2,202123108112,C41836958,123VFZ-BN-802B,巴拉巴拉,巴拉巴拉线下,巴拉巴拉ODM,非婴童,牛仔,牛仔大类,巴拉巴拉牛仔裤类,男,2022,Q1,A,0,0,2A,1,2022-11-30 09:58:54,2022-11-30 09:58:54
202123108113,2,202123108113,C41837280,123VFZ-BN-802C,巴拉巴拉,巴拉巴拉线下,巴拉巴拉CFOB,非婴童,牛仔,牛仔大类,巴拉巴拉牛仔裤类,男,2022,Q1,B,0,0,2A,1,2022-11-30 09:58:54,2022-11-30 09:58:54
201123101002,2,201123101002,C41844971,123VFY-GM-402B,巴拉巴拉,巴拉巴拉线下,巴拉巴拉CFOB,非婴童,毛织,毛织大类,巴拉巴拉毛织毛衫,女,2022,Q1,A,0,0,2A,1,2022-11-30 09:58:54,2022-11-30 09:58:54
202123123001,2,202123123001,C41848481,123VFSZ-GZ-808B,巴拉巴拉,巴拉巴拉线下,巴拉巴拉FOB,非婴童,针织,针织大类,巴拉巴拉针织裤类,女,2022,Q1,C,0,0,3A,1,2022-11-30 09:58:54,2022-11-30 09:58:54
202123108007,2,202123108007,C41848482,123VFSZ-GZ-824B,巴拉巴拉,巴拉巴拉线下,巴拉巴拉FOB,非婴童,针织,针织大类,巴拉巴拉针织裤类,女,2022,Q1,A,0,0,3A,1,2022-11-30 09:58:54,2022-11-30 09:58:54
201123102003,2,201123102003,C41849787,123VFY-GS-222D,巴拉巴拉,巴拉巴拉线下,巴拉巴拉CFOB,非婴童,梭织,梭织外套,巴拉巴拉梭织衬衫,女,2022,Q1,A,0,0,2A,1,2022-11-30 09:58:54,2022-11-30 09:58:54
202123108108,2,202123108108,C41851711,123VFSZ-BZ-803,巴拉巴拉,巴拉巴拉线下,巴拉巴拉CFOB,非婴童,针织,针织大类,巴拉巴拉针织裤类,男,2022,Q1,B,0,0,1A,1,2022-11-30 09:58:54,2022-11-30 09:58:54
200123100007,2,200123100007,C41852702,123VFB-GZ-135B,巴拉巴拉,巴拉巴拉线下,巴拉巴拉FOB,婴童,针织,针织大类,巴拉巴拉针织卫衣/T恤,女,2022,Q1,A,0,1,2A,1,2022-11-30 09:58:54,2022-11-30 09:58:54
200123100002,2,200123100002,C41852703,123VFB-GZ-127B,巴拉巴拉,巴拉巴拉线下,巴拉巴拉CFOB,婴童,针织,针织大类,巴拉巴拉针织卫衣/T恤,女,2022,Q1,B,0,0,2A,1,2022-11-30 09:58:54,2022-11-30 09:58:54
200123100009,2,200123100009,C41852704,123VFB-GZ-137,巴拉巴拉,巴拉巴拉线下,巴拉巴拉CFOB,婴童,针织,针织大类,巴拉巴拉针织卫衣/T恤,女,2022,Q1,S,0,1,2A,1,2022-11-30 09:58:54,2022-11-30 09:58:54
202123108102,2,202123108102,C41855219,123VFSZ-BS-802,巴拉巴拉,巴拉巴拉线下,巴拉巴拉CFOB,非婴童,梭织,梭织裤子,巴拉巴拉梭织裤类,男,2022,Q1,B,0,0,3A,1,2022-11-30 09:58:54,2022-11-30 09:58:54
202123108107,2,202123108107,C41855220,123VFSZ-BZ-802C,巴拉巴拉,巴拉巴拉线下,巴拉巴拉FOB,非婴童,针织,针织大类,巴拉巴拉针织裤类,男,2022,Q1,B,0,0,3A,1,2022-11-30 09:58:54,2022-11-30 09:58:54
202123105010,2,202123105010,C41859042,123VFZ-GS-504B,巴拉巴拉,巴拉巴拉线下,巴拉巴拉CFOB,非婴童,梭织,梭织外套,巴拉巴拉梭织便服,女,2022,Q1,S,0,0,1A,1,2022-11-30 09:58:54,2022-11-30 09:58:54
202123106001,2,202123106001,C41859043,123VFZ-GS-611,巴拉巴拉,巴拉巴拉线下,巴拉巴拉CFOB,非婴童,梭织,梭织外套,巴拉巴拉梭织棉服,女,2022,Q1,C,0,0,1A,1,2022-11-30 09:58:54,2022-11-30 09:58:54
202123108018,2,202123108018,C41859047,123VFZ-GZ-851,巴拉巴拉,巴拉巴拉线下,巴拉巴拉CFOB,非婴童,针织,针织大类,巴拉巴拉针织裤类,女,2022,Q1,B,0,0,2A,1,2022-11-30 09:58:54,2022-11-30 09:58:54
202123112003,2,202123112003,C41859050,123VFZ-GS-301C,巴拉巴拉,巴拉巴拉线下,巴拉巴拉CFOB,非婴童,梭织,梭织裙子,巴拉巴拉梭织裙类,女,2022,Q1,B,0,0,1A,1,2022-11-30 09:58:54,2022-11-30 09:58:54
202123122101,2,202123122101,C41859535,123VFZ-BZ-411,巴拉巴拉,巴拉巴拉线下,巴拉巴拉CFOB,非婴童,针织,针织大类,巴拉巴拉针织背心,男,2022,Q1,C,0,0,2A,1,2022-11-30 09:58:54,2022-11-30 09:58:54
200123104102,2,200123104102,C41860770,123VFB-BZ-019B,巴拉巴拉,巴拉巴拉线下,巴拉巴拉FOB,婴童,针织,针织大类,巴拉巴拉针织套装,男,2022,Q1,B,0,0,2A,1,2022-11-30 09:58:54,2022-11-30 09:58:54
200123103008,2,200123103008,C41864243,123VFB-GM-102B,巴拉巴拉,巴拉巴拉线下,巴拉巴拉CFOB,婴童,毛织,毛织大类,巴拉巴拉毛织毛衫,女,2022,Q1,A,0,0,2A,1,2022-11-30 09:58:54,2022-11-30 09:58:54
200123103004,2,200123103004,C41864253,123VFB-GM-102D,巴拉巴拉,巴拉巴拉线下,巴拉巴拉CFOB,婴童,毛织,毛织大类,巴拉巴拉毛织毛衫,女,2022,Q1,B,0,0,2A,1,2022-11-30 09:58:54,2022-11-30 09:58:54
200123105003,2,200123105003,C41864257,123VFB-GS-501C,巴拉巴拉,巴拉巴拉线下,巴拉巴拉CFOB,婴童,梭织,梭织外套,巴拉巴拉梭织便服,女,2022,Q1,B,0,1,2A,1,2022-11-30 09:58:54,2022-11-30 09:58:54
200123105004,2,200123105004,C41864261,123VFB-GS-501D,巴拉巴拉,巴拉巴拉线下,巴拉巴拉CFOB,婴童,梭织,梭织外套,巴拉巴拉梭织便服,女,2022,Q1,B,0,0,2A,1,2022-11-30 09:58:54,2022-11-30 09:58:54
200123108002,2,200123108002,C41865928,123VFB-GZ-850,巴拉巴拉,巴拉巴拉线下,巴拉巴拉CFOB,婴童,针织,针织大类,巴拉巴拉针织裤类,女,2022,Q1,B,0,0,1A,1,2022-11-30 09:58:54,2022-11-30 09:58:54
200123120102,2,200123120102,C41865930,123VFB-BZ-719,巴拉巴拉,巴拉巴拉线下,巴拉巴拉CFOB,婴童,针织,针织大类,巴拉巴拉针织连体衣,男,2022,Q1,A,0,0,1A,1,2022-11-30 09:58:54,2022-11-30 09:58:54
200123120103,2,200123120103,C41865931,123VFB-BZ-719B,巴拉巴拉,巴拉巴拉线下,巴拉巴拉CFOB,婴童,针织,针织大类,巴拉巴拉针织连体衣,男,2022,Q1,C,0,0,1A,1,2022-11-30 09:58:54,2022-11-30 09:58:54
200123120004,2,200123120004,C41865935,123VFB-GZ-723F,巴拉巴拉,巴拉巴拉线下,巴拉巴拉CFOB,婴童,针织,针织大类,巴拉巴拉针织连体衣,女,2022,Q1,B,0,0,1A,1,2022-11-30 09:58:54,2022-11-30 09:58:54
200123101004,2,200123101004,C41865937,123VFB-GS-419B,巴拉巴拉,巴拉巴拉线下,巴拉巴拉CFOB,婴童,梭织,梭织外套,巴拉巴拉梭织马甲,女,2022,Q1,C,0,0,1A,1,2022-11-30 09:58:54,2022-11-30 09:58:54
200123101005,2,200123101005,C41865938,123VFB-GS-419C,巴拉巴拉,巴拉巴拉线下,巴拉巴拉CFOB,婴童,梭织,梭织外套,巴拉巴拉梭织马甲,女,2022,Q1,B,0,0,1A,1,2022-11-30 09:58:54,2022-11-30 09:58:54
200123106103,2,200123106103,C41865940,123VFB-BZ-607,巴拉巴拉,巴拉巴拉线下,巴拉巴拉CFOB,婴童,针织,针织大类,巴拉巴拉针织棉服,男,2022,Q1,C,0,0,1A,1,2022-11-30 09:58:54,2022-11-30 09:58:54
200123106101,2,200123106101,C41865941,123VFB-BS-607,巴拉巴拉,巴拉巴拉线下,巴拉巴拉CFOB,婴童,梭织,梭织外套,巴拉巴拉梭织棉服,男,2022,Q1,A,0,1,1A,1,2022-11-30 09:58:54,2022-11-30 09:58:54
200123123003,2,200123123003,C41865943,123VFB-GZ-837D,巴拉巴拉,巴拉巴拉线下,巴拉巴拉CFOB,婴童,针织,针织大类,巴拉巴拉针织裤类,女,2022,Q1,A,0,0,1A,1,2022-11-30 09:58:54,2022-11-30 09:58:54
200123120101,2,200123120101,C41865947,123VFB-BS-724,巴拉巴拉,巴拉巴拉线下,巴拉巴拉CFOB,婴童,梭织,梭织婴童,巴拉巴拉梭织连体衣,男,2022,Q1,C,0,0,1A,1,2022-11-30 09:58:54,2022-11-30 09:58:54
202123104101,2,202123104101,C41869204,123VFSZ-BZ-009,巴拉巴拉,巴拉巴拉线下,巴拉巴拉FOB,非婴童,针织,针织大类,巴拉巴拉针织套装,男,2022,Q1,C,0,0,3A,1,2022-11-30 09:58:54,2022-11-30 09:58:54
200123105102,2,200123105102,C41874140,123VFB-BS-501C,巴拉巴拉,巴拉巴拉线下,巴拉巴拉CFOB,婴童,梭织,梭织外套,巴拉巴拉梭织便服,男,2022,Q1,C,0,0,3A,1,2022-11-30 09:58:54,2022-11-30 09:58:54
201123123001,2,201123123001,C41874166,123VFY-GN-804E,巴拉巴拉,巴拉巴拉线下,巴拉巴拉CFOB,非婴童,牛仔,牛仔大类,巴拉巴拉牛仔裤类,女,2022,Q1,C,0,0,2A,1,2022-11-30 09:58:54,2022-11-30 09:58:54
200123120106,2,200123120106,C41876079,123VFB-BZ-720,巴拉巴拉,巴拉巴拉线下,巴拉巴拉FOB,婴童,针织,针织大类,巴拉巴拉针织连体衣,男,2022,Q1,A,0,0,2A,1,2022-11-30 09:58:54,2022-11-30 09:58:54
200123100103,2,200123100103,C41876080,123VFB-BZ-107,巴拉巴拉,巴拉巴拉线下,巴拉巴拉FOB,婴童,针织,针织大类,巴拉巴拉针织卫衣/T恤,男,2022,Q1,S,0,1,2A,1,2022-11-30 09:58:54,2022-11-30 09:58:54
200123100104,2,200123100104,C41876081,123VFB-BZ-107B,巴拉巴拉,巴拉巴拉线下,巴拉巴拉CFOB,婴童,针织,针织大类,巴拉巴拉针织卫衣/T恤,男,2022,Q1,C,0,0,2A,1,2022-11-30 09:58:54,2022-11-30 09:58:54
200123100110,2,200123100110,C41876082,123VFB-BZ-133B,巴拉巴拉,巴拉巴拉线下,巴拉巴拉CFOB,婴童,针织,针织大类,巴拉巴拉针织卫衣/T恤,男,2022,Q1,B,0,0,2A,1,2022-11-30 09:58:54,2022-11-30 09:58:54
200123100107,2,200123100107,C41876083,123VFB-BZ-132C,巴拉巴拉,巴拉巴拉线下,巴拉巴拉FOB,婴童,针织,针织大类,巴拉巴拉针织卫衣/T恤,男,2022,Q1,S,0,1,2A,1,2022-11-30 09:58:54,2022-11-30 09:58:54
202123105013,2,202123105013,C41876646,123VFZ-GS-504C,巴拉巴拉,巴拉巴拉线下,巴拉巴拉CFOB,非婴童,梭织,梭织外套,巴拉巴拉梭织便服,女,2022,Q1,B,0,0,2A,1,2022-11-30 09:58:54,2022-11-30 09:58:54
200123105005,2,200123105005,C41877145,123VFB-GS-501E,巴拉巴拉,巴拉巴拉线下,巴拉巴拉CFOB,婴童,梭织,梭织外套,巴拉巴拉梭织便服,女,2022,Q1,S,0,1,2A,1,2022-11-30 09:58:54,2022-11-30 09:58:54
200123103005,2,200123103005,C41880915,123VFB-GM-102E,巴拉巴拉,巴拉巴拉线下,巴拉巴拉CFOB,婴童,毛织,毛织大类,巴拉巴拉毛织毛衫,女,2022,Q1,A,0,0,3A,1,2022-11-30 09:58:54,2022-11-30 09:58:54
201123121203,2,201123121203,C41884405,123VFY-UZ-109,巴拉巴拉,巴拉巴拉线下,巴拉巴拉FOB,非婴童,针织,针织大类,巴拉巴拉针织卫衣/T恤,中,2022,Q1,B,0,0,2A,1,2022-11-30 09:58:54,2022-11-30 09:58:54
201123108201,2,201123108201,C41884407,123VFY-UZ-801,巴拉巴拉,巴拉巴拉线下,巴拉巴拉FOB,非婴童,针织,针织大类,巴拉巴拉针织裤类,中,2022,Q1,S,0,0,2A,1,2022-11-30 09:58:54,2022-11-30 09:58:54
201123104102,2,201123104102,C41884729,123VFY-BZ-011D,巴拉巴拉,巴拉巴拉线下,巴拉巴拉FOB,非婴童,针织,针织大类,巴拉巴拉针织套装,男,2022,Q1,B,0,0,1A,1,2022-11-30 09:58:54,2022-11-30 09:58:54
200123120105,2,200123120105,C41885310,123VFB-BZ-719E,巴拉巴拉,巴拉巴拉线下,巴拉巴拉CFOB,婴童,针织,针织大类,巴拉巴拉针织连体衣,男,2022,Q1,B,0,0,3A,1,2022-11-30 09:58:54,2022-11-30 09:58:54
201123106102,2,201123106102,C41885648,123VFY-BS-601C,巴拉巴拉,巴拉巴拉线下,巴拉巴拉CFOB,非婴童,梭织,梭织外套,巴拉巴拉梭织棉服,男,2022,Q1,C,0,0,1A,1,2022-11-30 09:58:54,2022-11-30 09:58:54
201123116001,2,201123116001,C41885651,123VFY-GS-701B,巴拉巴拉,巴拉巴拉线下,巴拉巴拉CFOB,非婴童,梭织,梭织外套,巴拉巴拉梭织呢衣,女,2022,Q1,C,0,0,1A,1,2022-11-30 09:58:54,2022-11-30 09:58:54
201123106001,2,201123106001,C41885652,123VFY-GS-602B,巴拉巴拉,巴拉巴拉线下,巴拉巴拉CFOB,非婴童,梭织,梭织外套,巴拉巴拉梭织棉服,女,2022,Q1,B,0,1,1A,1,2022-11-30 09:58:54,2022-11-30 09:58:54
201123105002,2,201123105002,C41885655,123VFY-GS-501B,巴拉巴拉,巴拉巴拉线下,巴拉巴拉CFOB,非婴童,梭织,梭织外套,巴拉巴拉梭织便服,女,2022,Q1,S,0,1,1A,1,2022-11-30 09:58:54,2022-11-30 09:58:54
200123101002,2,200123101002,C41886561,123VFB-GM-401B,巴拉巴拉,巴拉巴拉线下,巴拉巴拉CFOB,婴童,毛织,毛织大类,巴拉巴拉毛织毛衫,女,2022,Q1,B,0,0,3A,1,2022-11-30 09:58:54,2022-11-30 09:58:54
200123120201,2,200123120201,C41887157,123VFB-UZ-719,巴拉巴拉,巴拉巴拉线下,巴拉巴拉CFOB,婴童,针织,针织大类,巴拉巴拉针织连体衣,中,2022,Q1,B,0,0,2A,1,2022-11-30 09:58:54,2022-11-30 09:58:54
200123103102,2,200123103102,C41887813,123VFB-BM-101C,巴拉巴拉,巴拉巴拉线下,巴拉巴拉CFOB,婴童,毛织,毛织大类,巴拉巴拉毛织毛衫,男,2022,Q1,A,0,0,2A,1,2022-11-30 09:58:54,2022-11-30 09:58:54
200123105108,2,200123105108,C41887816,123VFB-BZ-501B,巴拉巴拉,巴拉巴拉线下,巴拉巴拉CFOB,婴童,针织,针织大类,巴拉巴拉针织便服,男,2022,Q1,B,0,1,2A,1,2022-11-30 09:58:54,2022-11-30 09:58:54
202123102001,2,202123102001,C41888631,123VFZ-GS-201B,巴拉巴拉,巴拉巴拉线下,巴拉巴拉CFOB,非婴童,梭织,梭织外套,巴拉巴拉梭织衬衫,女,2022,Q1,A,0,0,1A,1,2022-11-30 09:58:54,2022-11-30 09:58:54
201123101003,2,201123101003,C41889097,123VFY-GS-406B,巴拉巴拉,巴拉巴拉线下,巴拉巴拉CFOB,非婴童,梭织,梭织外套,巴拉巴拉梭织马甲,女,2022,Q1,B,0,0,1A,1,2022-11-30 09:58:54,2022-11-30 09:58:54
201123108117,2,201123108117,C41889099,123VFY-BZ-830D,巴拉巴拉,巴拉巴拉线下,巴拉巴拉CFOB,非婴童,针织,针织大类,巴拉巴拉针织裤类,男,2022,Q1,A,0,0,1A,1,2022-11-30 09:58:54,2022-11-30 09:58:54
200123120107,2,200123120107,C41889554,123VFB-BZ-720B,巴拉巴拉,巴拉巴拉线下,巴拉巴拉CFOB,婴童,针织,针织大类,巴拉巴拉针织连体衣,男,2022,Q1,C,0,0,2A,1,2022-11-30 09:58:54,2022-11-30 09:58:54
200123101101,2,200123101101,C41894281,123VFB-BM-401,巴拉巴拉,巴拉巴拉线下,巴拉巴拉CFOB,婴童,毛织,毛织大类,巴拉巴拉毛织毛衫,男,2022,Q1,A,0,0,2A,1,2022-11-30 09:58:54,2022-11-30 09:58:54
200123101103,2,200123101103,C41894282,123VFB-BS-419B,巴拉巴拉,巴拉巴拉线下,巴拉巴拉CFOB,婴童,梭织,梭织外套,巴拉巴拉梭织马甲,男,2022,Q1,C,0,0,2A,1,2022-11-30 09:58:54,2022-11-30 09:58:54
200123101104,2,200123101104,C41894283,123VFB-BS-419C,巴拉巴拉,巴拉巴拉线下,巴拉巴拉CFOB,婴童,梭织,梭织外套,巴拉巴拉梭织马甲,男,2022,Q1,C,0,0,1A,1,2022-11-30 09:58:54,2022-11-30 09:58:54
200123105103,2,200123105103,C41894284,123VFB-BS-501D,巴拉巴拉,巴拉巴拉线下,巴拉巴拉CFOB,婴童,梭织,梭织外套,巴拉巴拉梭织便服,男,2022,Q1,C,0,0,2A,1,2022-11-30 09:58:54,2022-11-30 09:58:54
200123105105,2,200123105105,C41894285,123VFB-BS-502,巴拉巴拉,巴拉巴拉线下,巴拉巴拉CFOB,婴童,梭织,梭织外套,巴拉巴拉梭织便服,男,2022,Q1,A,0,1,2A,1,2022-11-30 09:58:54,2022-11-30 09:58:54
200123105107,2,200123105107,C41894286,123VFB-BS-503B,巴拉巴拉,巴拉巴拉线下,巴拉巴拉CFOB,婴童,梭织,梭织外套,巴拉巴拉梭织便服,男,2022,Q1,S,0,0,2A,1,2022-11-30 09:58:54,2022-11-30 09:58:54
200123123001,2,200123123001,C41901233,123VFB-GZ-837,巴拉巴拉,巴拉巴拉线下,巴拉巴拉FOB,婴童,针织,针织大类,巴拉巴拉针织裤类,女,2022,Q1,A,0,0,2A,1,2022-11-30 09:58:54,2022-11-30 09:58:54
200123123002,2,200123123002,C41901234,123VFB-GZ-837B,巴拉巴拉,巴拉巴拉线下,巴拉巴拉FOB,婴童,针织,针织大类,巴拉巴拉针织裤类,女,2022,Q1,B,0,0,2A,1,2022-11-30 09:58:54,2022-11-30 09:58:54
200123100003,2,200123100003,C41902493,123VFB-GZ-127C,巴拉巴拉,巴拉巴拉线下,巴拉巴拉CFOB,婴童,针织,针织大类,巴拉巴拉针织卫衣/T恤,女,2022,Q1,A,0,1,2A,1,2022-11-30 09:58:54,2022-11-30 09:58:54
200123108106,2,200123108106,C41902494,123VFB-BZ-835D,巴拉巴拉,巴拉巴拉线下,巴拉巴拉FOB,婴童,针织,针织大类,巴拉巴拉针织裤类,男,2022,Q1,B,0,1,2A,1,2022-11-30 09:58:54,2022-11-30 09:58:54
200123108103,2,200123108103,C41902496,123VFB-BS-835,巴拉巴拉,巴拉巴拉线下,巴拉巴拉CFOB,婴童,梭织,梭织裤子,巴拉巴拉梭织裤类,男,2022,Q1,B,0,1,2A,1,2022-11-30 09:58:54,2022-11-30 09:58:54
200123108102,2,200123108102,C41902497,123VFB-BS-834B,巴拉巴拉,巴拉巴拉线下,巴拉巴拉CFOB,婴童,梭织,梭织裤子,巴拉巴拉梭织裤类,男,2022,Q1,C,0,0,2A,1,2022-11-30 09:58:54,2022-11-30 09:58:54
200123108109,2,200123108109,C41902498,123VFB-BZ-840,巴拉巴拉,巴拉巴拉线下,巴拉巴拉FOB,婴童,针织,针织大类,巴拉巴拉针织裤类,男,2022,Q1,B,0,0,2A,1,2022-11-30 09:58:54,2022-11-30 09:58:54
200123108004,2,200123108004,C41906247,123VFB-GZ-853D,巴拉巴拉,巴拉巴拉线下,巴拉巴拉FOB,婴童,针织,针织大类,巴拉巴拉针织裤类,女,2022,Q1,S,0,1,3A,1,2022-11-30 09:58:54,2022-11-30 09:58:54
200123108107,2,200123108107,C41912325,123VFB-BZ-835E,巴拉巴拉,巴拉巴拉线下,巴拉巴拉CFOB,婴童,针织,针织大类,巴拉巴拉针织裤类,男,2022,Q1,C,0,0,2A,1,2022-11-30 09:58:54,2022-11-30 09:58:54
200123102101,2,200123102101,C41912326,123VFB-BS-228,巴拉巴拉,巴拉巴拉线下,巴拉巴拉CFOB,婴童,梭织,梭织外套,巴拉巴拉梭织衬衫,男,2022,Q1,A,0,0,2A,1,2022-11-30 09:58:54,2022-11-30 09:58:54
200123108201,2,200123108201,C41916043,123VFB-UZ-840,巴拉巴拉,巴拉巴拉线下,巴拉巴拉FOB,婴童,针织,针织大类,巴拉巴拉针织裤类,中,2022,Q1,A,0,1,2A,1,2022-11-30 09:58:54,2022-11-30 09:58:54
202123102103,2,202123102103,C41919505,123VFZ-BS-202B,巴拉巴拉,巴拉巴拉线下,巴拉巴拉CFOB,非婴童,梭织,梭织外套,巴拉巴拉梭织衬衫,男,2022,Q1,B,0,0,2A,1,2022-11-30 09:58:54,2022-11-30 09:58:54
202123100103,2,202123100103,C41919506,123VFZ-BZ-145,巴拉巴拉,巴拉巴拉线下,巴拉巴拉FOB,非婴童,针织,针织大类,巴拉巴拉针织卫衣/T恤,男,2022,Q1,A,0,0,2A,1,2022-11-30 09:58:54,2022-11-30 09:58:54
202123100104,2,202123100104,C41919507,123VFZ-BZ-102K,巴拉巴拉,巴拉巴拉线下,巴拉巴拉FOB,非婴童,针织,针织大类,巴拉巴拉针织卫衣/T恤,男,2022,Q1,A,0,0,2A,1,2022-11-30 09:58:54,2022-11-30 09:58:54
202123108117,2,202123108117,C41919508,123VFZ-BZ-840E,巴拉巴拉,巴拉巴拉线下,巴拉巴拉CFOB,非婴童,针织,针织大类,巴拉巴拉针织裤类,男,2022,Q1,S,0,0,2A,1,2022-11-30 09:58:54,2022-11-30 09:58:54
202123108116,2,202123108116,C41919509,123VFZ-BZ-801,巴拉巴拉,巴拉巴拉线下,巴拉巴拉CFOB,非婴童,针织,针织大类,巴拉巴拉针织裤类,男,2022,Q1,B,0,0,2A,1,2022-11-30 09:58:54,2022-11-30 09:58:54
202123108115,2,202123108115,C41919511,123VFZ-BS-842B,巴拉巴拉,巴拉巴拉线下,巴拉巴拉CFOB,非婴童,梭织,梭织裤子,巴拉巴拉梭织裤类,男,2022,Q1,A,0,0,2A,1,2022-11-30 09:58:54,2022-11-30 09:58:54
200123111007,2,200123111007,C41927560,123VFB-GZ-306,巴拉巴拉,巴拉巴拉线下,巴拉巴拉CFOB,婴童,针织,针织大类,巴拉巴拉针织裙类,女,2022,Q1,A,0,1,2A,1,2022-11-30 09:58:54,2022-11-30 09:58:54
200123102001,2,200123102001,C41927561,123VFB-GS-224,巴拉巴拉,巴拉巴拉线下,巴拉巴拉CFOB,婴童,梭织,梭织外套,巴拉巴拉梭织衬衫,女,2022,Q1,A,0,0,3A,1,2022-11-30 09:58:54,2022-11-30 09:58:54
202123104102,2,202123104102,C41931149,123VFSZ-BZ-009B,巴拉巴拉,巴拉巴拉线下,巴拉巴拉FOB,非婴童,针织,针织大类,巴拉巴拉针织套装,男,2022,Q1,C,0,0,1A,1,2022-11-30 09:58:54,2022-11-30 09:58:54
200123104201,2,200123104201,C41931816,123VFB-UZ-017,巴拉巴拉,巴拉巴拉线下,巴拉巴拉FOB,婴童,针织,针织大类,巴拉巴拉针织套装,中,2022,Q1,B,0,0,2A,1,2022-11-30 09:58:54,2022-11-30 09:58:54
202123101101,2,202123101101,C41934870,123VFZ-BN-401,巴拉巴拉,巴拉巴拉线下,巴拉巴拉ODM,非婴童,牛仔,牛仔大类,巴拉巴拉牛仔马甲,男,2022,Q1,B,0,0,2A,1,2022-11-30 09:58:54,2022-11-30 09:58:54
202123105102,2,202123105102,C41947904,123VFSZ-BS-502B,巴拉巴拉,巴拉巴拉线下,巴拉巴拉CFOB,非婴童,梭织,梭织外套,巴拉巴拉梭织便服,男,2022,Q1,S,0,0,1A,1,2022-11-30 09:58:54,2022-11-30 09:58:54
202123108103,2,202123108103,C41951552,123VFSZ-BS-802B,巴拉巴拉,巴拉巴拉线下,巴拉巴拉CFOB,非婴童,梭织,梭织裤子,巴拉巴拉梭织裤类,男,2022,Q1,S,0,0,1A,1,2022-11-30 09:58:54,2022-11-30 09:58:54
201123108123,2,201123108123,C41972946,123VFY-BZ-831D,巴拉巴拉,巴拉巴拉线下,巴拉巴拉FOB,非婴童,针织,针织大类,巴拉巴拉针织裤类,男,2022,Q1,B,0,0,1A,1,2022-11-30 09:58:54,2022-11-30 09:58:54
200123100004,2,200123100004,C41987554,123VFB-GZ-127D,巴拉巴拉,巴拉巴拉线下,巴拉巴拉CFOB,婴童,针织,针织大类,巴拉巴拉针织卫衣/T恤,女,2022,Q1,S,0,1,3A,1,2022-11-30 09:58:54,2022-11-30 09:58:54
200123108104,2,200123108104,C41988709,123VFB-BS-836B,巴拉巴拉,巴拉巴拉线下,巴拉巴拉CFOB,婴童,梭织,梭织裤子,巴拉巴拉梭织裤类,男,2022,Q1,A,0,1,3A,1,2022-11-30 09:58:54,2022-11-30 09:58:54
200123123004,2,200123123004,C41991495,123VFB-GZ-837H,巴拉巴拉,巴拉巴拉线下,巴拉巴拉CFOB,婴童,针织,针织大类,巴拉巴拉针织裤类,女,2022,Q1,C,0,0,3A,1,2022-11-30 09:58:54,2022-11-30 09:58:54
200123123005,2,200123123005,C41991496,123VFB-GZ-837J,巴拉巴拉,巴拉巴拉线下,巴拉巴拉CFOB,婴童,针织,针织大类,巴拉巴拉针织裤类,女,2022,Q1,A,0,0,3A,1,2022-11-30 09:58:54,2022-11-30 09:58:54
200123108101,2,200123108101,C41996872,123VFB-BN-801,巴拉巴拉,巴拉巴拉线下,巴拉巴拉CFOB,婴童,牛仔,牛仔大类,巴拉巴拉牛仔裤类,男,2022,Q1,A,0,0,2A,1,2022-11-30 09:58:54,2022-11-30 09:58:54
201123111011,2,201123111011,C42002572,123VFY-GZ-307C,巴拉巴拉,巴拉巴拉线下,巴拉巴拉FOB,非婴童,针织,针织大类,巴拉巴拉针织裙类,女,2022,Q1,A,0,1,2A,1,2022-11-30 09:58:54,2022-11-30 09:58:54
202123103002,2,202123103002,C42016306,123VFZ-GM-101C,巴拉巴拉,巴拉巴拉线下,巴拉巴拉CFOB,非婴童,毛织,毛织大类,巴拉巴拉毛织毛衫,女,2022,Q1,S,0,0,2A,1,2022-11-30 09:58:54,2022-11-30 09:58:54
201123100201,2,201123100201,C42020097,123VFY-UZ-107,巴拉巴拉,巴拉巴拉线下,巴拉巴拉FOB,非婴童,针织,针织大类,巴拉巴拉针织卫衣/T恤,中,2022,Q1,B,0,0,2A,1,2022-11-30 09:58:54,2022-11-30 09:58:54
201123111001,2,201123111001,C42041193,123VFY-GM-301,巴拉巴拉,巴拉巴拉线下,巴拉巴拉CFOB,非婴童,毛织,毛织大类,巴拉巴拉毛织毛衫,女,2022,Q1,S,0,1,1A,1,2022-11-30 09:58:54,2022-11-30 09:58:54
200123101106,2,200123101106,C42046047,123VFB-BM-401B,巴拉巴拉,巴拉巴拉线下,巴拉巴拉CFOB,婴童,毛织,毛织大类,巴拉巴拉毛织毛衫,男,2022,Q1,B,0,0,3A,1,2022-11-30 09:58:54,2022-11-30 09:58:54
201123112001,2,201123112001,C42048375,123VFY-GM-302,巴拉巴拉,巴拉巴拉线下,巴拉巴拉CFOB,非婴童,毛织,毛织大类,巴拉巴拉毛织毛衫,女,2022,Q1,B,0,0,2A,1,2022-11-30 09:58:54,2022-11-30 09:58:54
202123111002,2,202123111002,C42055167,123VFZ-GS-306,巴拉巴拉,巴拉巴拉线下,巴拉巴拉CFOB,非婴童,梭织,梭织裙子,巴拉巴拉梭织裙类,女,2022,Q1,A,0,0,2A,1,2022-11-30 09:58:54,2022-11-30 09:58:54
208123100005,2,208123100005,C42199879,123DY-GZ-104,巴拉巴拉,巴拉巴拉线上,巴拉巴拉FOB,非婴童,针织,针织大类,巴拉巴拉针织卫衣/T恤,女,2022,Q1,B,0,0,2批,1,2022-11-30 09:58:54,2022-11-30 09:58:54
208123103001,2,208123103001,C42199883,123DY-GM-103,巴拉巴拉,巴拉巴拉线上,巴拉巴拉FOB,非婴童,毛织,毛织大类,巴拉巴拉毛织毛衫,女,2022,Q1,B,0,0,0批,1,2022-11-30 09:58:54,2022-11-30 09:58:54
208123108103,2,208123108103,C42209154,123DZ-BS-802,巴拉巴拉,巴拉巴拉线上,巴拉巴拉FOB,非婴童,梭织,梭织裤子,巴拉巴拉梭织裤类,男,2022,Q1,B,0,0,2批,1,2022-11-30 09:58:54,2022-11-30 09:58:54
208123108101,2,208123108101,C42209160,123DZ-BZ-805,巴拉巴拉,巴拉巴拉线上,巴拉巴拉FOB,非婴童,针织,针织大类,巴拉巴拉针织裤类,男,2022,Q1,B,0,0,0批,1,2022-11-30 09:58:54,2022-11-30 09:58:54
208123104210,2,208123104210,C42210652,123DZ-UBS-001,巴拉巴拉,巴拉巴拉线上,巴拉巴拉FOB,非婴童,梭织,梭织外套,巴拉巴拉梭织套装,中,2022,Q1,C,0,0,3A,1,2022-11-30 09:58:54,2022-11-30 09:58:54
208123104206,2,208123104206,C42210653,123DZ-UBZ-001,巴拉巴拉,巴拉巴拉线上,巴拉巴拉FOB,非婴童,针织,针织大类,巴拉巴拉针织套装,中,2022,Q1,B,0,0,2批,1,2022-11-30 09:58:54,2022-11-30 09:58:54
208123105001,2,208123105001,C42212289,123DY-GS-501,巴拉巴拉,巴拉巴拉线上,巴拉巴拉FOB,非婴童,梭织,梭织外套,巴拉巴拉梭织便服,女,2022,Q1,S,0,0,0批,1,2022-11-30 09:58:54,2022-11-30 09:58:54
208123108009,2,208123108009,C42212291,123DY-GN-801,巴拉巴拉,巴拉巴拉线上,巴拉巴拉FOB,非婴童,牛仔,牛仔大类,巴拉巴拉牛仔裤类,女,2022,Q1,C,0,0,2批,1,2022-11-30 09:58:54,2022-11-30 09:58:54
208123108007,2,208123108007,C42212292,123DY-GS-801,巴拉巴拉,巴拉巴拉线上,巴拉巴拉FOB,非婴童,梭织,梭织裤子,巴拉巴拉梭织裤类,女,2022,Q1,A,0,0,2批,1,2022-11-30 09:58:54,2022-11-30 09:58:54
208123108008,2,208123108008,C42212293,123DY-GZ-801,巴拉巴拉,巴拉巴拉线上,巴拉巴拉CFOB,非婴童,针织,针织大类,巴拉巴拉针织裤类,女,2022,Q1,A,0,0,1批,1,2022-11-30 09:58:54,2022-11-30 09:58:54
208123104001,2,208123104001,C42212296,123DY-GM-002,巴拉巴拉,巴拉巴拉线上,巴拉巴拉FOB,非婴童,毛织,毛织大类,巴拉巴拉毛织毛衫,女,2022,Q1,B,0,0,1批,1,2022-11-30 09:58:54,2022-11-30 09:58:54
208123104002,2,208123104002,C42212298,123DY-GS-002,巴拉巴拉,巴拉巴拉线上,巴拉巴拉CFOB,非婴童,梭织,梭织外套,巴拉巴拉梭织套装,女,2022,Q1,B,0,0,0批,1,2022-11-30 09:58:54,2022-11-30 09:58:54
208123104004,2,208123104004,C42212300,123DY-GZ-002,巴拉巴拉,巴拉巴拉线上,巴拉巴拉FOB,非婴童,针织,针织大类,巴拉巴拉针织套装,女,2022,Q1,B,0,0,2批,1,2022-11-30 09:58:54,2022-11-30 09:58:54
208123121003,2,208123121003,C42212302,123DY-GZ-106,巴拉巴拉,巴拉巴拉线上,巴拉巴拉CFOB,非婴童,针织,针织大类,巴拉巴拉针织卫衣/T恤,女,2022,Q1,B,0,0,2批,1,2022-11-30 09:58:54,2022-11-30 09:58:54
208123123002,2,208123123002,C42212305,123DY-GZ-805,巴拉巴拉,巴拉巴拉线上,巴拉巴拉FOB,非婴童,针织,针织大类,巴拉巴拉针织裤类,女,2022,Q1,B,0,0,3批,1,2022-11-30 09:58:54,2022-11-30 09:58:54
208123111005,2,208123111005,C42212308,123DY-GM-301,巴拉巴拉,巴拉巴拉线上,巴拉巴拉FOB,非婴童,毛织,毛织大类,巴拉巴拉毛织毛衫,女,2022,Q1,B,0,0,1批,1,2022-11-30 09:58:54,2022-11-30 09:58:54
208123106101,2,208123106101,C42213568,123DZ-BS-602,巴拉巴拉,巴拉巴拉线上,巴拉巴拉CFOB,非婴童,梭织,梭织外套,巴拉巴拉梭织棉服,男,2022,Q1,B,0,0,0批,1,2022-11-30 09:58:54,2022-11-30 09:58:54
208123111003,2,208123111003,C42214677,123DY-GS-301,巴拉巴拉,巴拉巴拉线上,巴拉巴拉FOB,非婴童,梭织,梭织裙子,巴拉巴拉梭织裙类,女,2022,Q1,B,0,0,0批,1,2022-11-30 09:58:54,2022-11-30 09:58:54
208123111016,2,208123111016,C42214680,123DY-GS-304,巴拉巴拉,巴拉巴拉线上,巴拉巴拉FOB,非婴童,梭织,梭织裙子,巴拉巴拉梭织裙类,女,2022,Q1,B,0,0,2批,1,2022-11-30 09:58:54,2022-11-30 09:58:54
208123111006,2,208123111006,C42214681,123DY-GS-305,巴拉巴拉,巴拉巴拉线上,巴拉巴拉FOB,非婴童,梭织,梭织裙子,巴拉巴拉梭织裙类,女,2022,Q1,B,0,0,0批,1,2022-11-30 09:58:54,2022-11-30 09:58:54
208123111001,2,208123111001,C42214682,123DY-GS-306,巴拉巴拉,巴拉巴拉线上,巴拉巴拉CFOB,非婴童,梭织,梭织裙子,巴拉巴拉梭织裙类,女,2022,Q1,B,0,0,0批,1,2022-11-30 09:58:54,2022-11-30 09:58:54
208123111002,2,208123111002,C42214683,123DY-GS-307,巴拉巴拉,巴拉巴拉线上,巴拉巴拉CFOB,非婴童,梭织,梭织裙子,巴拉巴拉梭织裙类,女,2022,Q1,B,0,0,0批,1,2022-11-30 09:58:54,2022-11-30 09:58:54
208123111017,2,208123111017,C42214684,123DY-GZ-301,巴拉巴拉,巴拉巴拉线上,巴拉巴拉CFOB,非婴童,针织,针织大类,巴拉巴拉针织裙类,女,2022,Q1,B,0,0,2批,1,2022-11-30 09:58:54,2022-11-30 09:58:54
208123101001,2,208123101001,C42214687,123DY-GS-401,巴拉巴拉,巴拉巴拉线上,巴拉巴拉FOB,非婴童,梭织,梭织外套,巴拉巴拉梭织马甲,女,2022,Q1,B,0,0,0批,1,2022-11-30 09:58:54,2022-11-30 09:58:54
208123105101,2,208123105101,C42214691,123DY-BS-501,巴拉巴拉,巴拉巴拉线上,巴拉巴拉FOB,非婴童,梭织,梭织外套,巴拉巴拉梭织便服,男,2022,Q1,S,0,0,0批,1,2022-11-30 09:58:54,2022-11-30 09:58:54
208123103101,2,208123103101,C42215027,123DZ-BM-101,巴拉巴拉,巴拉巴拉线上,巴拉巴拉FOB,非婴童,毛织,毛织大类,巴拉巴拉毛织毛衫,男,2022,Q1,B,0,0,0批,1,2022-11-30 09:58:54,2022-11-30 09:58:54
208123100101,2,208123100101,C42215099,123DZ-BZ-103,巴拉巴拉,巴拉巴拉线上,巴拉巴拉FOB,非婴童,针织,针织大类,巴拉巴拉针织卫衣/T恤,男,2022,Q1,B,0,0,2批,1,2022-11-30 09:58:54,2022-11-30 09:58:54
208123104101,2,208123104101,C42215660,123DY-BZ-001,巴拉巴拉,巴拉巴拉线上,巴拉巴拉FOB,非婴童,针织,针织大类,巴拉巴拉针织套装,男,2022,Q1,C,0,0,1批,1,2022-11-30 09:58:54,2022-11-30 09:58:54
208123100206,2,208123100206,C42215668,123DY-UBZ-102,巴拉巴拉,巴拉巴拉线上,巴拉巴拉FOB,非婴童,针织,针织大类,巴拉巴拉针织卫衣/T恤,中,2022,Q1,C,0,0,1批,1,2022-11-30 09:58:54,2022-11-30 09:58:54
208123100105,2,208123100105,C42215669,123DY-BZ-103,巴拉巴拉,巴拉巴拉线上,巴拉巴拉CFOB,非婴童,针织,针织大类,巴拉巴拉针织卫衣/T恤,男,2022,Q1,A,0,0,3批,1,2022-11-30 09:58:54,2022-11-30 09:58:54
208123105106,2,208123105106,C42215671,123DY-BUS-501,巴拉巴拉,巴拉巴拉线上,巴拉巴拉FOB,非婴童,梭织,梭织外套,巴拉巴拉梭织便服,男,2022,Q1,B,0,0,2批,1,2022-11-30 09:58:54,2022-11-30 09:58:54
208123108202,2,208123108202,C42215675,123DY-US-801,巴拉巴拉,巴拉巴拉线上,巴拉巴拉FOB,非婴童,梭织,梭织裤子,巴拉巴拉梭织裤类,中,2022,Q1,C,0,0,0批,1,2022-11-30 09:58:54,2022-11-30 09:58:54
208123108201,2,208123108201,C42215676,123DY-UZ-801,巴拉巴拉,巴拉巴拉线上,巴拉巴拉FOB,非婴童,针织,针织大类,巴拉巴拉针织裤类,中,2022,Q1,A,0,0,0批,1,2022-11-30 09:58:54,2022-11-30 09:58:54
208123108211,2,208123108211,C42215677,123DY-UZ-802,巴拉巴拉,巴拉巴拉线上,巴拉巴拉CFOB,非婴童,针织,针织大类,巴拉巴拉针织裤类,中,2022,Q1,C,0,0,1批,1,2022-11-30 09:58:54,2022-11-30 09:58:54
208123100207,2,208123100207,C42215679,123DY-UZ-101,巴拉巴拉,巴拉巴拉线上,巴拉巴拉CFOB,非婴童,针织,针织大类,巴拉巴拉针织卫衣/T恤,中,2022,Q1,A,0,0,1批,1,2022-11-30 09:58:54,2022-11-30 09:58:54
208123121101,2,208123121101,C42215832,123DZ-BZ-105,巴拉巴拉,巴拉巴拉线上,巴拉巴拉FOB,非婴童,针织,针织大类,巴拉巴拉针织卫衣/T恤,男,2022,Q1,A,0,0,0批,1,2022-11-30 09:58:54,2022-11-30 09:58:54
208123100102,2,208123100102,C42215836,123DZ-BZ-109,巴拉巴拉,巴拉巴拉线上,巴拉巴拉FOB,非婴童,针织,针织大类,巴拉巴拉针织卫衣/T恤,男,2022,Q1,B,0,0,3批,1,2022-11-30 09:58:54,2022-11-30 09:58:54
208123103202,2,208123103202,C42217137,123DZ-UM-102,巴拉巴拉,巴拉巴拉线上,巴拉巴拉FOB,非婴童,毛织,毛织大类,巴拉巴拉毛织毛衫,中,2022,Q1,A,0,0,0批,1,2022-11-30 09:58:54,2022-11-30 09:58:54
208123100205,2,208123100205,C42218567,123DZ-UZ-102,巴拉巴拉,巴拉巴拉线上,巴拉巴拉CFOB,非婴童,针织,针织大类,巴拉巴拉针织卫衣/T恤,中,2022,Q1,A,0,0,1批,1,2022-11-30 09:58:54,2022-11-30 09:58:54
208123100208,2,208123100208,C42219155,123DY-UZ-102,巴拉巴拉,巴拉巴拉线上,巴拉巴拉FOB,非婴童,针织,针织大类,巴拉巴拉针织卫衣/T恤,中,2022,Q1,A,0,0,1批,1,2022-11-30 09:58:54,2022-11-30 09:58:54
208123104209,2,208123104209,C42219160,123DY-UZ-004,巴拉巴拉,巴拉巴拉线上,巴拉巴拉FOB,非婴童,针织,针织大类,巴拉巴拉针织套装,中,2022,Q1,B,0,0,1批,1,2022-11-30 09:58:54,2022-11-30 09:58:54
208123121202,2,208123121202,C42219162,123DY-UZ-105,巴拉巴拉,巴拉巴拉线上,巴拉巴拉FOB,非婴童,针织,针织大类,巴拉巴拉针织卫衣/T恤,中,2022,Q1,C,0,0,0批,1,2022-11-30 09:58:54,2022-11-30 09:58:54
208123121206,2,208123121206,C42219164,123DY-UZ-107,巴拉巴拉,巴拉巴拉线上,巴拉巴拉FOB,非婴童,针织,针织大类,巴拉巴拉针织卫衣/T恤,中,2022,Q1,A,0,0,1批,1,2022-11-30 09:58:54,2022-11-30 09:58:54
208123121207,2,208123121207,C42219169,123DY-UZ-112,巴拉巴拉,巴拉巴拉线上,巴拉巴拉CFOB,非婴童,针织,针织大类,巴拉巴拉针织卫衣/T恤,中,2022,Q1,B,0,0,2批,1,2022-11-30 09:58:54,2022-11-30 09:58:54
208123106201,2,208123106201,C42219170,123DY-US-601,巴拉巴拉,巴拉巴拉线上,巴拉巴拉FOB,非婴童,梭织,梭织外套,巴拉巴拉梭织棉服,中,2022,Q1,B,0,0,1批,1,2022-11-30 09:58:54,2022-11-30 09:58:54
208123104208,2,208123104208,C42219320,123DZ-UZ-001,巴拉巴拉,巴拉巴拉线上,巴拉巴拉CFOB,非婴童,针织,针织大类,巴拉巴拉针织套装,中,2022,Q1,A,0,0,1批,1,2022-11-30 09:58:54,2022-11-30 09:58:54
208123104207,2,208123104207,C42219322,123DZ-UZ-003,巴拉巴拉,巴拉巴拉线上,巴拉巴拉CFOB,非婴童,针织,针织大类,巴拉巴拉针织套装,中,2022,Q1,B,0,0,3批,1,2022-11-30 09:58:54,2022-11-30 09:58:54
208123121205,2,208123121205,C42221421,123DZ-UZ-103,巴拉巴拉,巴拉巴拉线上,巴拉巴拉FOB,非婴童,针织,针织大类,巴拉巴拉针织卫衣/T恤,中,2022,Q1,C,0,0,1批,1,2022-11-30 09:58:54,2022-11-30 09:58:54
208123121203,2,208123121203,C42221422,123DZ-UZ-104,巴拉巴拉,巴拉巴拉线上,巴拉巴拉FOB,非婴童,针织,针织大类,巴拉巴拉针织卫衣/T恤,中,2022,Q1,A,0,0,0批,1,2022-11-30 09:58:54,2022-11-30 09:58:54
208123111007,2,208123111007,C42223654,123DZ-GM-301,巴拉巴拉,巴拉巴拉线上,巴拉巴拉FOB,非婴童,毛织,毛织大类,巴拉巴拉毛织毛衫,女,2022,Q1,C,0,0,0批,1,2022-11-30 09:58:54,2022-11-30 09:58:54
208123103006,2,208123103006,C42224127,123DZ-GM-102,巴拉巴拉,巴拉巴拉线上,巴拉巴拉FOB,非婴童,毛织,毛织大类,巴拉巴拉毛织毛衫,女,2022,Q1,C,0,0,0批,1,2022-11-30 09:58:54,2022-11-30 09:58:54
208123108003,2,208123108003,C42224393,123DZ-GN-802,巴拉巴拉,巴拉巴拉线上,巴拉巴拉FOB,非婴童,牛仔,牛仔大类,巴拉巴拉牛仔裤类,女,2022,Q1,B,0,0,1批,1,2022-11-30 09:58:54,2022-11-30 09:58:54
208123100004,2,208123100004,C42225035,123DZ-GZ-102,巴拉巴拉,巴拉巴拉线上,巴拉巴拉CFOB,非婴童,针织,针织大类,巴拉巴拉针织卫衣/T恤,女,2022,Q1,B,0,0,4批,1,2022-11-30 09:58:54,2022-11-30 09:58:54
208123104005,2,208123104005,C42227021,123DZ-GZ-001,巴拉巴拉,巴拉巴拉线上,巴拉巴拉CFOB,非婴童,针织,针织大类,巴拉巴拉针织套装,女,2022,Q1,B,0,0,2批,1,2022-11-30 09:58:54,2022-11-30 09:58:54
208123121001,2,208123121001,C42227350,123DZ-GZ-104,巴拉巴拉,巴拉巴拉线上,巴拉巴拉FOB,非婴童,针织,针织大类,巴拉巴拉针织卫衣/T恤,女,2022,Q1,C,0,0,0批,1,2022-11-30 09:58:54,2022-11-30 09:58:54
208123105201,2,208123105201,C42256225,123DB-US-501,巴拉巴拉,巴拉巴拉线上,巴拉巴拉CFOB,婴童,梭织,梭织外套,巴拉巴拉梭织便服,中,2022,Q1,B,0,0,2A,1,2022-11-30 09:58:54,2022-11-30 09:58:54
208123105202,2,208123105202,C42256226,123DB-UZ-501,巴拉巴拉,巴拉巴拉线上,巴拉巴拉FOB,婴童,针织,针织大类,巴拉巴拉针织便服,中,2022,Q1,B,0,0,2A,1,2022-11-30 09:58:54,2022-11-30 09:58:54
208123101202,2,208123101202,C42256227,123DB-UM-401,巴拉巴拉,巴拉巴拉线上,巴拉巴拉FOB,婴童,毛织,毛织大类,巴拉巴拉毛织毛衫,中,2022,Q1,A,0,0,2A,1,2022-11-30 09:58:54,2022-11-30 09:58:54
208123101203,2,208123101203,C42256229,123DB-UZ-401,巴拉巴拉,巴拉巴拉线上,巴拉巴拉FOB,婴童,针织,针织大类,巴拉巴拉针织马甲,中,2022,Q1,A,0,0,2A,1,2022-11-30 09:58:54,2022-11-30 09:58:54
208123103203,2,208123103203,C42256230,123DB-UM-101,巴拉巴拉,巴拉巴拉线上,巴拉巴拉FOB,婴童,毛织,毛织大类,巴拉巴拉毛织毛衫,中,2022,Q1,A,0,1,0批,1,2022-11-30 09:58:54,2022-11-30 09:58:54
208123103204,2,208123103204,C42256231,123DB-UM-102,巴拉巴拉,巴拉巴拉线上,巴拉巴拉FOB,婴童,毛织,毛织大类,巴拉巴拉毛织毛衫,中,2022,Q1,A,0,1,0批,1,2022-11-30 09:58:54,2022-11-30 09:58:54
208123103205,2,208123103205,C42256232,123DB-UM-103,巴拉巴拉,巴拉巴拉线上,巴拉巴拉FOB,婴童,毛织,毛织大类,巴拉巴拉毛织毛衫,中,2022,Q1,B,0,0,2A,1,2022-11-30 09:58:54,2022-11-30 09:58:54
208123104202,2,208123104202,C42256233,123DB-UZ-001,巴拉巴拉,巴拉巴拉线上,巴拉巴拉FOB,婴童,针织,针织大类,巴拉巴拉针织套装,中,2022,Q1,S,0,0,2A,1,2022-11-30 09:58:54,2022-11-30 09:58:54
208123104201,2,208123104201,C42258005,123DB-UZ-002,巴拉巴拉,巴拉巴拉线上,巴拉巴拉FOB,婴童,针织,针织大类,巴拉巴拉针织套装,中,2022,Q1,A,0,1,0批,1,2022-11-30 09:58:54,2022-11-30 09:58:54
208123104204,2,208123104204,C42258007,123DB-UZ-004,巴拉巴拉,巴拉巴拉线上,巴拉巴拉FOB,婴童,针织,针织大类,巴拉巴拉针织套装,中,2022,Q1,B,0,0,2A,1,2022-11-30 09:58:54,2022-11-30 09:58:54
208123120203,2,208123120203,C42258008,123DB-UZ-701,巴拉巴拉,巴拉巴拉线上,巴拉巴拉FOB,婴童,针织,针织大类,巴拉巴拉针织连体衣,中,2022,Q1,S,0,0,2A,1,2022-11-30 09:58:54,2022-11-30 09:58:54
208123120201,2,208123120201,C42258009,123DB-UZ-702,巴拉巴拉,巴拉巴拉线上,巴拉巴拉CFOB,婴童,针织,针织大类,巴拉巴拉针织连体衣,中,2022,Q1,A,0,1,0批,1,2022-11-30 09:58:54,2022-11-30 09:58:54
208123120204,2,208123120204,C42258010,123DB-UZ-703,巴拉巴拉,巴拉巴拉线上,巴拉巴拉FOB,婴童,针织,针织大类,巴拉巴拉针织连体衣,中,2022,Q1,B,0,0,1A,1,2022-11-30 09:58:54,2022-11-30 09:58:54
208123120205,2,208123120205,C42258011,123DB-UZ-704,巴拉巴拉,巴拉巴拉线上,巴拉巴拉FOB,婴童,针织,针织大类,巴拉巴拉针织连体衣,中,2022,Q1,A,0,0,1A,1,2022-11-30 09:58:54,2022-11-30 09:58:54
208123120104,2,208123120104,C42258012,123DB-BUZ-705,巴拉巴拉,巴拉巴拉线上,巴拉巴拉FOB,婴童,针织,针织大类,巴拉巴拉针织连体衣,男,2022,Q1,A,0,0,1A,1,2022-11-30 09:58:54,2022-11-30 09:58:54
208123120202,2,208123120202,C42258015,123DB-UZ-708,巴拉巴拉,巴拉巴拉线上,巴拉巴拉CFOB,婴童,针织,针织大类,巴拉巴拉针织连体衣,中,2022,Q1,A,0,1,0批,1,2022-11-30 09:58:54,2022-11-30 09:58:54
208123108205,2,208123108205,C42258016,123DB-US-801,巴拉巴拉,巴拉巴拉线上,巴拉巴拉FOB,婴童,梭织,梭织裤子,巴拉巴拉梭织裤类,中,2022,Q1,B,0,0,3A,1,2022-11-30 09:58:54,2022-11-30 09:58:54
208123108206,2,208123108206,C42258017,123DB-UZ-801,巴拉巴拉,巴拉巴拉线上,巴拉巴拉FOB,婴童,针织,针织大类,巴拉巴拉针织裤类,中,2022,Q1,S,0,0,2A,1,2022-11-30 09:58:54,2022-11-30 09:58:54
208123100202,2,208123100202,C42258018,123DB-UZ-101,巴拉巴拉,巴拉巴拉线上,巴拉巴拉FOB,婴童,针织,针织大类,巴拉巴拉针织卫衣/T恤,中,2022,Q1,S,0,0,3A,1,2022-11-30 09:58:54,2022-11-30 09:58:54
208123100203,2,208123100203,C42258019,123DB-UZ-102,巴拉巴拉,巴拉巴拉线上,巴拉巴拉FOB,婴童,针织,针织大类,巴拉巴拉针织卫衣/T恤,中,2022,Q1,A,0,0,2A,1,2022-11-30 09:58:54,2022-11-30 09:58:54
208123100204,2,208123100204,C42258021,123DB-UZ-104,巴拉巴拉,巴拉巴拉线上,巴拉巴拉FOB,婴童,针织,针织大类,巴拉巴拉针织卫衣/T恤,中,2022,Q1,C,0,0,2A,1,2022-11-30 09:58:54,2022-11-30 09:58:54
208123111010,2,208123111010,C42258022,123DB-GM-301,巴拉巴拉,巴拉巴拉线上,巴拉巴拉FOB,婴童,毛织,毛织大类,巴拉巴拉毛织毛衫,女,2022,Q1,S,0,1,0批,1,2022-11-30 09:58:54,2022-11-30 09:58:54
208123103008,2,208123103008,C42258716,123DB-GM-101,巴拉巴拉,巴拉巴拉线上,巴拉巴拉FOB,婴童,毛织,毛织大类,巴拉巴拉毛织毛衫,女,2022,Q1,C,0,0,0批,1,2022-11-30 09:58:54,2022-11-30 09:58:54
208123120002,2,208123120002,C42258718,123DB-GS-702,巴拉巴拉,巴拉巴拉线上,巴拉巴拉FOB,婴童,梭织,梭织婴童,巴拉巴拉梭织连体衣,女,2022,Q1,A,0,0,2A,1,2022-11-30 09:58:54,2022-11-30 09:58:54
208123120003,2,208123120003,C42258719,123DB-GZ-701,巴拉巴拉,巴拉巴拉线上,巴拉巴拉FOB,婴童,针织,针织大类,巴拉巴拉针织连体衣,女,2022,Q1,B,0,0,2A,1,2022-11-30 09:58:54,2022-11-30 09:58:54
208123104003,2,208123104003,C42258722,123DB-GS-002,巴拉巴拉,巴拉巴拉线上,巴拉巴拉FOB,婴童,梭织,梭织外套,巴拉巴拉梭织套装,女,2022,Q1,A,0,0,2A,1,2022-11-30 09:58:54,2022-11-30 09:58:54
208123120206,2,208123120206,C42258730,123DB-UZ-709,巴拉巴拉,巴拉巴拉线上,巴拉巴拉FOB,婴童,针织,针织大类,巴拉巴拉针织连体衣,中,2022,Q1,C,0,0,2A,1,2022-11-30 09:58:54,2022-11-30 09:58:54
208123121102,2,208123121102,C42273569,123DZ-BZ-106B,巴拉巴拉,巴拉巴拉线上,巴拉巴拉FOB,非婴童,针织,针织大类,巴拉巴拉针织卫衣/T恤,男,2022,Q1,A,0,0,0批,1,2022-11-30 09:58:54,2022-11-30 09:58:54
208123107202,2,208123107202,C42273573,123DZ-US-901B,巴拉巴拉,巴拉巴拉线上,巴拉巴拉CFOB,非婴童,梭织,梭织外套,巴拉巴拉梭织羽绒服,中,2022,Q1,A,0,0,0批,1,2022-11-30 09:58:54,2022-11-30 09:58:54
208123111004,2,208123111004,C42290884,123DY-GM-302B,巴拉巴拉,巴拉巴拉线上,巴拉巴拉CFOB,非婴童,毛织,毛织大类,巴拉巴拉毛织毛衫,女,2022,Q1,B,0,0,0批,1,2022-11-30 09:58:54,2022-11-30 09:58:54
208123103201,2,208123103201,C42292197,123DY-UM-101,巴拉巴拉,巴拉巴拉线上,巴拉巴拉FOB,非婴童,毛织,毛织大类,巴拉巴拉毛织毛衫,中,2022,Q1,S,0,0,0批,1,2022-11-30 09:58:54,2022-11-30 09:58:54
208123107201,2,208123107201,C42292199,123DY-US-901,巴拉巴拉,巴拉巴拉线上,巴拉巴拉FOB,非婴童,梭织,梭织外套,巴拉巴拉梭织羽绒服,中,2022,Q1,B,0,0,0批,1,2022-11-30 09:58:54,2022-11-30 09:58:54
208123108208,2,208123108208,C42305614,123VDY-UZ-803,巴拉巴拉,巴拉巴拉线上,巴拉巴拉CFOB,非婴童,针织,针织大类,巴拉巴拉针织裤类,中,2022,Q1,S,0,0,1批,1,2022-11-30 09:58:54,2022-11-30 09:58:54
208123107203,2,208123107203,C42310018,123DZ-US-901C,巴拉巴拉,巴拉巴拉线上,巴拉巴拉CFOB,非婴童,梭织,梭织外套,巴拉巴拉梭织羽绒服,中,2022,Q1,A,0,0,0批,1,2022-11-30 09:58:54,2022-11-30 09:58:54
208123121104,2,208123121104,C42313415,123DY-BUZ-110B,巴拉巴拉,巴拉巴拉线上,巴拉巴拉CFOB,非婴童,针织,针织大类,巴拉巴拉针织卫衣/T恤,男,2022,Q1,B,0,0,2批,1,2022-11-30 09:58:54,2022-11-30 09:58:54
208123111008,2,208123111008,C42323068,123DB-GM-301B,巴拉巴拉,巴拉巴拉线上,巴拉巴拉CFOB,婴童,毛织,毛织大类,巴拉巴拉毛织毛衫,女,2022,Q1,B,0,0,0批,1,2022-11-30 09:58:54,2022-11-30 09:58:54
201123108121,2,201123108121,C42332166,123VFY-BZ-831E,巴拉巴拉,巴拉巴拉线下,巴拉巴拉CFOB,非婴童,针织,针织大类,巴拉巴拉针织裤类,男,2022,Q1,S,0,0,2A,1,2022-11-30 09:58:54,2022-11-30 09:58:54
202123105004,2,202123105004,C42338347,123VFSZ-GS-502B,巴拉巴拉,巴拉巴拉线下,巴拉巴拉CFOB,非婴童,梭织,梭织外套,巴拉巴拉梭织便服,女,2022,Q1,A,0,0,2A,1,2022-11-30 09:58:54,2022-11-30 09:58:54
200123120108,2,200123120108,C42385471,123VFB-BS-724C,巴拉巴拉,巴拉巴拉线下,巴拉巴拉CFOB,婴童,梭织,梭织婴童,巴拉巴拉梭织连体衣,男,2022,Q1,C,0,0,2A,1,2022-11-30 09:58:54,2022-11-30 09:58:54
200123133208,2,200123133208,C42401188,123VFB-UZ-716C,巴拉巴拉,巴拉巴拉线下,巴拉巴拉CFOB,婴童,针织,针织大类,巴拉巴拉针织连体衣,中,2022,Q1,B,0,0,2A,1,2022-11-30 09:58:54,2022-11-30 09:58:54
208123133201,2,208123133201,C42403213,123VFB-UZ-713D,巴拉巴拉,巴拉巴拉线上,巴拉巴拉FOB,婴童,针织,针织大类,巴拉巴拉针织连体衣,中,2022,Q1,S,0,0,1A,1,2022-11-30 09:58:54,2022-11-30 09:58:54
208123133202,2,208123133202,C42403214,123VFB-UZ-714D,巴拉巴拉,巴拉巴拉线上,巴拉巴拉FOB,婴童,针织,针织大类,巴拉巴拉针织连体衣,中,2022,Q1,A,0,0,1A,1,2022-11-30 09:58:54,2022-11-30 09:58:54
208123124201,2,208123124201,C42403215,123VFB-UZ-725,巴拉巴拉,巴拉巴拉线上,巴拉巴拉FOB,婴童,针织,针织大类,巴拉巴拉针织连体衣,中,2022,Q1,A,0,0,1A,1,2022-11-30 09:58:54,2022-11-30 09:58:54
208123133204,2,208123133204,C42403216,123VFB-UZ-716D,巴拉巴拉,巴拉巴拉线上,巴拉巴拉FOB,婴童,针织,针织大类,巴拉巴拉针织连体衣,中,2022,Q1,B,0,0,1A,1,2022-11-30 09:58:54,2022-11-30 09:58:54
201123105008,2,201123105008,C42410509,123VFY-GZ-501B,巴拉巴拉,巴拉巴拉线下,巴拉巴拉CFOB,非婴童,针织,针织大类,巴拉巴拉针织便服,女,2022,Q1,B,0,1,2A,1,2022-11-30 09:58:54,2022-11-30 09:58:54
200123105109,2,200123105109,C42414928,123VFB-BZ-501D,巴拉巴拉,巴拉巴拉线下,巴拉巴拉FOB,婴童,针织,针织大类,巴拉巴拉针织便服,男,2022,Q1,A,0,1,3A,1,2022-11-30 09:58:54,2022-11-30 09:58:54
208123103009,2,208123103009,C42440573,123DZ-GM-103B,巴拉巴拉,巴拉巴拉线上,巴拉巴拉FOB,非婴童,毛织,毛织大类,巴拉巴拉毛织毛衫,女,2022,Q1,B,0,0,3批,1,2022-11-30 09:58:54,2022-11-30 09:58:54
208123105104,2,208123105104,C42450395,123DZ-BS-501B,巴拉巴拉,巴拉巴拉线上,巴拉巴拉CFOB,非婴童,梭织,梭织外套,巴拉巴拉梭织便服,男,2022,Q1,C,0,0,0批,1,2022-11-30 09:58:54,2022-11-30 09:58:54
208123108001,2,208123108001,C42459863,123VDB-GZ-803,巴拉巴拉,巴拉巴拉线上,巴拉巴拉CFOB,婴童,针织,针织大类,巴拉巴拉针织裤类,女,2022,Q1,B,0,0,0批,1,2022-11-30 09:58:54,2022-11-30 09:58:54
208123120103,2,208123120103,C42465688,123DB-BN-701,巴拉巴拉,巴拉巴拉线上,巴拉巴拉FOB,婴童,牛仔,牛仔大类,巴拉巴拉牛仔连体衣,男,2022,Q1,C,0,0,2A,1,2022-11-30 09:58:54,2022-11-30 09:58:54
208123108204,2,208123108204,C42465689,123DB-UN-801,巴拉巴拉,巴拉巴拉线上,巴拉巴拉FOB,婴童,牛仔,牛仔大类,巴拉巴拉牛仔裤类,中,2022,Q1,B,0,0,2A,1,2022-11-30 09:58:54,2022-11-30 09:58:54
208123108105,2,208123108105,C42492762,123DY-BS-801C,巴拉巴拉,巴拉巴拉线上,巴拉巴拉CFOB,非婴童,梭织,梭织裤子,巴拉巴拉梭织裤类,男,2022,Q1,B,0,0,2批,1,2022-11-30 09:58:54,2022-11-30 09:58:54
208123100104,2,208123100104,C42495217,123DY-BZ-101B,巴拉巴拉,巴拉巴拉线上,巴拉巴拉CFOB,非婴童,针织,针织大类,巴拉巴拉针织卫衣/T恤,男,2022,Q1,B,0,0,2批,1,2022-11-30 09:58:54,2022-11-30 09:58:54
208123108209,2,208123108209,C42499718,123DY-UBS-801D,巴拉巴拉,巴拉巴拉线上,巴拉巴拉CFOB,非婴童,梭织,梭织裤子,巴拉巴拉梭织裤类,中,2022,Q1,B,0,0,2批,1,2022-11-30 09:58:54,2022-11-30 09:58:54
208123103206,2,208123103206,C42504457,123VDB-UM-103,巴拉巴拉,巴拉巴拉线上,巴拉巴拉FOB,婴童,毛织,毛织大类,巴拉巴拉毛织毛衫,中,2022,Q1,A,0,0,2A,1,2022-11-30 09:58:54,2022-11-30 09:58:54
208123100001,2,208123100001,C42507690,123VDB-GZ-101,巴拉巴拉,巴拉巴拉线上,巴拉巴拉FOB,婴童,针织,针织大类,巴拉巴拉针织卫衣/T恤,女,2022,Q1,A,0,0,2A,1,2022-11-30 09:58:54,2022-11-30 09:58:54
208123104104,2,208123104104,C42541733,123DY-BZ-002B,巴拉巴拉,巴拉巴拉线上,巴拉巴拉CFOB,非婴童,针织,针织大类,巴拉巴拉针织套装,男,2022,Q1,A,0,0,2批,1,2022-11-30 09:58:54,2022-11-30 09:58:54
202123123002,2,202123123002,C42560221,123VFSZ-GZ-808C,巴拉巴拉,巴拉巴拉线下,巴拉巴拉FOB,非婴童,针织,针织大类,巴拉巴拉针织裤类,女,2022,Q1,B,0,0,2A,1,2022-11-30 09:58:54,2022-11-30 09:58:54
200123111008,2,200123111008,C42582599,123VFB-GZ-306B,巴拉巴拉,巴拉巴拉线下,巴拉巴拉CFOB,婴童,针织,针织大类,巴拉巴拉针织裙类,女,2022,Q1,B,0,0,3A,1,2022-11-30 09:58:54,2022-11-30 09:58:54
208123120105,2,208123120105,C42661615,123DB-BZ-701,巴拉巴拉,巴拉巴拉线上,巴拉巴拉FOB,婴童,针织,针织大类,巴拉巴拉针织连体衣,男,2022,Q1,C,0,0,2A,1,2022-11-30 09:58:54,2022-11-30 09:58:54
208123108207,2,208123108207,C42724419,123VDB-UZ-803B,巴拉巴拉,巴拉巴拉线上,巴拉巴拉FOB,婴童,针织,针织大类,巴拉巴拉针织裤类,中,2022,Q1,S,0,0,2A,1,2022-11-30 09:58:54,2022-11-30 09:58:54
208123106202,2,208123106202,C42728239,123DB-US-601,巴拉巴拉,巴拉巴拉线上,巴拉巴拉FOB,婴童,梭织,梭织外套,巴拉巴拉梭织棉服,中,2022,Q1,B,0,1,0批,1,2022-11-30 09:58:54,2022-11-30 09:58:54
208123107204,2,208123107204,C42728240,123DB-US-901,巴拉巴拉,巴拉巴拉线上,巴拉巴拉CFOB,婴童,梭织,梭织外套,巴拉巴拉梭织羽绒服,中,2022,Q1,B,0,0,0批,1,2022-11-30 09:58:54,2022-11-30 09:58:54
208123121103,2,208123121103,C42844916,123DZ-BZ-109B,巴拉巴拉,巴拉巴拉线上,巴拉巴拉FOB,非婴童,针织,针织大类,巴拉巴拉针织卫衣/T恤,男,2022,Q1,B,0,0,3批,1,2022-11-30 09:58:54,2022-11-30 09:58:54
208123105105,2,208123105105,C42939812,123DZ-BS-502C,巴拉巴拉,巴拉巴拉线上,巴拉巴拉FOB,非婴童,梭织,梭织外套,巴拉巴拉梭织便服,男,2022,Q1,S,0,0,1批,1,2022-11-30 09:58:54,2022-11-30 09:58:54
208123105003,2,208123105003,C42949334,123DZ-GS-502C,巴拉巴拉,巴拉巴拉线上,巴拉巴拉FOB,非婴童,梭织,梭织外套,巴拉巴拉梭织便服,女,2022,Q1,S,0,0,1批,1,2022-11-30 09:58:54,2022-11-30 09:58:54
208123103005,2,208123103005,C42959596,123DZ-GM-101B,巴拉巴拉,巴拉巴拉线上,巴拉巴拉CFOB,非婴童,毛织,毛织大类,巴拉巴拉毛织毛衫,女,2022,Q1,B,0,0,1批,1,2022-11-30 09:58:54,2022-11-30 09:58:54
208123108004,2,208123108004,C42986003,123VDZ-GZ-801,巴拉巴拉,巴拉巴拉线上,巴拉巴拉CFOB,非婴童,针织,针织大类,巴拉巴拉针织裤类,女,2022,Q1,A,0,0,2批,1,2022-11-30 09:58:54,2022-11-30 09:58:54
202123121205,2,202123121205,C42987287,123VFZ-UZ-143B,巴拉巴拉,巴拉巴拉线下,巴拉巴拉FOB,非婴童,针织,针织大类,巴拉巴拉针织卫衣/T恤,中,2022,Q1,B,0,0,2A,1,2022-11-30 09:58:54,2022-11-30 09:58:54
202123100202,2,202123100202,C43003117,123VFZ-UZ-142,巴拉巴拉,巴拉巴拉线下,巴拉巴拉FOB,非婴童,针织,针织大类,巴拉巴拉针织卫衣/T恤,中,2022,Q1,B,0,0,2A,1,2022-11-30 09:58:54,2022-11-30 09:58:54
202123108201,2,202123108201,C43005172,123VFZ-UZ-835,巴拉巴拉,巴拉巴拉线下,巴拉巴拉FOB,非婴童,针织,针织大类,巴拉巴拉针织裤类,中,2022,Q1,A,0,0,2A,1,2022-11-30 09:58:54,2022-11-30 09:58:54
208123103007,2,208123103007,C43016529,123DZ-GM-103C,巴拉巴拉,巴拉巴拉线上,巴拉巴拉FOB,非婴童,毛织,毛织大类,巴拉巴拉毛织毛衫,女,2022,Q1,B,0,0,0批,1,2022-11-30 09:58:54,2022-11-30 09:58:54
208123103002,2,208123103002,C43078525,123DY-GM-103C,巴拉巴拉,巴拉巴拉线上,巴拉巴拉CFOB,非婴童,毛织,毛织大类,巴拉巴拉毛织毛衫,女,2022,Q1,B,0,0,0批,1,2022-11-30 09:58:54,2022-11-30 09:58:54
201123105115,2,201123105115,C43139038,123VFY-BS-501G,巴拉巴拉,巴拉巴拉线下,巴拉巴拉CFOB,非婴童,梭织,梭织外套,巴拉巴拉梭织便服,男,2022,Q1,A,0,0,3G,1,2022-11-30 09:58:54,2022-11-30 09:58:54
201123105011,2,201123105011,C43142207,123VFY-GS-501D,巴拉巴拉,巴拉巴拉线下,巴拉巴拉CFOB,非婴童,梭织,梭织外套,巴拉巴拉梭织便服,女,2022,Q1,S,0,0,3G,1,2022-11-30 09:58:54,2022-11-30 09:58:54
201123117103,2,201123117103,C43143272,123VFY-BZ-132C,巴拉巴拉,巴拉巴拉线下,巴拉巴拉CFOB,非婴童,针织,针织大类,巴拉巴拉针织卫衣/T恤,男,2022,Q1,A,0,0,3G,1,2022-11-30 09:58:54,2022-11-30 09:58:54
201123117001,2,201123117001,C43143273,123VFY-GZ-131C,巴拉巴拉,巴拉巴拉线下,巴拉巴拉CFOB,非婴童,针织,针织大类,巴拉巴拉针织卫衣/T恤,女,2022,Q1,A,0,0,3G,1,2022-11-30 09:58:54,2022-11-30 09:58:54
208123105103,2,208123105103,C43384004,123DZ-BS-503,巴拉巴拉,巴拉巴拉线上,巴拉巴拉FOB,非婴童,梭织,梭织外套,巴拉巴拉梭织便服,男,2022,Q1,B,0,0,1批,1,2022-11-30 09:58:54,2022-11-30 09:58:54
208123108102,2,208123108102,C43384443,123DZ-BZ-806,巴拉巴拉,巴拉巴拉线上,巴拉巴拉FOB,非婴童,针织,针织大类,巴拉巴拉针织裤类,男,2022,Q1,B,0,0,3批,1,2022-11-30 09:58:54,2022-11-30 09:58:54
208123108002,2,208123108002,C43385368,123DZ-GZ-807,巴拉巴拉,巴拉巴拉线上,巴拉巴拉CFOB,非婴童,针织,针织大类,巴拉巴拉针织裤类,女,2022,Q1,C,0,0,2批,1,2022-11-30 09:58:54,2022-11-30 09:58:54
208123108210,2,208123108210,C43385760,123DY-UZ-805,巴拉巴拉,巴拉巴拉线上,巴拉巴拉FOB,非婴童,针织,针织大类,巴拉巴拉针织裤类,中,2022,Q1,C,0,0,1批,1,2022-11-30 09:58:54,2022-11-30 09:58:54
208123111015,2,208123111015,C43386785,123DY-GM-304,巴拉巴拉,巴拉巴拉线上,巴拉巴拉FOB,非婴童,毛织,毛织大类,巴拉巴拉毛织毛衫,女,2022,Q1,C,0,0,1批,1,2022-11-30 09:58:54,2022-11-30 09:58:54
208123105102,2,208123105102,C43559343,123DZ-BS-503B,巴拉巴拉,巴拉巴拉线上,巴拉巴拉CFOB,非婴童,梭织,梭织外套,巴拉巴拉梭织便服,男,2022,Q1,B,0,0,1批,1,2022-11-30 09:58:54,2022-11-30 09:58:54
208123108203,2,208123108203,C45009679,123VDB-UZ-804,巴拉巴拉,巴拉巴拉线上,巴拉巴拉CFOB,婴童,针织,针织大类,巴拉巴拉针织裤类,中,2022,Q1,A,0,1,0批,1,2022-11-30 09:58:54,2022-11-30 09:58:54
208123100002,2,208123100002,C45045907,123DZ-GZ-101C,巴拉巴拉,巴拉巴拉线上,巴拉巴拉CFOB,非婴童,针织,针织大类,巴拉巴拉针织卫衣/T恤,女,2022,Q1,B,0,0,1批,1,2022-11-30 09:58:54,2022-11-30 09:58:54
208123100003,2,208123100003,C45045909,123DZ-GZ-101D,巴拉巴拉,巴拉巴拉线上,巴拉巴拉CFOB,非婴童,针织,针织大类,巴拉巴拉针织卫衣/T恤,女,2022,Q1,B,0,0,3批,1,2022-11-30 09:58:54,2022-11-30 09:58:54
208123100106,2,208123100106,C45166518,123DY-BZ-103B,巴拉巴拉,巴拉巴拉线上,巴拉巴拉CFOB,非婴童,针织,针织大类,巴拉巴拉针织卫衣/T恤,男,2022,Q1,A,0,0,3批,1,2022-11-30 09:58:54,2022-11-30 09:58:54
208123121201,2,208123121201,C45209930,123DY-UZ-105B,巴拉巴拉,巴拉巴拉线上,巴拉巴拉CFOB,非婴童,针织,针织大类,巴拉巴拉针织卫衣/T恤,中,2022,Q1,C,0,0,0批,1,2022-11-30 09:58:54,2022-11-30 09:58:54
201123108122,2,201123108122,C45235836,123VFY-BZ-831F,巴拉巴拉,巴拉巴拉线下,巴拉巴拉CFOB,非婴童,针织,针织大类,巴拉巴拉针织裤类,男,2022,Q1,B,0,0,2A,1,2022-11-30 09:58:54,2022-11-30 09:58:54
201123121204,2,201123121204,C45235837,123VFY-UZ-109B,巴拉巴拉,巴拉巴拉线下,巴拉巴拉FOB,非婴童,针织,针织大类,巴拉巴拉针织卫衣/T恤,中,2022,Q1,S,0,0,2A,1,2022-11-30 09:58:54,2022-11-30 09:58:54
201123108107,2,201123108107,C45235838,123VFY-BN-804E,巴拉巴拉,巴拉巴拉线下,巴拉巴拉CFOB,非婴童,牛仔,牛仔大类,巴拉巴拉牛仔裤类,男,2022,Q1,B,0,0,2A,1,2022-11-30 09:58:54,2022-11-30 09:58:54
201123111008,2,201123111008,C45245775,123VFY-GS-308C,巴拉巴拉,巴拉巴拉线下,巴拉巴拉CFOB,非婴童,梭织,梭织裙子,巴拉巴拉梭织裙类,女,2022,Q1,A,0,1,2A,1,2022-11-30 09:58:54,2022-11-30 09:58:54
202123105110,2,202123105110,C45268974,123VFZ-BN-501C,巴拉巴拉,巴拉巴拉线下,巴拉巴拉ODM,非婴童,牛仔,牛仔大类,巴拉巴拉牛仔便服,男,2022,Q1,C,0,0,1A,1,2022-11-30 09:58:54,2022-11-30 09:58:54
201123121007,2,201123121007,C45286691,123VFY-GZ-139G,巴拉巴拉,巴拉巴拉线下,巴拉巴拉FOB,非婴童,针织,针织大类,巴拉巴拉针织卫衣/T恤,女,2022,Q1,S,0,0,2A,1,2022-11-30 09:58:54,2022-11-30 09:58:54
201123103006,2,201123103006,C45290133,123VFY-GM-104E,巴拉巴拉,巴拉巴拉线下,巴拉巴拉CFOB,非婴童,毛织,毛织大类,巴拉巴拉毛织毛衫,女,2022,Q1,B,0,0,2A,1,2022-11-30 09:58:54,2022-11-30 09:58:54
201123105108,2,201123105108,C45308091,123VFY-BS-501J,巴拉巴拉,巴拉巴拉线下,巴拉巴拉CFOB,非婴童,梭织,梭织外套,巴拉巴拉梭织便服,男,2022,Q1,B,0,0,3A,1,2022-11-30 09:58:54,2022-11-30 09:58:54
201123108102,2,201123108102,C45308093,123VFY-BN-801C,巴拉巴拉,巴拉巴拉线下,巴拉巴拉ODM,非婴童,牛仔,牛仔大类,巴拉巴拉牛仔裤类,男,2022,Q1,A,0,0,2A,1,2022-11-30 09:58:54,2022-11-30 09:58:54
208123104203,2,208123104203,C45315222,123DB-UZ-003B,巴拉巴拉,巴拉巴拉线上,巴拉巴拉FOB,婴童,针织,针织大类,巴拉巴拉针织套装,中,2022,Q1,B,0,0,2A,1,2022-11-30 09:58:54,2022-11-30 09:58:54
201123104004,2,201123104004,C45325236,123VFY-GS-008E,巴拉巴拉,巴拉巴拉线下,巴拉巴拉CFOB,非婴童,梭织,梭织外套,巴拉巴拉梭织套装,女,2022,Q1,C,0,0,2A,1,2022-11-30 09:58:54,2022-11-30 09:58:54
202123112001,2,202123112001,C45344093,123VFZ-GN-301B,巴拉巴拉,巴拉巴拉线下,巴拉巴拉CFOB,非婴童,牛仔,牛仔大类,巴拉巴拉牛仔裙类,女,2022,Q1,A,0,0,2A,1,2022-11-30 09:58:54,2022-11-30 09:58:54
202123105112,2,202123105112,C45345723,123VFZ-BS-504D,巴拉巴拉,巴拉巴拉线下,巴拉巴拉CFOB,非婴童,梭织,梭织外套,巴拉巴拉梭织便服,男,2022,Q1,A,0,0,2A,1,2022-11-30 09:58:54,2022-11-30 09:58:54
200123103105,2,200123103105,C45349580,123VFB-BM-103C,巴拉巴拉,巴拉巴拉线下,巴拉巴拉CFOB,婴童,毛织,毛织大类,巴拉巴拉毛织毛衫,男,2022,Q1,B,0,0,2A,1,2022-11-30 09:58:54,2022-11-30 09:58:54
200123105110,2,200123105110,C45349584,123VFB-BZ-501E,巴拉巴拉,巴拉巴拉线下,巴拉巴拉FOB,婴童,针织,针织大类,巴拉巴拉针织便服,男,2022,Q1,A,0,1,2A,1,2022-11-30 09:58:54,2022-11-30 09:58:54
200123105006,2,200123105006,C45349591,123VFB-GZ-501,巴拉巴拉,巴拉巴拉线下,巴拉巴拉FOB,婴童,针织,针织大类,巴拉巴拉针织便服,女,2022,Q1,C,0,1,2A,1,2022-11-30 09:58:54,2022-11-30 09:58:54
200123108111,2,200123108111,C45349592,123VFB-BS-835C,巴拉巴拉,巴拉巴拉线下,巴拉巴拉CFOB,婴童,梭织,梭织裤子,巴拉巴拉梭织裤类,男,2022,Q1,S,0,1,2A,1,2022-11-30 09:58:54,2022-11-30 09:58:54
201123108003,2,201123108003,C45360836,123VFY-GN-802,巴拉巴拉,巴拉巴拉线下,巴拉巴拉ODM,非婴童,牛仔,牛仔大类,巴拉巴拉牛仔裤类,女,2022,Q1,A,0,0,2A,1,2022-11-30 09:58:54,2022-11-30 09:58:54
202123102101,2,202123102101,C45364962,123VFZ-BN-201,巴拉巴拉,巴拉巴拉线下,巴拉巴拉CFOB,非婴童,牛仔,牛仔大类,巴拉巴拉牛仔衬衫,男,2022,Q1,B,0,0,2A,1,2022-11-30 09:58:54,2022-11-30 09:58:54
208123104007,2,208123104007,C45373479,123DY-GS-003,巴拉巴拉,巴拉巴拉线上,巴拉巴拉CFOB,非婴童,梭织,梭织外套,巴拉巴拉梭织套装,女,2022,Q1,B,0,0,3A,1,2022-11-30 09:58:54,2022-11-30 09:58:54
202123121203,2,202123121203,C45379522,123VFZ-UZ-143C,巴拉巴拉,巴拉巴拉线下,巴拉巴拉CFOB,非婴童,针织,针织大类,巴拉巴拉针织卫衣/T恤,中,2022,Q1,S,0,0,2A,1,2022-11-30 09:58:54,2022-11-30 09:58:54
202123121204,2,202123121204,C45379523,123VFZ-UZ-143D,巴拉巴拉,巴拉巴拉线下,巴拉巴拉FOB,非婴童,针织,针织大类,巴拉巴拉针织卫衣/T恤,中,2022,Q1,A,0,0,2A,1,2022-11-30 09:58:54,2022-11-30 09:58:54
202123121004,2,202123121004,C45396127,123VFZ-GZ-102D,巴拉巴拉,巴拉巴拉线下,巴拉巴拉CFOB,非婴童,针织,针织大类,巴拉巴拉针织卫衣/T恤,女,2022,Q1,S,0,0,2A,1,2022-11-30 09:58:54,2022-11-30 09:58:54
202123111001,2,202123111001,C45397259,123VFZ-GS-308B,巴拉巴拉,巴拉巴拉线下,巴拉巴拉CFOB,非婴童,梭织,梭织裙子,巴拉巴拉梭织裙类,女,2022,Q1,A,0,0,2A,1,2022-11-30 09:58:54,2022-11-30 09:58:54
202123121201,2,202123121201,C45406550,123VFSZ-UBZ-121C,巴拉巴拉,巴拉巴拉线下,巴拉巴拉FOB,非婴童,针织,针织大类,巴拉巴拉针织卫衣/T恤,中,2022,Q1,A,0,0,1A,1,2022-11-30 09:58:54,2022-11-30 09:58:54
208123106001,2,208123106001,C45410251,123DZ-GS-601C,巴拉巴拉,巴拉巴拉线上,巴拉巴拉CFOB,非婴童,梭织,梭织外套,巴拉巴拉梭织棉服,女,2022,Q1,C,0,0,1批,1,2022-11-30 09:58:54,2022-11-30 09:58:54
201123108203,2,201123108203,C45427708,123VFY-UZ-802,巴拉巴拉,巴拉巴拉线下,巴拉巴拉CFOB,非婴童,针织,针织大类,巴拉巴拉针织裤类,中,2022,Q1,B,0,0,2A,1,2022-11-30 09:58:54,2022-11-30 09:58:54
200123131209,2,200123131209,C45429586,123VFB-UZ-138B,巴拉巴拉,巴拉巴拉线下,巴拉巴拉CFOB,婴童,针织,针织大类,巴拉巴拉针织卫衣/T恤,中,2022,Q1,B,0,0,1A,1,2022-11-30 09:58:54,2022-11-30 09:58:54
208123104102,2,208123104102,C45439417,123DY-BZ-001B,巴拉巴拉,巴拉巴拉线上,巴拉巴拉CFOB,非婴童,针织,针织大类,巴拉巴拉针织套装,男,2022,Q1,C,0,0,0批,1,2022-11-30 09:58:54,2022-11-30 09:58:54
202123121103,2,202123121103,C45446210,123VFSZ-BZ-122D,巴拉巴拉,巴拉巴拉线下,巴拉巴拉FOB,非婴童,针织,针织大类,巴拉巴拉针织卫衣/T恤,男,2022,Q1,B,0,0,1A,1,2022-11-30 09:58:54,2022-11-30 09:58:54
200123104005,2,200123104005,C45452633,123VFB-GZ-021D,巴拉巴拉,巴拉巴拉线下,巴拉巴拉CFOB,婴童,针织,针织大类,巴拉巴拉针织套装,女,2022,Q1,A,0,0,1A,1,2022-11-30 09:58:54,2022-11-30 09:58:54
202123111009,2,202123111009,C45469512,123VFZ-GM-301C,巴拉巴拉,巴拉巴拉线下,巴拉巴拉CFOB,非婴童,毛织,毛织大类,巴拉巴拉毛织毛衫,女,2022,Q1,C,0,0,2A,1,2022-11-30 09:58:54,2022-11-30 09:58:54
202123105113,2,202123105113,C45481366,123VFZ-BS-504E,巴拉巴拉,巴拉巴拉线下,巴拉巴拉CFOB,非婴童,梭织,梭织外套,巴拉巴拉梭织便服,男,2022,Q1,A,0,0,2A,1,2022-11-30 09:58:54,2022-11-30 09:58:54
202123112004,2,202123112004,C45481368,123VFZ-GS-302,巴拉巴拉,巴拉巴拉线下,巴拉巴拉CFOB,非婴童,梭织,梭织裙子,巴拉巴拉梭织裙类,女,2022,Q1,B,0,0,1A,1,2022-11-30 09:58:54,2022-11-30 09:58:54
200123133205,2,200123133205,C45489347,123VFB-UZ-714E,巴拉巴拉,巴拉巴拉线下,巴拉巴拉CFOB,婴童,针织,针织大类,巴拉巴拉针织连体衣,中,2022,Q1,S,0,0,1A,1,2022-11-30 09:58:54,2022-11-30 09:58:54
208123133203,2,208123133203,C45489349,123VFB-UZ-714F,巴拉巴拉,巴拉巴拉线上,巴拉巴拉FOB,婴童,针织,针织大类,巴拉巴拉针织连体衣,中,2022,Q1,A,0,0,1A,1,2022-11-30 09:58:54,2022-11-30 09:58:54
200123103106,2,200123103106,C45490748,123VFB-BM-103D,巴拉巴拉,巴拉巴拉线下,巴拉巴拉CFOB,婴童,毛织,毛织大类,巴拉巴拉毛织毛衫,男,2022,Q1,B,0,0,2A,1,2022-11-30 09:58:54,2022-11-30 09:58:54
200123104105,2,200123104105,C45491066,123VFB-BS-019,巴拉巴拉,巴拉巴拉线下,巴拉巴拉CFOB,婴童,梭织,梭织外套,巴拉巴拉梭织套装,男,2022,Q1,C,0,0,1A,1,2022-11-30 09:58:54,2022-11-30 09:58:54
200123104004,2,200123104004,C45491067,123VFB-GS-021E,巴拉巴拉,巴拉巴拉线下,巴拉巴拉CFOB,婴童,梭织,梭织外套,巴拉巴拉梭织套装,女,2022,Q1,C,0,0,1A,1,2022-11-30 09:58:54,2022-11-30 09:58:54
200123103006,2,200123103006,C45491068,123VFB-GM-102F,巴拉巴拉,巴拉巴拉线下,巴拉巴拉CFOB,婴童,毛织,毛织大类,巴拉巴拉毛织毛衫,女,2022,Q1,S,0,0,1A,1,2022-11-30 09:58:54,2022-11-30 09:58:54
200123101102,2,200123101102,C45491313,123VFB-BM-401C,巴拉巴拉,巴拉巴拉线下,巴拉巴拉CFOB,婴童,毛织,毛织大类,巴拉巴拉毛织毛衫,男,2022,Q1,B,0,0,2A,1,2022-11-30 09:58:54,2022-11-30 09:58:54
200123100102,2,200123100102,C45500643,123VFB-BZ-106,巴拉巴拉,巴拉巴拉线下,巴拉巴拉CFOB,婴童,针织,针织大类,巴拉巴拉针织卫衣/T恤,男,2022,Q1,B,0,0,2A,1,2022-11-30 09:58:54,2022-11-30 09:58:54
202123111006,2,202123111006,C45505637,123VFZ-GS-307,巴拉巴拉,巴拉巴拉线下,巴拉巴拉CFOB,非婴童,梭织,梭织裙子,巴拉巴拉梭织裙类,女,2022,Q1,C,0,0,1A,1,2022-11-30 09:58:54,2022-11-30 09:58:54
200123104003,2,200123104003,C45506958,123VFB-GM-001C,巴拉巴拉,巴拉巴拉线下,巴拉巴拉CFOB,婴童,毛织,毛织大类,巴拉巴拉毛织毛衫,女,2022,Q1,C,0,0,2A,1,2022-11-30 09:58:54,2022-11-30 09:58:54
200123104107,2,200123104107,C45506961,123VFB-BZ-019G,巴拉巴拉,巴拉巴拉线下,巴拉巴拉FOB,婴童,针织,针织大类,巴拉巴拉针织套装,男,2022,Q1,C,0,0,2A,1,2022-11-30 09:58:54,2022-11-30 09:58:54
201123100004,2,201123100004,C45508690,123VFY-GZ-133,巴拉巴拉,巴拉巴拉线下,巴拉巴拉FOB,非婴童,针织,针织大类,巴拉巴拉针织卫衣/T恤,女,2022,Q1,B,0,1,1A,1,2022-11-30 09:58:54,2022-11-30 09:58:54
200123103007,2,200123103007,C45509902,123VFB-GM-102G,巴拉巴拉,巴拉巴拉线下,巴拉巴拉CFOB,婴童,毛织,毛织大类,巴拉巴拉毛织毛衫,女,2022,Q1,C,0,0,2A,1,2022-11-30 09:58:54,2022-11-30 09:58:54
200123104106,2,200123104106,C45510095,123VFB-BZ-019F,巴拉巴拉,巴拉巴拉线下,巴拉巴拉CFOB,婴童,针织,针织大类,巴拉巴拉针织套装,男,2022,Q1,B,0,0,2A,1,2022-11-30 09:58:54,2022-11-30 09:58:54
201123105006,2,201123105006,C45511169,123VFY-GS-501E,巴拉巴拉,巴拉巴拉线下,巴拉巴拉CFOB,非婴童,梭织,梭织外套,巴拉巴拉梭织便服,女,2022,Q1,C,0,0,1A,1,2022-11-30 09:58:54,2022-11-30 09:58:54
201123105109,2,201123105109,C45511171,123VFY-BS-501K,巴拉巴拉,巴拉巴拉线下,巴拉巴拉CFOB,非婴童,梭织,梭织外套,巴拉巴拉梭织便服,男,2022,Q1,B,0,0,1A,1,2022-11-30 09:58:54,2022-11-30 09:58:54
201123105003,2,201123105003,C45511172,123VFY-GS-501F,巴拉巴拉,巴拉巴拉线下,巴拉巴拉CFOB,非婴童,梭织,梭织外套,巴拉巴拉梭织便服,女,2022,Q1,C,0,1,1A,1,2022-11-30 09:58:54,2022-11-30 09:58:54
201123121201,2,201123121201,C45511173,123VFY-UZ-108B,巴拉巴拉,巴拉巴拉线下,巴拉巴拉CFOB,非婴童,针织,针织大类,巴拉巴拉针织卫衣/T恤,中,2022,Q1,A,0,0,1A,1,2022-11-30 09:58:54,2022-11-30 09:58:54
201123121202,2,201123121202,C45511175,123VFY-UZ-108C,巴拉巴拉,巴拉巴拉线下,巴拉巴拉CFOB,非婴童,针织,针织大类,巴拉巴拉针织卫衣/T恤,中,2022,Q1,B,0,0,1A,1,2022-11-30 09:58:54,2022-11-30 09:58:54
200123120109,2,200123120109,C45512114,123VFB-BZ-719H,巴拉巴拉,巴拉巴拉线下,巴拉巴拉FOB,婴童,针织,针织大类,巴拉巴拉针织连体衣,男,2022,Q1,C,0,0,2A,1,2022-11-30 09:58:54,2022-11-30 09:58:54
200123120110,2,200123120110,C45512281,123VFB-BZ-719J,巴拉巴拉,巴拉巴拉线下,巴拉巴拉CFOB,婴童,针织,针织大类,巴拉巴拉针织连体衣,男,2022,Q1,B,0,0,2A,1,2022-11-30 09:58:54,2022-11-30 09:58:54
200123108112,2,200123108112,C45513278,123VFB-BZ-837B,巴拉巴拉,巴拉巴拉线下,巴拉巴拉CFOB,婴童,针织,针织大类,巴拉巴拉针织裤类,男,2022,Q1,C,0,0,2A,1,2022-11-30 09:58:54,2022-11-30 09:58:54
201123100009,2,201123100009,C45514437,123VFY-GZ-132B,巴拉巴拉,巴拉巴拉线下,巴拉巴拉FOB,非婴童,针织,针织大类,巴拉巴拉针织卫衣/T恤,女,2022,Q1,A,0,0,2A,1,2022-11-30 09:58:54,2022-11-30 09:58:54
201123121101,2,201123121101,C45514815,123VFY-BZ-131C,巴拉巴拉,巴拉巴拉线下,巴拉巴拉FOB,非婴童,针织,针织大类,巴拉巴拉针织卫衣/T恤,男,2022,Q1,B,0,0,1A,1,2022-11-30 09:58:54,2022-11-30 09:58:54
201123108005,2,201123108005,C45515209,123VFY-GN-804F,巴拉巴拉,巴拉巴拉线下,巴拉巴拉ODM,非婴童,牛仔,牛仔大类,巴拉巴拉牛仔裤类,女,2022,Q1,B,0,0,2A,1,2022-11-30 09:58:54,2022-11-30 09:58:54
201123104005,2,201123104005,C45515500,123VFY-GZ-008C,巴拉巴拉,巴拉巴拉线下,巴拉巴拉CFOB,非婴童,针织,针织大类,巴拉巴拉针织套装,女,2022,Q1,B,0,0,2A,1,2022-11-30 09:58:54,2022-11-30 09:58:54
200123108008,2,200123108008,C45517238,123VFB-GS-845E,巴拉巴拉,巴拉巴拉线下,巴拉巴拉CFOB,婴童,梭织,梭织裤子,巴拉巴拉梭织裤类,女,2022,Q1,S,0,1,2A,1,2022-11-30 09:58:54,2022-11-30 09:58:54
200123108007,2,200123108007,C45519134,123VFB-GN-801,巴拉巴拉,巴拉巴拉线下,巴拉巴拉CFOB,婴童,牛仔,牛仔大类,巴拉巴拉牛仔裤类,女,2022,Q1,A,0,0,2A,1,2022-11-30 09:58:54,2022-11-30 09:58:54
202123103007,2,202123103007,C45520128,123VFZ-GM-104C,巴拉巴拉,巴拉巴拉线下,巴拉巴拉CFOB,非婴童,毛织,毛织大类,巴拉巴拉毛织毛衫,女,2022,Q1,C,0,0,2A,1,2022-11-30 09:58:54,2022-11-30 09:58:54
202123111012,2,202123111012,C45520129,123VFZ-GS-309D,巴拉巴拉,巴拉巴拉线下,巴拉巴拉CFOB,非婴童,梭织,梭织裙子,巴拉巴拉梭织裙类,女,2022,Q1,C,0,0,1A,1,2022-11-30 09:58:54,2022-11-30 09:58:54
202123108017,2,202123108017,C45526266,123VFZ-GZ-847,巴拉巴拉,巴拉巴拉线下,巴拉巴拉CFOB,非婴童,针织,针织大类,巴拉巴拉针织裤类,女,2022,Q1,C,0,0,2A,1,2022-11-30 09:58:54,2022-11-30 09:58:54
202123108114,2,202123108114,C45529799,123VFZ-BN-802D,巴拉巴拉,巴拉巴拉线下,巴拉巴拉CFOB,非婴童,牛仔,牛仔大类,巴拉巴拉牛仔裤类,男,2022,Q1,A,0,0,2A,1,2022-11-30 09:58:54,2022-11-30 09:58:54
201123106104,2,201123106104,C45533642,123VFY-BS-601D,巴拉巴拉,巴拉巴拉线下,巴拉巴拉CFOB,非婴童,梭织,梭织外套,巴拉巴拉梭织棉服,男,2022,Q1,C,0,0,1A,1,2022-11-30 09:58:54,2022-11-30 09:58:54
200123120006,2,200123120006,C45533988,123VFB-GS-739C,巴拉巴拉,巴拉巴拉线下,巴拉巴拉CFOB,婴童,梭织,梭织婴童,巴拉巴拉梭织连体衣,女,2022,Q1,C,0,0,1A,1,2022-11-30 09:58:54,2022-11-30 09:58:54
200123106002,2,200123106002,C45533989,123VFB-GS-601C,巴拉巴拉,巴拉巴拉线下,巴拉巴拉CFOB,婴童,梭织,梭织外套,巴拉巴拉梭织棉服,女,2022,Q1,B,0,1,1A,1,2022-11-30 09:58:54,2022-11-30 09:58:54
201123108004,2,201123108004,C45550174,123VFY-GN-803,巴拉巴拉,巴拉巴拉线下,巴拉巴拉ODM,非婴童,牛仔,牛仔大类,巴拉巴拉牛仔裤类,女,2022,Q1,A,0,1,3A,1,2022-11-30 09:58:54,2022-11-30 09:58:54
201123108001,2,201123108001,C45560452,123VFY-GN-801D,巴拉巴拉,巴拉巴拉线下,巴拉巴拉ODM,非婴童,牛仔,牛仔大类,巴拉巴拉牛仔裤类,女,2022,Q1,A,0,0,2A,1,2022-11-30 09:58:54,2022-11-30 09:58:54
201123104104,2,201123104104,C45560577,123VFY-BZ-011G,巴拉巴拉,巴拉巴拉线下,巴拉巴拉CFOB,非婴童,针织,针织大类,巴拉巴拉针织套装,男,2022,Q1,A,0,0,2A,1,2022-11-30 09:58:54,2022-11-30 09:58:54
201123108002,2,201123108002,C45560747,123VFY-GN-801E,巴拉巴拉,巴拉巴拉线下,巴拉巴拉CFOB,非婴童,牛仔,牛仔大类,巴拉巴拉牛仔裤类,女,2022,Q1,B,0,0,2A,1,2022-11-30 09:58:54,2022-11-30 09:58:54
200123108113,2,200123108113,C45562616,123VFB-BZ-840B,巴拉巴拉,巴拉巴拉线下,巴拉巴拉FOB,婴童,针织,针织大类,巴拉巴拉针织裤类,男,2022,Q1,A,0,0,3A,1,2022-11-30 09:58:54,2022-11-30 09:58:54
202123111003,2,202123111003,C45567168,123VFZ-GS-307B,巴拉巴拉,巴拉巴拉线下,巴拉巴拉CFOB,非婴童,梭织,梭织裙子,巴拉巴拉梭织裙类,女,2022,Q1,C,0,0,2A,1,2022-11-30 09:58:54,2022-11-30 09:58:54
200123111011,2,200123111011,C45569313,123VFB-GZ-306E,巴拉巴拉,巴拉巴拉线下,巴拉巴拉CFOB,婴童,针织,针织大类,巴拉巴拉针织裙类,女,2022,Q1,B,0,0,1A,1,2022-11-30 09:58:54,2022-11-30 09:58:54
202123111004,2,202123111004,C45569841,123VFZ-GN-302,巴拉巴拉,巴拉巴拉线下,巴拉巴拉ODM,非婴童,牛仔,牛仔大类,巴拉巴拉牛仔裙类,女,2022,Q1,B,0,0,2A,1,2022-11-30 09:58:54,2022-11-30 09:58:54
200123123007,2,200123123007,C45607330,123VFB-GZ-837L,巴拉巴拉,巴拉巴拉线下,巴拉巴拉FOB,婴童,针织,针织大类,巴拉巴拉针织裤类,女,2022,Q1,B,0,0,2A,1,2022-11-30 09:58:54,2022-11-30 09:58:54
208123111012,2,208123111012,C45612258,123VDB-GZ-301,巴拉巴拉,巴拉巴拉线上,巴拉巴拉CFOB,婴童,针织,针织大类,巴拉巴拉针织裙类,女,2022,Q1,A,0,0,2A,1,2022-11-30 09:58:54,2022-11-30 09:58:54
202123100101,2,202123100101,C45625708,123VFSZ-BZ-131C,巴拉巴拉,巴拉巴拉线下,巴拉巴拉FOB,非婴童,针织,针织大类,巴拉巴拉针织卫衣/T恤,男,2022,Q1,B,0,0,3A,1,2022-11-30 09:58:54,2022-11-30 09:58:54
201123108012,2,201123108012,C45638336,123VFY-GZ-843C,巴拉巴拉,巴拉巴拉线下,巴拉巴拉FOB,非婴童,针织,针织大类,巴拉巴拉针织裤类,女,2022,Q1,A,0,0,1A,1,2022-11-30 09:58:54,2022-11-30 09:58:54
202123111010,2,202123111010,C45639323,123VFZ-GM-301D,巴拉巴拉,巴拉巴拉线下,巴拉巴拉CFOB,非婴童,毛织,毛织大类,巴拉巴拉毛织毛衫,女,2022,Q1,A,0,0,1A,1,2022-11-30 09:58:54,2022-11-30 09:58:54
202123105006,2,202123105006,C45642203,123VFSZ-GS-505B,巴拉巴拉,巴拉巴拉线下,巴拉巴拉CFOB,非婴童,梭织,梭织外套,巴拉巴拉梭织便服,女,2022,Q1,C,0,0,3A,1,2022-11-30 09:58:54,2022-11-30 09:58:54
200123106102,2,200123106102,C45651598,123VFB-BS-607B,巴拉巴拉,巴拉巴拉线下,巴拉巴拉CFOB,婴童,梭织,梭织外套,巴拉巴拉梭织棉服,男,2022,Q1,C,0,0,1A,1,2022-11-30 09:58:54,2022-11-30 09:58:54
202123100001,2,202123100001,C45652145,123VFSZ-GZ-121E,巴拉巴拉,巴拉巴拉线下,巴拉巴拉FOB,非婴童,针织,针织大类,巴拉巴拉针织卫衣/T恤,女,2022,Q1,B,0,0,3A,1,2022-11-30 09:58:54,2022-11-30 09:58:54
200123111012,2,200123111012,C45652998,123VFB-GZ-306F,巴拉巴拉,巴拉巴拉线下,巴拉巴拉FOB,婴童,针织,针织大类,巴拉巴拉针织裙类,女,2022,Q1,C,0,1,3A,1,2022-11-30 09:58:54,2022-11-30 09:58:54
202123105106,2,202123105106,C45654745,123VFSZ-BS-504F,巴拉巴拉,巴拉巴拉线下,巴拉巴拉CFOB,非婴童,梭织,梭织外套,巴拉巴拉梭织便服,男,2022,Q1,C,0,0,3A,1,2022-11-30 09:58:54,2022-11-30 09:58:54
200123123006,2,200123123006,C45662798,123VFB-GZ-801F,巴拉巴拉,巴拉巴拉线下,巴拉巴拉CFOB,婴童,针织,针织大类,巴拉巴拉针织裤类,女,2022,Q1,C,0,0,1A,1,2022-11-30 09:58:54,2022-11-30 09:58:54
202123105011,2,202123105011,C45672783,123VFZ-GS-504D,巴拉巴拉,巴拉巴拉线下,巴拉巴拉CFOB,非婴童,梭织,梭织外套,巴拉巴拉梭织便服,女,2022,Q1,C,0,0,1A,1,2022-11-30 09:58:54,2022-11-30 09:58:54
202123108001,2,202123108001,C45672784,123VFZ-GZ-847B,巴拉巴拉,巴拉巴拉线下,巴拉巴拉CFOB,非婴童,针织,针织大类,巴拉巴拉针织裤类,女,2022,Q1,B,0,0,1A,1,2022-11-30 09:58:54,2022-11-30 09:58:54
200123105104,2,200123105104,C45676781,123VFB-BS-501F,巴拉巴拉,巴拉巴拉线下,巴拉巴拉CFOB,婴童,梭织,梭织外套,巴拉巴拉梭织便服,男,2022,Q1,C,0,0,1A,1,2022-11-30 09:58:54,2022-11-30 09:58:54
200123108110,2,200123108110,C45676782,123VFB-BN-801B,巴拉巴拉,巴拉巴拉线下,巴拉巴拉CFOB,婴童,牛仔,牛仔大类,巴拉巴拉牛仔裤类,男,2022,Q1,B,0,0,1A,1,2022-11-30 09:58:54,2022-11-30 09:58:54
201123105111,2,201123105111,C45683963,123VFY-BS-503B,巴拉巴拉,巴拉巴拉线下,巴拉巴拉CFOB,非婴童,梭织,梭织外套,巴拉巴拉梭织便服,男,2022,Q1,C,0,0,1A,1,2022-11-30 09:58:54,2022-11-30 09:58:54
202123105103,2,202123105103,C45692564,123VFSZ-BS-502C,巴拉巴拉,巴拉巴拉线下,巴拉巴拉CFOB,非婴童,梭织,梭织外套,巴拉巴拉梭织便服,男,2022,Q1,B,0,0,1A,1,2022-11-30 09:58:54,2022-11-30 09:58:54
203123105101,2,203123105101,C45692565,123VFSZ-BS-502D,巴拉巴拉,巴拉巴拉线下,巴拉巴拉CFOB,非婴童,梭织,梭织外套,巴拉巴拉梭织便服,男,2022,Q1,S,0,0,1A,1,2022-11-30 09:58:54,2022-11-30 09:58:54
202123108109,2,202123108109,C45695377,123VFSZ-BZ-803B,巴拉巴拉,巴拉巴拉线下,巴拉巴拉CFOB,非婴童,针织,针织大类,巴拉巴拉针织裤类,男,2022,Q1,C,0,0,1A,1,2022-11-30 09:58:54,2022-11-30 09:58:54
202123105003,2,202123105003,C45697094,123VFZ-GS-509,巴拉巴拉,巴拉巴拉线下,巴拉巴拉CFOB,非婴童,梭织,梭织外套,巴拉巴拉梭织便服,女,2022,Q1,B,0,0,1A,1,2022-11-30 09:58:54,2022-11-30 09:58:54
202123105201,2,202123105201,C45704519,123VFZ-UZ-508,巴拉巴拉,巴拉巴拉线下,巴拉巴拉FOB,非婴童,针织,针织大类,巴拉巴拉针织便服,中,2022,Q1,B,0,0,2A,1,2022-11-30 09:58:54,2022-11-30 09:58:54
202123123003,2,202123123003,C45705328,123VFZ-GZ-848,巴拉巴拉,巴拉巴拉线下,巴拉巴拉FOB,非婴童,针织,针织大类,巴拉巴拉针织裤类,女,2022,Q1,A,0,0,1A,1,2022-11-30 09:58:54,2022-11-30 09:58:54
202123105014,2,202123105014,C45705717,123VFZ-GS-505,巴拉巴拉,巴拉巴拉线下,巴拉巴拉CFOB,非婴童,梭织,梭织外套,巴拉巴拉梭织便服,女,2022,Q1,C,0,0,1A,1,2022-11-30 09:58:54,2022-11-30 09:58:54
200123100108,2,200123100108,C45723240,123VFB-BZ-132D,巴拉巴拉,巴拉巴拉线下,巴拉巴拉CFOB,婴童,针织,针织大类,巴拉巴拉针织卫衣/T恤,男,2022,Q1,B,0,1,1A,1,2022-11-30 09:58:54,2022-11-30 09:58:54
200123102103,2,200123102103,C45729924,123VFB-BZ-212,巴拉巴拉,巴拉巴拉线下,巴拉巴拉CFOB,婴童,针织,针织大类,巴拉巴拉针织衬衫,男,2022,Q1,C,0,0,2A,1,2022-11-30 09:58:54,2022-11-30 09:58:54
201123105201,2,201123105201,C45745424,123VFY-UZ-501,巴拉巴拉,巴拉巴拉线下,巴拉巴拉CFOB,非婴童,针织,针织大类,巴拉巴拉针织便服,中,2022,Q1,B,0,0,2A,1,2022-11-30 09:58:54,2022-11-30 09:58:54
200123102102,2,200123102102,C45746810,123VFB-BS-228B,巴拉巴拉,巴拉巴拉线下,巴拉巴拉CFOB,婴童,梭织,梭织外套,巴拉巴拉梭织衬衫,男,2022,Q1,B,0,0,3A,1,2022-11-30 09:58:54,2022-11-30 09:58:54
201123104105,2,201123104105,C45747849,123VFY-BZ-011H,巴拉巴拉,巴拉巴拉线下,巴拉巴拉CFOB,非婴童,针织,针织大类,巴拉巴拉针织套装,男,2022,Q1,B,0,0,1A,1,2022-11-30 09:58:54,2022-11-30 09:58:54
201123102004,2,201123102004,C45748169,123VFY-GS-222E,巴拉巴拉,巴拉巴拉线下,巴拉巴拉CFOB,非婴童,梭织,梭织外套,巴拉巴拉梭织衬衫,女,2022,Q1,B,0,0,3A,1,2022-11-30 09:58:54,2022-11-30 09:58:54
208123120001,2,208123120001,C45754669,123DB-GZ-701C,巴拉巴拉,巴拉巴拉线上,巴拉巴拉CFOB,婴童,针织,针织大类,巴拉巴拉针织连体衣,女,2022,Q1,C,0,0,1批,1,2022-11-30 09:58:54,2022-11-30 09:58:54
200123100005,2,200123100005,C45767849,123VFB-GZ-127E,巴拉巴拉,巴拉巴拉线下,巴拉巴拉CFOB,婴童,针织,针织大类,巴拉巴拉针织卫衣/T恤,女,2022,Q1,B,0,1,1A,1,2022-11-30 09:58:54,2022-11-30 09:58:54
201123106103,2,201123106103,C45807343,123VFY-BS-601E,巴拉巴拉,巴拉巴拉线下,巴拉巴拉CFOB,非婴童,梭织,梭织外套,巴拉巴拉梭织棉服,男,2022,Q1,B,0,0,1A,1,2022-11-30 09:58:54,2022-11-30 09:58:54
202123105012,2,202123105012,C45810984,123VFZ-GZ-501B,巴拉巴拉,巴拉巴拉线下,巴拉巴拉CFOB,非婴童,针织,针织大类,巴拉巴拉针织便服,女,2022,Q1,S,0,0,2A,1,2022-11-30 09:58:54,2022-11-30 09:58:54
202123104002,2,202123104002,C45820320,123VFZ-GZ-017,巴拉巴拉,巴拉巴拉线下,巴拉巴拉CFOB,非婴童,针织,针织大类,巴拉巴拉针织套装,女,2022,Q1,C,0,0,2A,1,2022-11-30 09:58:54,2022-11-30 09:58:54
200123104108,2,200123104108,C45824887,123VFB-BZ-019H,巴拉巴拉,巴拉巴拉线下,巴拉巴拉CFOB,婴童,针织,针织大类,巴拉巴拉针织套装,男,2022,Q1,B,0,0,1A,1,2022-11-30 09:58:54,2022-11-30 09:58:54
202123108019,2,202123108019,C45833129,123VFZ-GZ-846B,巴拉巴拉,巴拉巴拉线下,巴拉巴拉FOB,非婴童,针织,针织大类,巴拉巴拉针织裤类,女,2022,Q1,C,0,0,1A,1,2022-11-30 09:58:54,2022-11-30 09:58:54
202123121007,2,202123121007,C45836626,123VFZ-GZ-102F,巴拉巴拉,巴拉巴拉线下,巴拉巴拉CFOB,非婴童,针织,针织大类,巴拉巴拉针织卫衣/T恤,女,2022,Q1,B,0,0,1A,1,2022-11-30 09:58:54,2022-11-30 09:58:54
202123121109,2,202123121109,C45837112,123VFSZ-BZ-122E,巴拉巴拉,巴拉巴拉线下,巴拉巴拉FOB,非婴童,针织,针织大类,巴拉巴拉针织卫衣/T恤,男,2022,Q1,A,0,0,1A,1,2022-11-30 09:58:54,2022-11-30 09:58:54
200123111013,2,200123111013,C45845199,123VFB-GS-306G,巴拉巴拉,巴拉巴拉线下,巴拉巴拉CFOB,婴童,梭织,梭织裙子,巴拉巴拉梭织裙类,女,2022,Q1,C,0,0,2A,1,2022-11-30 09:58:54,2022-11-30 09:58:54
208123117201,2,208123117201,C45878880,123DZ-UZ-108,巴拉巴拉,巴拉巴拉线上,巴拉巴拉FOB,非婴童,针织,针织大类,巴拉巴拉针织卫衣/T恤,中,2022,Q1,A,0,0,1批,1,2022-11-30 09:58:54,2022-11-30 09:58:54
200123108114,2,200123108114,C45883105,123VFB-BZ-834B,巴拉巴拉,巴拉巴拉线下,巴拉巴拉CFOB,婴童,针织,针织大类,巴拉巴拉针织裤类,男,2022,Q1,B,0,1,1A,1,2022-11-30 09:58:54,2022-11-30 09:58:54
200123108009,2,200123108009,C45904524,123VFB-GZ-850B,巴拉巴拉,巴拉巴拉线下,巴拉巴拉FOB,婴童,针织,针织大类,巴拉巴拉针织裤类,女,2022,Q1,B,0,0,1A,1,2022-11-30 09:58:54,2022-11-30 09:58:54
200123105010,2,200123105010,C45913867,123VFB-GZ-501C,巴拉巴拉,巴拉巴拉线下,巴拉巴拉CFOB,婴童,针织,针织大类,巴拉巴拉针织便服,女,2022,Q1,B,0,1,3A,1,2022-11-30 09:58:54,2022-11-30 09:58:54
208123102201,2,208123102201,C45933774,123DB-US-201,巴拉巴拉,巴拉巴拉线上,巴拉巴拉FOB,婴童,梭织,梭织外套,巴拉巴拉梭织衬衫,中,2022,Q1,A,0,0,3A,1,2022-11-30 09:58:54,2022-11-30 09:58:54
208123108104,2,208123108104,C45989689,123DZ-BZ-809,巴拉巴拉,巴拉巴拉线上,巴拉巴拉FOB,非婴童,针织,针织大类,巴拉巴拉针织裤类,男,2022,Q1,C,0,0,1批,1,2022-11-30 09:58:54,2022-11-30 09:58:54
201123108013,2,201123108013,C46034166,123VFY-GN-803B,巴拉巴拉,巴拉巴拉线下,巴拉巴拉CFOB,非婴童,牛仔,牛仔大类,巴拉巴拉牛仔裤类,女,2022,Q1,S,0,1,2A,1,2022-11-30 09:58:54,2022-11-30 09:58:54
208123105204,2,208123105204,C46041477,123DY-UZ-501B,巴拉巴拉,巴拉巴拉线上,巴拉巴拉CFOB,非婴童,针织,针织大类,巴拉巴拉针织便服,中,2022,Q1,A,0,0,1批,1,2022-11-30 09:58:54,2022-11-30 09:58:54
208123101201,2,208123101201,C46063658,123DY-UM-101C,巴拉巴拉,巴拉巴拉线上,巴拉巴拉CFOB,非婴童,毛织,毛织大类,巴拉巴拉毛织毛衫,中,2022,Q1,S,0,0,1批,1,2022-11-30 09:58:54,2022-11-30 09:58:54
208123120101,2,208123120101,C46065374,123DB-BZ-701B,巴拉巴拉,巴拉巴拉线上,巴拉巴拉CFOB,婴童,针织,针织大类,巴拉巴拉针织连体衣,男,2022,Q1,C,0,0,0批,1,2022-11-30 09:58:54,2022-11-30 09:58:54
201123103105,2,201123103105,C46068734,123FY-BM-101,巴拉巴拉,巴拉巴拉线下,巴拉巴拉CFOB,非婴童,毛织,毛织大类,巴拉巴拉毛织毛衫,男,2022,Q1,C,0,0,12A,1,2022-11-30 09:58:54,2022-11-30 09:58:54
201123103106,2,201123103106,C46068735,123FY-BM-102,巴拉巴拉,巴拉巴拉线下,巴拉巴拉CFOB,非婴童,毛织,毛织大类,巴拉巴拉毛织毛衫,男,2022,Q1,C,0,0,12A,1,2022-11-30 09:58:54,2022-11-30 09:58:54
208123123001,2,208123123001,C46076796,123VDB-GZ-801,巴拉巴拉,巴拉巴拉线上,巴拉巴拉CFOB,婴童,针织,针织大类,巴拉巴拉针织裤类,女,2022,Q1,A,0,0,2A,1,2022-11-30 09:58:54,2022-11-30 09:58:54
201123104008,2,201123104008,C46110912,123FY-GM-001,巴拉巴拉,巴拉巴拉线下,巴拉巴拉CFOB,非婴童,毛织,毛织大类,巴拉巴拉毛织毛衫,女,2022,Q1,B,0,0,12A,1,2022-11-30 09:58:54,2022-11-30 09:58:54
202123122001,2,202123122001,C46142131,123VFZ-GM-105D,巴拉巴拉,巴拉巴拉线下,巴拉巴拉CFOB,非婴童,毛织,毛织大类,巴拉巴拉毛织毛衫,女,2022,Q1,A,0,0,2A,1,2022-11-30 09:58:54,2022-11-30 09:58:54
202123105116,2,202123105116,C46557991,123VFZ-BS-502,巴拉巴拉,巴拉巴拉线下,巴拉巴拉CFOB,非婴童,梭织,梭织外套,巴拉巴拉梭织便服,男,2022,Q1,A,0,0,2A,1,2022-11-30 09:58:54,2022-11-30 09:58:54
208123108006,2,208123108006,C46764370,123DY-GN-801C,巴拉巴拉,巴拉巴拉线上,巴拉巴拉CFOB,非婴童,牛仔,牛仔大类,巴拉巴拉牛仔裤类,女,2022,Q1,C,0,0,2批,1,2022-11-30 09:58:54,2022-11-30 09:58:54
208123120102,2,208123120102,C47175294,123VFB-BZ-703,巴拉巴拉,巴拉巴拉线上,巴拉巴拉CFOB,婴童,针织,针织大类,巴拉巴拉针织连体衣,男,2022,Q1,A,0,1,0批,1,2022-11-30 09:58:54,2022-11-30 09:58:54
201123105116,2,201123105116,C47197613,123VFY-BS-501M,巴拉巴拉,巴拉巴拉线下,巴拉巴拉CFOB,非婴童,梭织,梭织外套,巴拉巴拉梭织便服,男,2022,Q1,A,0,0,2A,1,2022-11-30 09:58:54,2022-11-30 09:58:54
208123111009,2,208123111009,C47302451,123DB-GS-302C,巴拉巴拉,巴拉巴拉线上,巴拉巴拉ODM,婴童,梭织,梭织裙子,巴拉巴拉梭织裙类,女,2022,Q1,B,0,0,0批,1,2022-11-30 09:58:54,2022-11-30 09:58:54
208123111013,2,208123111013,C47304371,123DZ-GM-301B,巴拉巴拉,巴拉巴拉线上,巴拉巴拉CFOB,非婴童,毛织,毛织大类,巴拉巴拉毛织毛衫,女,2022,Q1,C,0,0,0批,1,2022-11-30 09:58:54,2022-11-30 09:58:54
208123101002,2,208123101002,C47396257,123VDY-GS-422,巴拉巴拉,巴拉巴拉线上,巴拉巴拉CFOB,非婴童,梭织,梭织外套,巴拉巴拉梭织马甲,女,2022,Q1,C,0,0,0批,1,2022-11-30 09:58:54,2022-11-30 09:58:54
208123103003,2,208123103003,C47508229,123VDY-GM-103,巴拉巴拉,巴拉巴拉线上,巴拉巴拉CFOB,非婴童,毛织,毛织大类,巴拉巴拉毛织毛衫,女,2022,Q1,B,0,0,0批,1,2022-11-30 09:58:54,2022-11-30 09:58:54
201123105202,2,201123105202,C47524020,123FY-US-501,巴拉巴拉,巴拉巴拉线下,巴拉巴拉FOB,非婴童,梭织,梭织外套,巴拉巴拉梭织便服,中,2022,Q1,C,0,0,3G,1,2022-11-30 09:58:54,2022-11-30 09:58:54
201123108127,2,201123108127,C47663916,123VFY-BZ-831H,巴拉巴拉,巴拉巴拉线下,巴拉巴拉FOB,非婴童,针织,针织大类,巴拉巴拉针织裤类,男,2022,Q1,A,0,0,1A,1,2022-11-30 09:58:54,2022-11-30 09:58:54
201123105118,2,201123105118,C47799121,123VFY-BS-501N,巴拉巴拉,巴拉巴拉线下,巴拉巴拉CFOB,非婴童,梭织,梭织外套,巴拉巴拉梭织便服,男,2022,Q1,A,0,0,2A,1,2022-11-30 09:58:54,2022-11-30 09:58:54
201123105014,2,201123105014,C47891708,123VFY-GS-502D,巴拉巴拉,巴拉巴拉线下,巴拉巴拉CFOB,非婴童,梭织,梭织外套,巴拉巴拉梭织便服,女,2022,Q1,S,0,0,2A,1,2022-11-30 09:58:54,2022-11-30 09:58:54
201123105117,2,201123105117,C48017276,123VFY-BS-501P,巴拉巴拉,巴拉巴拉线下,巴拉巴拉CFOB,非婴童,梭织,梭织外套,巴拉巴拉梭织便服,男,2022,Q1,A,0,0,1A,1,2022-11-30 09:58:54,2022-11-30 09:58:54
201123105013,2,201123105013,C48017277,123VFY-GS-501H,巴拉巴拉,巴拉巴拉线下,巴拉巴拉CFOB,非婴童,梭织,梭织外套,巴拉巴拉梭织便服,女,2022,Q1,S,0,1,1A,1,2022-11-30 09:58:54,2022-11-30 09:58:54
203123105001,2,203123105001,C48108685,123VFSZ-GS-502C,巴拉巴拉,巴拉巴拉线下,巴拉巴拉CFOB,非婴童,梭织,梭织外套,巴拉巴拉梭织便服,女,2022,Q1,S,0,0,2A,1,2022-11-30 09:58:54,2022-11-30 09:58:54
202123121110,2,202123121110,C48108686,123VFZ-BZ-102L,巴拉巴拉,巴拉巴拉线下,巴拉巴拉FOB,非婴童,针织,针织大类,巴拉巴拉针织卫衣/T恤,男,2022,Q1,S,0,0,2A,1,2022-11-30 09:58:54,2022-11-30 09:58:54
202123105117,2,202123105117,C48108687,123VFZ-BS-504G,巴拉巴拉,巴拉巴拉线下,巴拉巴拉CFOB,非婴童,梭织,梭织外套,巴拉巴拉梭织便服,男,2022,Q1,A,0,0,2A,1,2022-11-30 09:58:54,2022-11-30 09:58:54
201123108016,2,201123108016,C48121905,123VFY-GZ-838C,巴拉巴拉,巴拉巴拉线下,巴拉巴拉CFOB,非婴童,针织,针织大类,巴拉巴拉针织裤类,女,2022,Q1,A,0,0,1A,1,2022-11-30 09:58:54,2022-11-30 09:58:54
200123101107,2,200123101107,C48232716,123VFB-BS-419F,巴拉巴拉,巴拉巴拉线下,巴拉巴拉CFOB,婴童,梭织,梭织外套,巴拉巴拉梭织马甲,男,2022,Q1,A,0,0,1A,1,2022-11-30 09:58:54,2022-11-30 09:58:54
202123105017,2,202123105017,C48246491,123VFZ-GS-504E,巴拉巴拉,巴拉巴拉线下,巴拉巴拉CFOB,非婴童,梭织,梭织外套,巴拉巴拉梭织便服,女,2022,Q1,S,0,0,1A,1,2022-11-30 09:58:54,2022-11-30 09:58:54
202123105118,2,202123105118,C48249476,123VFSZ-BUS-511B,巴拉巴拉,巴拉巴拉线下,巴拉巴拉CFOB,非婴童,梭织,梭织外套,巴拉巴拉梭织便服,男,2022,Q1,A,0,0,2A,1,2022-11-30 09:58:54,2022-11-30 09:58:54
202123105016,2,202123105016,C48258711,123VFSZ-GS-502D,巴拉巴拉,巴拉巴拉线下,巴拉巴拉CFOB,非婴童,梭织,梭织外套,巴拉巴拉梭织便服,女,2022,Q1,S,0,0,2A,1,2022-11-30 09:58:54,2022-11-30 09:58:54
202123105015,2,202123105015,C48260927,123VFSZ-GS-502E,巴拉巴拉,巴拉巴拉线下,巴拉巴拉CFOB,非婴童,梭织,梭织外套,巴拉巴拉梭织便服,女,2022,Q1,S,0,0,2A,1,2022-11-30 09:58:54,2022-11-30 09:58:54
208123111011,2,208123111011,C48276256,123DB-GS-302D,巴拉巴拉,巴拉巴拉线上,巴拉巴拉FOB,婴童,梭织,梭织裙子,巴拉巴拉梭织裙类,女,2022,Q1,B,0,0,2A,1,2022-11-30 09:58:54,2022-11-30 09:58:54
208123104205,2,208123104205,C48462064,123VDB-UZ-001,巴拉巴拉,巴拉巴拉线上,巴拉巴拉CFOB,婴童,针织,针织大类,巴拉巴拉针织套装,中,2022,Q1,B,0,0,1A,1,2022-11-30 09:58:54,2022-11-30 09:58:54
208123108108,2,208123108108,C48769629,123VDY-BS-803,巴拉巴拉,巴拉巴拉线上,巴拉巴拉CFOB,非婴童,梭织,梭织裤子,巴拉巴拉梭织裤类,男,2022,Q1,C,0,0,2D,1,2022-11-30 09:58:54,2022-11-30 09:58:54
208123105107,2,208123105107,C48809037,123VDZ-BS-501,巴拉巴拉,巴拉巴拉线上,巴拉巴拉FOB,非婴童,梭织,梭织外套,巴拉巴拉梭织便服,男,2022,Q1,A,0,0,1批,1,2022-11-30 09:58:54,2022-11-30 09:58:54
208123102101,2,208123102101,C48809038,123VDZ-BN-201,巴拉巴拉,巴拉巴拉线上,巴拉巴拉null,非婴童,牛仔,牛仔大类,巴拉巴拉牛仔衬衫,男,2022,Q1,A,0,0,3批,1,2022-11-30 09:58:54,2022-11-30 09:58:54
208123121105,2,208123121105,C48809634,123VDZ-BZ-106,巴拉巴拉,巴拉巴拉线上,巴拉巴拉CFOB,非婴童,针织,针织大类,巴拉巴拉针织卫衣/T恤,男,2022,Q1,A,0,0,3批,1,2022-11-30 09:58:54,2022-11-30 09:58:54
208123100103,2,208123100103,C48809635,123VDZ-BZ-108,巴拉巴拉,巴拉巴拉线上,巴拉巴拉CFOB,非婴童,针织,针织大类,巴拉巴拉针织卫衣/T恤,男,2022,Q1,A,0,0,4批,1,2022-11-30 09:58:54,2022-11-30 09:58:54
208123108106,2,208123108106,C48811377,123VDZ-BZ-804,巴拉巴拉,巴拉巴拉线上,巴拉巴拉CFOB,非婴童,针织,针织大类,巴拉巴拉针织裤类,男,2022,Q1,A,0,0,2批,1,2022-11-30 09:58:54,2022-11-30 09:58:54
208123104103,2,208123104103,C48829764,123VDZ-BZ-001,巴拉巴拉,巴拉巴拉线上,巴拉巴拉CFOB,非婴童,针织,针织大类,巴拉巴拉针织套装,男,2022,Q1,B,0,0,4批,1,2022-11-30 09:58:54,2022-11-30 09:58:54
208123108005,2,208123108005,C48890794,123VDZ-GN-802,巴拉巴拉,巴拉巴拉线上,巴拉巴拉null,非婴童,牛仔,牛仔大类,巴拉巴拉牛仔裤类,女,2022,Q1,A,0,0,2批,1,2022-11-30 09:58:54,2022-11-30 09:58:54
208123102001,2,208123102001,C48890795,123VDZ-GS-202,巴拉巴拉,巴拉巴拉线上,巴拉巴拉CFOB,非婴童,梭织,梭织外套,巴拉巴拉梭织衬衫,女,2022,Q1,A,0,0,4批,1,2022-11-30 09:58:54,2022-11-30 09:58:54
208123111014,2,208123111014,C48890796,123VDZ-GS-306,巴拉巴拉,巴拉巴拉线上,巴拉巴拉CFOB,非婴童,梭织,梭织裙子,巴拉巴拉梭织裙类,女,2022,Q1,B,0,0,4批,1,2022-11-30 09:58:54,2022-11-30 09:58:54
208123121002,2,208123121002,C48890797,123VDZ-GZ-112,巴拉巴拉,巴拉巴拉线上,巴拉巴拉null,非婴童,针织,针织大类,巴拉巴拉针织卫衣/T恤,女,2022,Q1,B,0,0,3批,1,2022-11-30 09:58:54,2022-11-30 09:58:54
208123104006,2,208123104006,C48890798,123VDZ-GZ-002,巴拉巴拉,巴拉巴拉线上,巴拉巴拉CFOB,非婴童,针织,针织大类,巴拉巴拉针织套装,女,2022,Q1,B,0,0,2批,1,2022-11-30 09:58:54,2022-11-30 09:58:54
