id,calendar_id,work_date,valid,create_time,update_time
1509815033976266764,1485819595149426689,2022-08-01,1,2022-04-01 16:48:50,2022-04-01 16:48:50
1509815033976266765,1485819595149426689,2022-08-02,1,2022-04-01 16:48:50,2022-04-01 16:48:50
1509815033976266766,1485819595149426689,2022-08-03,1,2022-04-01 16:48:50,2022-04-01 16:48:50
1509815033976266767,1485819595149426689,2022-08-04,1,2022-04-01 16:48:50,2022-04-01 16:48:50
1509815033976266768,1485819595149426689,2022-08-05,1,2022-04-01 16:48:50,2022-04-01 16:48:50
1509815033976266769,1485819595149426689,2022-08-06,1,2022-04-01 16:48:50,2022-04-01 16:48:50
1509815033976266770,1485819595149426689,2022-08-08,1,2022-04-01 16:48:50,2022-04-01 16:48:50
1509815033976266771,1485819595149426689,2022-08-09,1,2022-04-01 16:48:50,2022-04-01 16:48:50
1509815033976266772,1485819595149426689,2022-08-10,1,2022-04-01 16:48:50,2022-04-01 16:48:50
1509815033976266773,1485819595149426689,2022-08-11,1,2022-04-01 16:48:50,2022-04-01 16:48:50
1509815033976266774,1485819595149426689,2022-08-12,1,2022-04-01 16:48:50,2022-04-01 16:48:50
1509815033976266775,1485819595149426689,2022-08-13,1,2022-04-01 16:48:50,2022-04-01 16:48:50
1509815033976266776,1485819595149426689,2022-08-15,1,2022-04-01 16:48:50,2022-04-01 16:48:50
1509815033976266777,1485819595149426689,2022-08-16,1,2022-04-01 16:48:50,2022-04-01 16:48:50
1509815033976266778,1485819595149426689,2022-08-17,1,2022-04-01 16:48:50,2022-04-01 16:48:50
1509815033976266779,1485819595149426689,2022-08-18,1,2022-04-01 16:48:50,2022-04-01 16:48:50
1509815033976266780,1485819595149426689,2022-08-19,1,2022-04-01 16:48:50,2022-04-01 16:48:50
1509815033976266781,1485819595149426689,2022-08-20,1,2022-04-01 16:48:50,2022-04-01 16:48:50
1509815033976266782,1485819595149426689,2022-08-22,1,2022-04-01 16:48:50,2022-04-01 16:48:50
1509815033976266783,1485819595149426689,2022-08-23,1,2022-04-01 16:48:50,2022-04-01 16:48:50
1509815033976266784,1485819595149426689,2022-08-24,1,2022-04-01 16:48:50,2022-04-01 16:48:50
1509815033976266785,1485819595149426689,2022-08-25,1,2022-04-01 16:48:50,2022-04-01 16:48:50
1509815033976266786,1485819595149426689,2022-08-26,1,2022-04-01 16:48:50,2022-04-01 16:48:50
1509815033976266787,1485819595149426689,2022-08-27,1,2022-04-01 16:48:50,2022-04-01 16:48:50
1509815033976266788,1485819595149426689,2022-08-29,1,2022-04-01 16:48:50,2022-04-01 16:48:50
1509815033976266789,1485819595149426689,2022-08-30,1,2022-04-01 16:48:50,2022-04-01 16:48:50
1509815033976266790,1485819595149426689,2022-08-31,1,2022-04-01 16:48:50,2022-04-01 16:48:50
1509815033976266791,1485819595149426689,2022-09-01,1,2022-04-01 16:48:50,2022-04-01 16:48:50
1509815033976266792,1485819595149426689,2022-09-02,1,2022-04-01 16:48:50,2022-04-01 16:48:50
1509815033976266793,1485819595149426689,2022-09-03,1,2022-04-01 16:48:50,2022-04-01 16:48:50
1509815033976266794,1485819595149426689,2022-09-05,1,2022-04-01 16:48:50,2022-04-01 16:48:50
1509815033976266795,1485819595149426689,2022-09-06,1,2022-04-01 16:48:50,2022-04-01 16:48:50
1509815033976266796,1485819595149426689,2022-09-07,1,2022-04-01 16:48:50,2022-04-01 16:48:50
1509815033976266797,1485819595149426689,2022-09-08,1,2022-04-01 16:48:50,2022-04-01 16:48:50
1509815033976266798,1485819595149426689,2022-09-09,1,2022-04-01 16:48:50,2022-04-01 16:48:50
1509815033976266799,1485819595149426689,2022-09-10,1,2022-04-01 16:48:50,2022-04-01 16:48:50
1509815033976266800,1485819595149426689,2022-09-12,1,2022-04-01 16:48:50,2022-04-01 16:48:50
1509815033976266801,1485819595149426689,2022-09-13,1,2022-04-01 16:48:50,2022-04-01 16:48:50
1509815033976266802,1485819595149426689,2022-09-14,1,2022-04-01 16:48:50,2022-04-01 16:48:50
1509815033976266803,1485819595149426689,2022-09-15,1,2022-04-01 16:48:50,2022-04-01 16:48:50
1509815033976266804,1485819595149426689,2022-09-16,1,2022-04-01 16:48:50,2022-04-01 16:48:50
1509815033976266805,1485819595149426689,2022-09-17,1,2022-04-01 16:48:50,2022-04-01 16:48:50
1509815033976266806,1485819595149426689,2022-09-19,1,2022-04-01 16:48:50,2022-04-01 16:48:50
1509815033976266807,1485819595149426689,2022-09-20,1,2022-04-01 16:48:50,2022-04-01 16:48:50
1509815033976266808,1485819595149426689,2022-09-21,1,2022-04-01 16:48:50,2022-04-01 16:48:50
1509815033976266809,1485819595149426689,2022-09-22,1,2022-04-01 16:48:50,2022-04-01 16:48:50
1509815033976266810,1485819595149426689,2022-09-23,1,2022-04-01 16:48:50,2022-04-01 16:48:50
1509815033976266811,1485819595149426689,2022-09-24,1,2022-04-01 16:48:50,2022-04-01 16:48:50
1509815033976266812,1485819595149426689,2022-09-26,1,2022-04-01 16:48:50,2022-04-01 16:48:50
1509815033976266813,1485819595149426689,2022-09-27,1,2022-04-01 16:48:50,2022-04-01 16:48:50
1509815033976266814,1485819595149426689,2022-09-28,1,2022-04-01 16:48:50,2022-04-01 16:48:50
1509815033976266815,1485819595149426689,2022-09-29,1,2022-04-01 16:48:50,2022-04-01 16:48:50
1509815033976266816,1485819595149426689,2022-09-30,1,2022-04-01 16:48:50,2022-04-01 16:48:50
1509815033980461063,1485819595149426689,2022-11-14,1,2022-04-01 16:48:50,2022-04-01 16:48:50
1509815033980461064,1485819595149426689,2022-11-15,1,2022-04-01 16:48:50,2022-04-01 16:48:50
1509815033980461065,1485819595149426689,2022-11-16,1,2022-04-01 16:48:50,2022-04-01 16:48:50
1509815033980461066,1485819595149426689,2022-11-17,1,2022-04-01 16:48:50,2022-04-01 16:48:50
1509815033980461067,1485819595149426689,2022-11-18,1,2022-04-01 16:48:50,2022-04-01 16:48:50
1509815033980461068,1485819595149426689,2022-11-19,1,2022-04-01 16:48:50,2022-04-01 16:48:50
1509815033980461069,1485819595149426689,2022-11-21,1,2022-04-01 16:48:50,2022-04-01 16:48:50
1509815033980461070,1485819595149426689,2022-11-22,1,2022-04-01 16:48:50,2022-04-01 16:48:50
1509815033980461071,1485819595149426689,2022-11-23,1,2022-04-01 16:48:50,2022-04-01 16:48:50
1509815033980461072,1485819595149426689,2022-11-24,1,2022-04-01 16:48:50,2022-04-01 16:48:50
1509815033980461073,1485819595149426689,2022-11-25,1,2022-04-01 16:48:50,2022-04-01 16:48:50
1509815033980461074,1485819595149426689,2022-11-26,1,2022-04-01 16:48:50,2022-04-01 16:48:50
1509815033980461075,1485819595149426689,2022-11-28,1,2022-04-01 16:48:50,2022-04-01 16:48:50
1509815033980461076,1485819595149426689,2022-11-29,1,2022-04-01 16:48:50,2022-04-01 16:48:50
1509815033980461077,1485819595149426689,2022-11-30,1,2022-04-01 16:48:50,2022-04-01 16:48:50
1509815033980461078,1485819595149426689,2022-12-01,1,2022-04-01 16:48:50,2022-04-01 16:48:50
1509815033980461079,1485819595149426689,2022-12-02,1,2022-04-01 16:48:50,2022-04-01 16:48:50
1509815033980461080,1485819595149426689,2022-12-03,1,2022-04-01 16:48:50,2022-04-01 16:48:50
1509815033980461081,1485819595149426689,2022-12-05,1,2022-04-01 16:48:50,2022-04-01 16:48:50
1509815033980461082,1485819595149426689,2022-12-06,1,2022-04-01 16:48:50,2022-04-01 16:48:50
1509815033980461083,1485819595149426689,2022-12-07,1,2022-04-01 16:48:50,2022-04-01 16:48:50
1509815033980461084,1485819595149426689,2022-12-08,1,2022-04-01 16:48:50,2022-04-01 16:48:50
1509815033980461085,1485819595149426689,2022-12-09,1,2022-04-01 16:48:50,2022-04-01 16:48:50
1509815033980461086,1485819595149426689,2022-12-10,1,2022-04-01 16:48:50,2022-04-01 16:48:50
1509815033980461087,1485819595149426689,2022-12-12,1,2022-04-01 16:48:50,2022-04-01 16:48:50
1509815033980461088,1485819595149426689,2022-12-13,1,2022-04-01 16:48:50,2022-04-01 16:48:50
1509815033980461089,1485819595149426689,2022-12-14,1,2022-04-01 16:48:50,2022-04-01 16:48:50
1509815033980461090,1485819595149426689,2022-12-15,1,2022-04-01 16:48:50,2022-04-01 16:48:50
1509815033980461091,1485819595149426689,2022-12-16,1,2022-04-01 16:48:50,2022-04-01 16:48:50
1509815033980461092,1485819595149426689,2022-12-17,1,2022-04-01 16:48:50,2022-04-01 16:48:50
1509815033980461093,1485819595149426689,2022-12-19,1,2022-04-01 16:48:50,2022-04-01 16:48:50
1509815033980461094,1485819595149426689,2022-12-20,1,2022-04-01 16:48:50,2022-04-01 16:48:50
1509815033980461095,1485819595149426689,2022-12-21,1,2022-04-01 16:48:50,2022-04-01 16:48:50
1509815033980461096,1485819595149426689,2022-12-22,1,2022-04-01 16:48:50,2022-04-01 16:48:50
1509815033980461097,1485819595149426689,2022-12-23,1,2022-04-01 16:48:50,2022-04-01 16:48:50
1509815033980461098,1485819595149426689,2022-12-24,1,2022-04-01 16:48:50,2022-04-01 16:48:50
1509815033980461099,1485819595149426689,2022-12-26,1,2022-04-01 16:48:50,2022-04-01 16:48:50
1509815033980461100,1485819595149426689,2022-12-27,1,2022-04-01 16:48:50,2022-04-01 16:48:50
1509815033980461101,1485819595149426689,2022-12-28,1,2022-04-01 16:48:50,2022-04-01 16:48:50
1509815033980461102,1485819595149426689,2022-12-29,1,2022-04-01 16:48:50,2022-04-01 16:48:50
1509815033980461103,1485819595149426689,2022-12-30,1,2022-04-01 16:48:50,2022-04-01 16:48:50
1509815033980461104,1485819595149426689,2022-12-31,1,2022-04-01 16:48:50,2022-04-01 16:48:50
1509815033980461105,1485819595149426689,2023-01-02,1,2022-04-01 16:48:50,2022-04-01 16:48:50
1509815033980461106,1485819595149426689,2023-01-03,1,2022-04-01 16:48:50,2022-04-01 16:48:50
1509815033980461107,1485819595149426689,2023-01-04,1,2022-04-01 16:48:50,2022-04-01 16:48:50
1509815033980461108,1485819595149426689,2023-01-05,1,2022-04-01 16:48:50,2022-04-01 16:48:50
1509815033980461109,1485819595149426689,2023-01-06,1,2022-04-01 16:48:50,2022-04-01 16:48:50
1509815033984655381,1485819595149426689,2023-02-07,1,2022-04-01 16:48:50,2022-04-01 16:48:50
1509815033984655382,1485819595149426689,2023-02-08,1,2022-04-01 16:48:50,2022-04-01 16:48:50
1509815033984655383,1485819595149426689,2023-02-09,1,2022-04-01 16:48:50,2022-04-01 16:48:50
1509815033984655384,1485819595149426689,2023-02-10,1,2022-04-01 16:48:50,2022-04-01 16:48:50
1509815033984655385,1485819595149426689,2023-02-11,1,2022-04-01 16:48:50,2022-04-01 16:48:50
1509815033984655386,1485819595149426689,2023-02-13,1,2022-04-01 16:48:50,2022-04-01 16:48:50
1509815033984655387,1485819595149426689,2023-02-14,1,2022-04-01 16:48:50,2022-04-01 16:48:50
1509815033984655388,1485819595149426689,2023-02-15,1,2022-04-01 16:48:50,2022-04-01 16:48:50
1509815033984655389,1485819595149426689,2023-02-16,1,2022-04-01 16:48:50,2022-04-01 16:48:50
1509815033984655390,1485819595149426689,2023-02-17,1,2022-04-01 16:48:50,2022-04-01 16:48:50
1509815033984655391,1485819595149426689,2023-02-18,1,2022-04-01 16:48:50,2022-04-01 16:48:50
1509815033984655392,1485819595149426689,2023-02-20,1,2022-04-01 16:48:50,2022-04-01 16:48:50
1509815033984655393,1485819595149426689,2023-02-21,1,2022-04-01 16:48:50,2022-04-01 16:48:50
1509815033984655394,1485819595149426689,2023-02-22,1,2022-04-01 16:48:50,2022-04-01 16:48:50
1509815033984655395,1485819595149426689,2023-02-23,1,2022-04-01 16:48:50,2022-04-01 16:48:50
1509815033984655396,1485819595149426689,2023-02-24,1,2022-04-01 16:48:50,2022-04-01 16:48:50
1509815033984655397,1485819595149426689,2023-02-25,1,2022-04-01 16:48:50,2022-04-01 16:48:50
1509815033984655398,1485819595149426689,2023-02-27,1,2022-04-01 16:48:50,2022-04-01 16:48:50
1509815033984655400,1485819595149426689,2023-03-01,1,2022-04-01 16:48:50,2022-04-01 16:48:50
1509815033984655401,1485819595149426689,2023-03-02,1,2022-04-01 16:48:50,2022-04-01 16:48:50
1509815033984655402,1485819595149426689,2023-03-03,1,2022-04-01 16:48:50,2022-04-01 16:48:50
1509815033984655403,1485819595149426689,2023-03-04,1,2022-04-01 16:48:50,2022-04-01 16:48:50
1509815033984655404,1485819595149426689,2023-03-06,1,2022-04-01 16:48:50,2022-04-01 16:48:50
1509815033984655405,1485819595149426689,2023-03-07,1,2022-04-01 16:48:50,2022-04-01 16:48:50
1509815033984655406,1485819595149426689,2023-03-08,1,2022-04-01 16:48:50,2022-04-01 16:48:50
1509815033984655407,1485819595149426689,2023-03-09,1,2022-04-01 16:48:50,2022-04-01 16:48:50
1509815033984655408,1485819595149426689,2023-03-10,1,2022-04-01 16:48:50,2022-04-01 16:48:50
1509815033984655409,1485819595149426689,2023-03-11,1,2022-04-01 16:48:50,2022-04-01 16:48:50
1509815033984655410,1485819595149426689,2023-03-13,1,2022-04-01 16:48:50,2022-04-01 16:48:50
1509815033984655411,1485819595149426689,2023-03-14,1,2022-04-01 16:48:50,2022-04-01 16:48:50
1509815033984655412,1485819595149426689,2023-03-15,1,2022-04-01 16:48:50,2022-04-01 16:48:50
1509815033984655413,1485819595149426689,2023-03-16,1,2022-04-01 16:48:50,2022-04-01 16:48:50
1509815033984655414,1485819595149426689,2023-03-17,1,2022-04-01 16:48:50,2022-04-01 16:48:50
1509815033984655415,1485819595149426689,2023-03-18,1,2022-04-01 16:48:50,2022-04-01 16:48:50
1509815033984655416,1485819595149426689,2023-03-20,1,2022-04-01 16:48:50,2022-04-01 16:48:50
1509815033984655417,1485819595149426689,2023-03-21,1,2022-04-01 16:48:50,2022-04-01 16:48:50
1509815033984655418,1485819595149426689,2023-03-22,1,2022-04-01 16:48:50,2022-04-01 16:48:50
1509815033984655419,1485819595149426689,2023-03-23,1,2022-04-01 16:48:50,2022-04-01 16:48:50
1509815033984655420,1485819595149426689,2023-03-24,1,2022-04-01 16:48:50,2022-04-01 16:48:50
1509815033984655421,1485819595149426689,2023-03-25,1,2022-04-01 16:48:50,2022-04-01 16:48:50
1509815033984655422,1485819595149426689,2023-03-27,1,2022-04-01 16:48:50,2022-04-01 16:48:50
1509815033984655423,1485819595149426689,2023-03-28,1,2022-04-01 16:48:50,2022-04-01 16:48:50
1509815033984655424,1485819595149426689,2023-03-29,1,2022-04-01 16:48:50,2022-04-01 16:48:50
1509815033984655425,1485819595149426689,2023-03-30,1,2022-04-01 16:48:50,2022-04-01 16:48:50
1509815033984655426,1485819595149426689,2023-03-31,1,2022-04-01 16:48:50,2022-04-01 16:48:50
1509815033984655427,1485819595149426689,2023-04-01,1,2022-04-01 16:48:50,2022-04-01 16:48:50
1509815033984655428,1485819595149426689,2023-04-03,1,2022-04-01 16:48:50,2022-04-01 16:48:50
1509815033984655429,1485819595149426689,2023-04-04,1,2022-04-01 16:48:50,2022-04-01 16:48:50
1509815033984655430,1485819595149426689,2023-04-05,1,2022-04-01 16:48:50,2022-04-01 16:48:50
1509815033984655431,1485819595149426689,2023-04-06,1,2022-04-01 16:48:50,2022-04-01 16:48:50
1509815033984655432,1485819595149426689,2023-04-07,1,2022-04-01 16:48:50,2022-04-01 16:48:50
1509815033984655433,1485819595149426689,2023-04-08,1,2022-04-01 16:48:50,2022-04-01 16:48:50
1509815033984655434,1485819595149426689,2023-04-10,1,2022-04-01 16:48:50,2022-04-01 16:48:50
1509815033984655435,1485819595149426689,2023-04-11,1,2022-04-01 16:48:50,2022-04-01 16:48:50
1509815033984655436,1485819595149426689,2023-04-12,1,2022-04-01 16:48:50,2022-04-01 16:48:50
1509815033984655437,1485819595149426689,2023-04-13,1,2022-04-01 16:48:50,2022-04-01 16:48:50
1509815033984655438,1485819595149426689,2023-04-14,1,2022-04-01 16:48:50,2022-04-01 16:48:50
1509815033984655439,1485819595149426689,2023-04-15,1,2022-04-01 16:48:50,2022-04-01 16:48:50
1509815033984655440,1485819595149426689,2023-04-17,1,2022-04-01 16:48:50,2022-04-01 16:48:50
1509815033984655441,1485819595149426689,2023-04-18,1,2022-04-01 16:48:50,2022-04-01 16:48:50
1509815033984655442,1485819595149426689,2023-04-19,1,2022-04-01 16:48:50,2022-04-01 16:48:50
1509815033984655443,1485819595149426689,2023-04-20,1,2022-04-01 16:48:50,2022-04-01 16:48:50
1509815033984655444,1485819595149426689,2023-04-21,1,2022-04-01 16:48:50,2022-04-01 16:48:50
1509815033984655445,1485819595149426689,2023-04-22,1,2022-04-01 16:48:50,2022-04-01 16:48:50
1509815033984655446,1485819595149426689,2023-04-24,1,2022-04-01 16:48:50,2022-04-01 16:48:50
1509815033984655447,1485819595149426689,2023-04-25,1,2022-04-01 16:48:50,2022-04-01 16:48:50
1509815033984655448,1485819595149426689,2023-04-26,1,2022-04-01 16:48:50,2022-04-01 16:48:50
1509815033984655449,1485819595149426689,2023-04-27,1,2022-04-01 16:48:50,2022-04-01 16:48:50
1509815033984655450,1485819595149426689,2023-04-28,1,2022-04-01 16:48:50,2022-04-01 16:48:50
1509815033984655451,1485819595149426689,2023-04-29,1,2022-04-01 16:48:50,2022-04-01 16:48:50
1509815033984655452,1485819595149426689,2023-05-01,1,2022-04-01 16:48:50,2022-04-01 16:48:50
1509815033984655453,1485819595149426689,2023-05-02,1,2022-04-01 16:48:50,2022-04-01 16:48:50
1509815033984655454,1485819595149426689,2023-05-03,1,2022-04-01 16:48:50,2022-04-01 16:48:50
1509815033984655455,1485819595149426689,2023-05-04,1,2022-04-01 16:48:50,2022-04-01 16:48:50
1509815033984655456,1485819595149426689,2023-05-05,1,2022-04-01 16:48:50,2022-04-01 16:48:50
1509815033984655457,1485819595149426689,2023-05-06,1,2022-04-01 16:48:50,2022-04-01 16:48:50
1509815033984655458,1485819595149426689,2023-05-08,1,2022-04-01 16:48:50,2022-04-01 16:48:50
1509815033984655459,1485819595149426689,2023-05-09,1,2022-04-01 16:48:50,2022-04-01 16:48:50
1509815033984655460,1485819595149426689,2023-05-10,1,2022-04-01 16:48:50,2022-04-01 16:48:50
1509815033984655461,1485819595149426689,2023-05-11,1,2022-04-01 16:48:50,2022-04-01 16:48:50
1509815033984655462,1485819595149426689,2023-05-12,1,2022-04-01 16:48:50,2022-04-01 16:48:50
1509815033984655463,1485819595149426689,2023-05-13,1,2022-04-01 16:48:50,2022-04-01 16:48:50
1509815033984655464,1485819595149426689,2023-05-15,1,2022-04-01 16:48:50,2022-04-01 16:48:50
1509815033984655465,1485819595149426689,2023-05-16,1,2022-04-01 16:48:50,2022-04-01 16:48:50
1509815033984655466,1485819595149426689,2023-05-17,1,2022-04-01 16:48:50,2022-04-01 16:48:50
1509815033984655467,1485819595149426689,2023-05-18,1,2022-04-01 16:48:50,2022-04-01 16:48:50
1509815033984655468,1485819595149426689,2023-05-19,1,2022-04-01 16:48:50,2022-04-01 16:48:50
1509815033984655469,1485819595149426689,2023-05-20,1,2022-04-01 16:48:50,2022-04-01 16:48:50
1509815033984655470,1485819595149426689,2023-05-22,1,2022-04-01 16:48:50,2022-04-01 16:48:50
1509815033984655471,1485819595149426689,2023-05-23,1,2022-04-01 16:48:50,2022-04-01 16:48:50
1509815033988849666,1485819595149426689,2023-05-24,1,2022-04-01 16:48:50,2022-04-01 16:48:50
1509815033988849667,1485819595149426689,2023-05-25,1,2022-04-01 16:48:50,2022-04-01 16:48:50
1509815033988849668,1485819595149426689,2023-05-26,1,2022-04-01 16:48:50,2022-04-01 16:48:50
1509815033988849669,1485819595149426689,2023-05-27,1,2022-04-01 16:48:50,2022-04-01 16:48:50
1509815033988849670,1485819595149426689,2023-05-29,1,2022-04-01 16:48:50,2022-04-01 16:48:50
1509815033988849671,1485819595149426689,2023-05-30,1,2022-04-01 16:48:50,2022-04-01 16:48:50
1509815033988849672,1485819595149426689,2023-05-31,1,2022-04-01 16:48:50,2022-04-01 16:48:50
1509815033988849673,1485819595149426689,2023-06-01,1,2022-04-01 16:48:50,2022-04-01 16:48:50
1509815033988849674,1485819595149426689,2023-06-02,1,2022-04-01 16:48:50,2022-04-01 16:48:50
1509815033988849675,1485819595149426689,2023-06-03,1,2022-04-01 16:48:50,2022-04-01 16:48:50
1509815033988849676,1485819595149426689,2023-06-05,1,2022-04-01 16:48:50,2022-04-01 16:48:50
1509815033988849677,1485819595149426689,2023-06-06,1,2022-04-01 16:48:50,2022-04-01 16:48:50
1509815033988849678,1485819595149426689,2023-06-07,1,2022-04-01 16:48:50,2022-04-01 16:48:50
1509815033988849679,1485819595149426689,2023-06-08,1,2022-04-01 16:48:50,2022-04-01 16:48:50
1509815033988849680,1485819595149426689,2023-06-09,1,2022-04-01 16:48:50,2022-04-01 16:48:50
1509815033988849681,1485819595149426689,2023-06-10,1,2022-04-01 16:48:50,2022-04-01 16:48:50
1509815033988849682,1485819595149426689,2023-06-12,1,2022-04-01 16:48:50,2022-04-01 16:48:50
1509815033988849683,1485819595149426689,2023-06-13,1,2022-04-01 16:48:50,2022-04-01 16:48:50
1509815033988849684,1485819595149426689,2023-06-14,1,2022-04-01 16:48:50,2022-04-01 16:48:50
1509815033988849685,1485819595149426689,2023-06-15,1,2022-04-01 16:48:50,2022-04-01 16:48:50
1509815033988849686,1485819595149426689,2023-06-16,1,2022-04-01 16:48:50,2022-04-01 16:48:50
1509815033988849687,1485819595149426689,2023-06-17,1,2022-04-01 16:48:50,2022-04-01 16:48:50
1509815033988849688,1485819595149426689,2023-06-19,1,2022-04-01 16:48:50,2022-04-01 16:48:50
1509815033988849689,1485819595149426689,2023-06-20,1,2022-04-01 16:48:50,2022-04-01 16:48:50
1509815033988849690,1485819595149426689,2023-06-21,1,2022-04-01 16:48:50,2022-04-01 16:48:50
1509815033988849691,1485819595149426689,2023-06-22,1,2022-04-01 16:48:50,2022-04-01 16:48:50
1509815033988849692,1485819595149426689,2023-06-23,1,2022-04-01 16:48:50,2022-04-01 16:48:50
1509815033988849693,1485819595149426689,2023-06-24,1,2022-04-01 16:48:50,2022-04-01 16:48:50
1509815033988849694,1485819595149426689,2023-06-26,1,2022-04-01 16:48:50,2022-04-01 16:48:50
1509815033988849695,1485819595149426689,2023-06-27,1,2022-04-01 16:48:50,2022-04-01 16:48:50
1509815033988849696,1485819595149426689,2023-06-28,1,2022-04-01 16:48:50,2022-04-01 16:48:50
1509815033988849697,1485819595149426689,2023-06-29,1,2022-04-01 16:48:50,2022-04-01 16:48:50
1509815033988849698,1485819595149426689,2023-06-30,1,2022-04-01 16:48:50,2022-04-01 16:48:50
1509815033988849699,1485819595149426689,2023-07-01,1,2022-04-01 16:48:50,2022-04-01 16:48:50
1509815033988849700,1485819595149426689,2023-07-03,1,2022-04-01 16:48:50,2022-04-01 16:48:50
1509815033988849701,1485819595149426689,2023-07-04,1,2022-04-01 16:48:50,2022-04-01 16:48:50
1509815033988849702,1485819595149426689,2023-07-05,1,2022-04-01 16:48:50,2022-04-01 16:48:50
1509815033988849703,1485819595149426689,2023-07-06,1,2022-04-01 16:48:50,2022-04-01 16:48:50
1509815033988849704,1485819595149426689,2023-07-07,1,2022-04-01 16:48:50,2022-04-01 16:48:50
1509815033988849705,1485819595149426689,2023-07-08,1,2022-04-01 16:48:50,2022-04-01 16:48:50
1509815033988849706,1485819595149426689,2023-07-10,1,2022-04-01 16:48:50,2022-04-01 16:48:50
1509815033988849707,1485819595149426689,2023-07-11,1,2022-04-01 16:48:50,2022-04-01 16:48:50
1509815033988849708,1485819595149426689,2023-07-12,1,2022-04-01 16:48:50,2022-04-01 16:48:50
1509815033988849709,1485819595149426689,2023-07-13,1,2022-04-01 16:48:50,2022-04-01 16:48:50
1509815033988849710,1485819595149426689,2023-07-14,1,2022-04-01 16:48:50,2022-04-01 16:48:50
1509815033988849711,1485819595149426689,2023-07-15,1,2022-04-01 16:48:50,2022-04-01 16:48:50
1509815033988849712,1485819595149426689,2023-07-17,1,2022-04-01 16:48:50,2022-04-01 16:48:50
1509815033988849713,1485819595149426689,2023-07-18,1,2022-04-01 16:48:50,2022-04-01 16:48:50
1509815033988849714,1485819595149426689,2023-07-19,1,2022-04-01 16:48:50,2022-04-01 16:48:50
1509815033988849715,1485819595149426689,2023-07-20,1,2022-04-01 16:48:50,2022-04-01 16:48:50
1509815033988849716,1485819595149426689,2023-07-21,1,2022-04-01 16:48:50,2022-04-01 16:48:50
1509815033988849717,1485819595149426689,2023-07-22,1,2022-04-01 16:48:50,2022-04-01 16:48:50
1509815033988849718,1485819595149426689,2023-07-24,1,2022-04-01 16:48:50,2022-04-01 16:48:50
1509815033988849719,1485819595149426689,2023-07-25,1,2022-04-01 16:48:50,2022-04-01 16:48:50
1509815033988849720,1485819595149426689,2023-07-26,1,2022-04-01 16:48:50,2022-04-01 16:48:50
1509815033988849721,1485819595149426689,2023-07-27,1,2022-04-01 16:48:50,2022-04-01 16:48:50
1509815033988849722,1485819595149426689,2023-07-28,1,2022-04-01 16:48:50,2022-04-01 16:48:50
1509815033988849723,1485819595149426689,2023-07-29,1,2022-04-01 16:48:50,2022-04-01 16:48:50
1509815033988849724,1485819595149426689,2023-07-31,1,2022-04-01 16:48:50,2022-04-01 16:48:50
1509815033988849725,1485819595149426689,2023-08-01,1,2022-04-01 16:48:50,2022-04-01 16:48:50
1509815033988849726,1485819595149426689,2023-08-02,1,2022-04-01 16:48:50,2022-04-01 16:48:50
1509815033988849727,1485819595149426689,2023-08-03,1,2022-04-01 16:48:50,2022-04-01 16:48:50
1509815033988849728,1485819595149426689,2023-08-04,1,2022-04-01 16:48:50,2022-04-01 16:48:50
1509815033988849729,1485819595149426689,2023-08-05,1,2022-04-01 16:48:50,2022-04-01 16:48:50
1509815033988849730,1485819595149426689,2023-08-07,1,2022-04-01 16:48:50,2022-04-01 16:48:50
1509815033988849731,1485819595149426689,2023-08-08,1,2022-04-01 16:48:50,2022-04-01 16:48:50
1509815033988849732,1485819595149426689,2023-08-09,1,2022-04-01 16:48:50,2022-04-01 16:48:50
1509815033988849733,1485819595149426689,2023-08-10,1,2022-04-01 16:48:50,2022-04-01 16:48:50
1509815033988849734,1485819595149426689,2023-08-11,1,2022-04-01 16:48:50,2022-04-01 16:48:50
1509815033988849735,1485819595149426689,2023-08-12,1,2022-04-01 16:48:50,2022-04-01 16:48:50
1509815033988849736,1485819595149426689,2023-08-14,1,2022-04-01 16:48:50,2022-04-01 16:48:50
1509815033988849737,1485819595149426689,2023-08-15,1,2022-04-01 16:48:50,2022-04-01 16:48:50
1509815033988849738,1485819595149426689,2023-08-16,1,2022-04-01 16:48:50,2022-04-01 16:48:50
1509815033988849739,1485819595149426689,2023-08-17,1,2022-04-01 16:48:50,2022-04-01 16:48:50
1509815033988849740,1485819595149426689,2023-08-18,1,2022-04-01 16:48:50,2022-04-01 16:48:50
1509815033988849741,1485819595149426689,2023-08-19,1,2022-04-01 16:48:50,2022-04-01 16:48:50
1509815033988849742,1485819595149426689,2023-08-21,1,2022-04-01 16:48:50,2022-04-01 16:48:50
1509815033988849743,1485819595149426689,2023-08-22,1,2022-04-01 16:48:50,2022-04-01 16:48:50
1509815033988849744,1485819595149426689,2023-08-23,1,2022-04-01 16:48:50,2022-04-01 16:48:50
1509815033988849745,1485819595149426689,2023-08-24,1,2022-04-01 16:48:50,2022-04-01 16:48:50
1509815033988849746,1485819595149426689,2023-08-25,1,2022-04-01 16:48:50,2022-04-01 16:48:50
1509815033988849747,1485819595149426689,2023-08-26,1,2022-04-01 16:48:50,2022-04-01 16:48:50
1509815033988849748,1485819595149426689,2023-08-28,1,2022-04-01 16:48:50,2022-04-01 16:48:50
1509815033988849749,1485819595149426689,2023-08-29,1,2022-04-01 16:48:50,2022-04-01 16:48:50
1509815033988849750,1485819595149426689,2023-08-30,1,2022-04-01 16:48:50,2022-04-01 16:48:50
1509815033988849751,1485819595149426689,2023-08-31,1,2022-04-01 16:48:50,2022-04-01 16:48:50
1509815033988849752,1485819595149426689,2023-09-01,1,2022-04-01 16:48:50,2022-04-01 16:48:50
1509815033988849753,1485819595149426689,2023-09-02,1,2022-04-01 16:48:50,2022-04-01 16:48:50
1509815033988849754,1485819595149426689,2023-09-04,1,2022-04-01 16:48:50,2022-04-01 16:48:50
1509815033988849755,1485819595149426689,2023-09-05,1,2022-04-01 16:48:50,2022-04-01 16:48:50
1509815033988849756,1485819595149426689,2023-09-06,1,2022-04-01 16:48:50,2022-04-01 16:48:50
1509815033988849757,1485819595149426689,2023-09-07,1,2022-04-01 16:48:50,2022-04-01 16:48:50
1509815033988849758,1485819595149426689,2023-09-08,1,2022-04-01 16:48:50,2022-04-01 16:48:50
1509815033988849759,1485819595149426689,2023-09-09,1,2022-04-01 16:48:50,2022-04-01 16:48:50
1509815033988849760,1485819595149426689,2023-09-11,1,2022-04-01 16:48:50,2022-04-01 16:48:50
1509815033988849761,1485819595149426689,2023-09-12,1,2022-04-01 16:48:50,2022-04-01 16:48:50
1509815033988849762,1485819595149426689,2023-09-13,1,2022-04-01 16:48:50,2022-04-01 16:48:50
1509815033988849763,1485819595149426689,2023-09-14,1,2022-04-01 16:48:50,2022-04-01 16:48:50
1509815033988849764,1485819595149426689,2023-09-15,1,2022-04-01 16:48:50,2022-04-01 16:48:50
1509815033988849765,1485819595149426689,2023-09-16,1,2022-04-01 16:48:50,2022-04-01 16:48:50
1509815033988849766,1485819595149426689,2023-09-18,1,2022-04-01 16:48:50,2022-04-01 16:48:50
1509815033988849767,1485819595149426689,2023-09-19,1,2022-04-01 16:48:50,2022-04-01 16:48:50
1509815033988849768,1485819595149426689,2023-09-20,1,2022-04-01 16:48:50,2022-04-01 16:48:50
1509815033988849769,1485819595149426689,2023-09-21,1,2022-04-01 16:48:50,2022-04-01 16:48:50
1509815033988849770,1485819595149426689,2023-09-22,1,2022-04-01 16:48:50,2022-04-01 16:48:50
1509815033988849771,1485819595149426689,2023-09-23,1,2022-04-01 16:48:50,2022-04-01 16:48:50
1509815033988849772,1485819595149426689,2023-09-25,1,2022-04-01 16:48:50,2022-04-01 16:48:50
1509815033988849773,1485819595149426689,2023-09-26,1,2022-04-01 16:48:50,2022-04-01 16:48:50
1509815033988849774,1485819595149426689,2023-09-27,1,2022-04-01 16:48:50,2022-04-01 16:48:50
1509815033988849775,1485819595149426689,2023-09-28,1,2022-04-01 16:48:50,2022-04-01 16:48:50
1509815033988849776,1485819595149426689,2023-09-29,1,2022-04-01 16:48:50,2022-04-01 16:48:50
1509815033988849777,1485819595149426689,2023-09-30,1,2022-04-01 16:48:50,2022-04-01 16:48:50
1509815033988849778,1485819595149426689,2023-10-02,1,2022-04-01 16:48:50,2022-04-01 16:48:50
1509815033988849779,1485819595149426689,2023-10-03,1,2022-04-01 16:48:50,2022-04-01 16:48:50
1509815033988849780,1485819595149426689,2023-10-04,1,2022-04-01 16:48:50,2022-04-01 16:48:50
1509815033988849781,1485819595149426689,2023-10-05,1,2022-04-01 16:48:50,2022-04-01 16:48:50
1509815033988849782,1485819595149426689,2023-10-06,1,2022-04-01 16:48:50,2022-04-01 16:48:50
1509815033988849783,1485819595149426689,2023-10-07,1,2022-04-01 16:48:50,2022-04-01 16:48:50
1509815033988849784,1485819595149426689,2023-10-09,1,2022-04-01 16:48:50,2022-04-01 16:48:50
1509815033988849785,1485819595149426689,2023-10-10,1,2022-04-01 16:48:50,2022-04-01 16:48:50
1509815033988849786,1485819595149426689,2023-10-11,1,2022-04-01 16:48:50,2022-04-01 16:48:50
1509815033988849787,1485819595149426689,2023-10-12,1,2022-04-01 16:48:50,2022-04-01 16:48:50
1509815033988849788,1485819595149426689,2023-10-13,1,2022-04-01 16:48:50,2022-04-01 16:48:50
1509815033988849789,1485819595149426689,2023-10-14,1,2022-04-01 16:48:50,2022-04-01 16:48:50
1509815033988849790,1485819595149426689,2023-10-16,1,2022-04-01 16:48:50,2022-04-01 16:48:50
1509815033988849791,1485819595149426689,2023-10-17,1,2022-04-01 16:48:50,2022-04-01 16:48:50
1509815033988849792,1485819595149426689,2023-10-18,1,2022-04-01 16:48:50,2022-04-01 16:48:50
1509815033988849793,1485819595149426689,2023-10-19,1,2022-04-01 16:48:50,2022-04-01 16:48:50
1509815033988849794,1485819595149426689,2023-10-20,1,2022-04-01 16:48:50,2022-04-01 16:48:50
1509815033988849795,1485819595149426689,2023-10-21,1,2022-04-01 16:48:50,2022-04-01 16:48:50
1509815033988849796,1485819595149426689,2023-10-23,1,2022-04-01 16:48:50,2022-04-01 16:48:50
1509815033988849797,1485819595149426689,2023-10-24,1,2022-04-01 16:48:50,2022-04-01 16:48:50
1509815033988849798,1485819595149426689,2023-10-25,1,2022-04-01 16:48:50,2022-04-01 16:48:50
1509815033988849799,1485819595149426689,2023-10-26,1,2022-04-01 16:48:50,2022-04-01 16:48:50
1509815033988849800,1485819595149426689,2023-10-27,1,2022-04-01 16:48:50,2022-04-01 16:48:50
1509815033988849801,1485819595149426689,2023-10-28,1,2022-04-01 16:48:50,2022-04-01 16:48:50
1509815033988849802,1485819595149426689,2023-10-30,1,2022-04-01 16:48:50,2022-04-01 16:48:50
1509815033988849803,1485819595149426689,2023-10-31,1,2022-04-01 16:48:50,2022-04-01 16:48:50
1509815033988849804,1485819595149426689,2023-11-01,1,2022-04-01 16:48:50,2022-04-01 16:48:50
1509815033988849805,1485819595149426689,2023-11-02,1,2022-04-01 16:48:50,2022-04-01 16:48:50
1509815033988849806,1485819595149426689,2023-11-03,1,2022-04-01 16:48:50,2022-04-01 16:48:50
1509815033988849807,1485819595149426689,2023-11-04,1,2022-04-01 16:48:50,2022-04-01 16:48:50
1509815033988849808,1485819595149426689,2023-11-06,1,2022-04-01 16:48:50,2022-04-01 16:48:50
1509815033988849809,1485819595149426689,2023-11-07,1,2022-04-01 16:48:50,2022-04-01 16:48:50
1509815033988849810,1485819595149426689,2023-11-08,1,2022-04-01 16:48:50,2022-04-01 16:48:50
1509815033988849811,1485819595149426689,2023-11-09,1,2022-04-01 16:48:50,2022-04-01 16:48:50
1509815033988849812,1485819595149426689,2023-11-10,1,2022-04-01 16:48:50,2022-04-01 16:48:50
1509815033988849813,1485819595149426689,2023-11-11,1,2022-04-01 16:48:50,2022-04-01 16:48:50
1509815033988849814,1485819595149426689,2023-11-13,1,2022-04-01 16:48:50,2022-04-01 16:48:50
1509815033988849815,1485819595149426689,2023-11-14,1,2022-04-01 16:48:50,2022-04-01 16:48:50
1509815033988849816,1485819595149426689,2023-11-15,1,2022-04-01 16:48:50,2022-04-01 16:48:50
1509815033988849817,1485819595149426689,2023-11-16,1,2022-04-01 16:48:50,2022-04-01 16:48:50
1509815033988849818,1485819595149426689,2023-11-17,1,2022-04-01 16:48:50,2022-04-01 16:48:50
1509815033988849819,1485819595149426689,2023-11-18,1,2022-04-01 16:48:50,2022-04-01 16:48:50
1509815033988849820,1485819595149426689,2023-11-20,1,2022-04-01 16:48:50,2022-04-01 16:48:50
1509815033988849821,1485819595149426689,2023-11-21,1,2022-04-01 16:48:50,2022-04-01 16:48:50
1509815033988849822,1485819595149426689,2023-11-22,1,2022-04-01 16:48:50,2022-04-01 16:48:50
1509815033988849823,1485819595149426689,2023-11-23,1,2022-04-01 16:48:50,2022-04-01 16:48:50
1509815033988849824,1485819595149426689,2023-11-24,1,2022-04-01 16:48:50,2022-04-01 16:48:50
1509815033988849825,1485819595149426689,2023-11-25,1,2022-04-01 16:48:50,2022-04-01 16:48:50
1509815033988849826,1485819595149426689,2023-11-27,1,2022-04-01 16:48:50,2022-04-01 16:48:50
1509815033988849827,1485819595149426689,2023-11-28,1,2022-04-01 16:48:50,2022-04-01 16:48:50
1509815033988849828,1485819595149426689,2023-11-29,1,2022-04-01 16:48:50,2022-04-01 16:48:50
1509815033988849829,1485819595149426689,2023-11-30,1,2022-04-01 16:48:50,2022-04-01 16:48:50
1509815033988849830,1485819595149426689,2023-12-01,1,2022-04-01 16:48:50,2022-04-01 16:48:50
1509815033988849831,1485819595149426689,2023-12-02,1,2022-04-01 16:48:50,2022-04-01 16:48:50
1509815033988849832,1485819595149426689,2023-12-04,1,2022-04-01 16:48:50,2022-04-01 16:48:50
1509815033988849833,1485819595149426689,2023-12-05,1,2022-04-01 16:48:50,2022-04-01 16:48:50
1509815033988849834,1485819595149426689,2023-12-06,1,2022-04-01 16:48:50,2022-04-01 16:48:50
1509815033988849835,1485819595149426689,2023-12-07,1,2022-04-01 16:48:50,2022-04-01 16:48:50
1509815033988849836,1485819595149426689,2023-12-08,1,2022-04-01 16:48:50,2022-04-01 16:48:50
1509815033988849837,1485819595149426689,2023-12-09,1,2022-04-01 16:48:50,2022-04-01 16:48:50
1509815033988849838,1485819595149426689,2023-12-11,1,2022-04-01 16:48:50,2022-04-01 16:48:50
1509815033988849839,1485819595149426689,2023-12-12,1,2022-04-01 16:48:50,2022-04-01 16:48:50
1509815033988849840,1485819595149426689,2023-12-13,1,2022-04-01 16:48:50,2022-04-01 16:48:50
1509815033988849841,1485819595149426689,2023-12-14,1,2022-04-01 16:48:50,2022-04-01 16:48:50
1509815033988849842,1485819595149426689,2023-12-15,1,2022-04-01 16:48:50,2022-04-01 16:48:50
1509815033988849843,1485819595149426689,2023-12-16,1,2022-04-01 16:48:50,2022-04-01 16:48:50
1509815033988849844,1485819595149426689,2023-12-18,1,2022-04-01 16:48:50,2022-04-01 16:48:50
1509815033988849845,1485819595149426689,2023-12-19,1,2022-04-01 16:48:50,2022-04-01 16:48:50
1509815033988849846,1485819595149426689,2023-12-20,1,2022-04-01 16:48:50,2022-04-01 16:48:50
1509815033988849847,1485819595149426689,2023-12-21,1,2022-04-01 16:48:50,2022-04-01 16:48:50
1509815033988849848,1485819595149426689,2023-12-22,1,2022-04-01 16:48:50,2022-04-01 16:48:50
1509815033988849849,1485819595149426689,2023-12-23,1,2022-04-01 16:48:50,2022-04-01 16:48:50
1509815033988849850,1485819595149426689,2023-12-25,1,2022-04-01 16:48:50,2022-04-01 16:48:50
1509815033988849851,1485819595149426689,2023-12-26,1,2022-04-01 16:48:50,2022-04-01 16:48:50
1509815033988849852,1485819595149426689,2023-12-27,1,2022-04-01 16:48:50,2022-04-01 16:48:50
1509815033988849853,1485819595149426689,2023-12-28,1,2022-04-01 16:48:50,2022-04-01 16:48:50
1509815033988849854,1485819595149426689,2023-12-29,1,2022-04-01 16:48:50,2022-04-01 16:48:50
1509815033988849855,1485819595149426689,2023-12-30,1,2022-04-01 16:48:50,2022-04-01 16:48:50
1511614140259958785,1485819595149426689,2022-07-01,1,2022-04-06 15:57:50,2022-04-06 15:57:50
1518590774411849730,1485819595149426689,2022-04-30,1,2022-04-25 22:00:29,2022-04-25 22:00:29
1542348973975597057,1485819595149426689,2023-02-28,1,2022-06-30 11:27:05,2022-06-30 11:27:05
1542349162488590337,1485819595149426689,2023-02-06,1,2022-06-30 11:27:50,2022-06-30 11:27:50
1574274389975822337,1485819595149426689,2022-10-12,1,2022-09-26 13:47:17,2022-09-26 13:47:17
1574274392576290818,1485819595149426689,2022-10-13,1,2022-09-26 13:47:18,2022-09-26 13:47:18
1574274395621355521,1485819595149426689,2022-10-15,1,2022-09-26 13:47:19,2022-09-26 13:47:19
1574274402856529921,1485819595149426689,2022-10-17,1,2022-09-26 13:47:20,2022-09-26 13:47:20
1574274407453487105,1485819595149426689,2022-10-14,1,2022-09-26 13:47:22,2022-09-26 13:47:22
1574274415116480514,1485819595149426689,2022-10-18,1,2022-09-26 13:47:23,2022-09-26 13:47:23
1574274417570148353,1485819595149426689,2022-10-19,1,2022-09-26 13:47:24,2022-09-26 13:47:24
1574274422099996674,1485819595149426689,2022-10-20,1,2022-09-26 13:47:25,2022-09-26 13:47:25
1574274424100679682,1485819595149426689,2022-10-21,1,2022-09-26 13:47:25,2022-09-26 13:47:25
1574274427963633665,1485819595149426689,2022-10-22,1,2022-09-26 13:47:26,2022-09-26 13:47:26
1574274434091511809,1485819595149426689,2022-10-24,1,2022-09-26 13:47:28,2022-09-26 13:47:28
1574274437048496130,1485819595149426689,2022-10-25,1,2022-09-26 13:47:29,2022-09-26 13:47:29
1574274439133065217,1485819595149426689,2022-10-26,1,2022-09-26 13:47:29,2022-09-26 13:47:29
1574274442228461569,1485819595149426689,2022-10-27,1,2022-09-26 13:47:30,2022-09-26 13:47:30
1574274444262699010,1485819595149426689,2022-10-28,1,2022-09-26 13:47:30,2022-09-26 13:47:30
1574274448268259329,1485819595149426689,2022-10-29,1,2022-09-26 13:47:31,2022-09-26 13:47:31
1574274459039232002,1485819595149426689,2022-10-31,1,2022-09-26 13:47:34,2022-09-26 13:47:34
1574274463309033473,1485819595149426689,2022-11-01,1,2022-09-26 13:47:35,2022-09-26 13:47:35
1574274466626727938,1485819595149426689,2022-11-02,1,2022-09-26 13:47:36,2022-09-26 13:47:36
1574274469143310338,1485819595149426689,2022-11-03,1,2022-09-26 13:47:36,2022-09-26 13:47:36
1574274480547622913,1485819595149426689,2022-10-11,1,2022-09-26 13:47:39,2022-09-26 13:47:39
1574274482372145154,1485819595149426689,2022-10-10,1,2022-09-26 13:47:39,2022-09-26 13:47:39
1574613169815482369,1485819595149426689,2022-11-04,1,2022-09-27 12:13:29,2022-09-27 12:13:29
1574613171887468546,1485819595149426689,2022-11-05,1,2022-09-27 12:13:29,2022-09-27 12:13:29
1574613176480231426,1485819595149426689,2022-11-12,1,2022-09-27 12:13:30,2022-09-27 12:13:30
1574613181165268993,1485819595149426689,2022-11-11,1,2022-09-27 12:13:31,2022-09-27 12:13:31
1574613183044317186,1485819595149426689,2022-11-10,1,2022-09-27 12:13:32,2022-09-27 12:13:32
1574613185510567937,1485819595149426689,2022-11-09,1,2022-09-27 12:13:32,2022-09-27 12:13:32
1574613187343478786,1485819595149426689,2022-11-08,1,2022-09-27 12:13:33,2022-09-27 12:13:33
1574613189289635841,1485819595149426689,2022-11-07,1,2022-09-27 12:13:33,2022-09-27 12:13:33
1574613254842413057,1485819595149426689,2022-10-08,1,2022-09-27 12:13:49,2022-09-27 12:13:49