id,plan_type,item_id,internal_item_id,label_key,label_value,valid,create_time,update_time
1611974306705764355,1,C44730635,201223117006,ip,迪士尼,1,2023-01-08 14:33:18,2023-01-08 14:33:18
1611974306709958660,1,C44742544,200223117105,ip,迪士尼,1,2023-01-08 14:33:18,2023-01-08 14:33:18
1611974306705764360,1,C44801211,202223117206,ip,迪士尼,1,2023-01-08 14:33:18,2023-01-08 14:33:18
1611974306709958659,1,C45249086,208223117201,ip,迪士尼,1,2023-01-08 14:33:18,2023-01-08 14:33:18
1611974306705764361,1,C45496371,208223119209,ip,迪士尼,1,2023-01-08 14:33:18,2023-01-08 14:33:18
1611974306709958658,1,C45975495,208223117211,ip,迪士尼,1,2023-01-08 14:33:18,2023-01-08 14:33:18
1611974306709958662,1,C45975657,208223119210,ip,迪士尼,1,2023-01-08 14:33:18,2023-01-08 14:33:18
1611974306709958661,1,C46248063,200223119101,ip,迪士尼,1,2023-01-08 14:33:18,2023-01-08 14:33:18
1611974306705764354,1,C46357350,201223117202,ip,迪士尼,1,2023-01-08 14:33:18,2023-01-08 14:33:18
1611974306709958664,1,C46554696,200223120104,ip,迪士尼,1,2023-01-08 14:33:18,2023-01-08 14:33:18
1611974306705764359,1,C46716991,208223117023,ip,迪士尼,1,2023-01-08 14:33:18,2023-01-08 14:33:18
1611974306705764362,1,C47668639,208223111022,ip,迪士尼,1,2023-01-08 14:33:18,2023-01-08 14:33:18
1611974306705764357,1,C49268684,201223111028,ip,迪士尼,1,2023-01-08 14:33:18,2023-01-08 14:33:18
1611974306705764358,1,C49268685,201223117007,ip,迪士尼,1,2023-01-08 14:33:18,2023-01-08 14:33:18
1611974306709958663,1,C49330077,200223117202,ip,迪士尼,1,2023-01-08 14:33:18,2023-01-08 14:33:18
1611974306705764353,1,C49771162,202223117001,ip,迪士尼,1,2023-01-08 14:33:18,2023-01-08 14:33:18
1611974306705764356,1,C50214011,208223117202,ip,迪士尼,1,2023-01-08 14:33:18,2023-01-08 14:33:18
