id,plan_type,supplier_id,physical_supplier_id,brand,channel,age_group,fabric_category,item_capacity_group,year,quarter,forced_shared_capacity_availability,valid,create_time,update_time
1569948731812409710,1,1557595274568855554,0003000000,巴拉巴拉,巴拉巴拉线下,婴童,梭织,梭织外套,2022,Q1,0,1,2022-09-14 15:18:40,2023-01-08 14:33:19
1585937681878151770,1,1585906614697783298,0003000000,巴拉巴拉,巴拉巴拉线下,婴童,梭织,梭织裤子,2022,Q1,0,1,2022-10-28 18:13:03,2023-01-08 14:33:19
1569948731808215196,1,156,0003000000,巴拉巴拉,巴拉巴拉线下,非婴童,梭织,梭织外套,2022,Q1,0,1,2022-09-14 15:18:40,2023-01-08 14:33:19
1569948731808215195,1,155,0003000000,巴拉巴拉,巴拉巴拉线下,非婴童,梭织,梭织裤子,2022,Q1,0,1,2022-09-14 15:18:40,2023-01-08 14:33:19
1569948731812409647,1,1542110693396901889,0003000000,森马,森马线上,非婴童,梭织,梭织外套,2022,Q1,0,1,2022-09-14 15:18:40,2023-01-08 14:33:19
1569948731812409599,1,1542110692977471490,0003000000,森马,森马线上,非婴童,梭织,梭织裤子,2022,Q1,0,1,2022-09-14 15:18:40,2023-01-08 14:33:19
1569948731808215248,1,208,0003000000,森马,森马线下,非婴童,梭织,梭织外套,2022,Q1,0,1,2022-09-14 15:18:40,2023-01-08 14:33:19
1569948731808215247,1,207,0003000000,森马,森马线下,非婴童,梭织,梭织裤子,2022,Q1,0,1,2022-09-14 15:18:40,2023-01-08 14:33:19
1569948731808215249,1,209,0003000001,森马,森马线下,非婴童,针织,针织大类,2022,Q1,0,1,2022-09-14 15:18:40,2023-01-08 14:33:19
1575691770061189491,1,1575653090122592257,0003000019,Mini巴拉,Mini巴拉线上,婴童,针织,针织大类,2022,Q1,0,1,2022-09-30 11:39:27,2023-01-08 14:33:19
1569948731808215338,1,299,0003000019,Mini巴拉,Mini巴拉线上,非婴童,针织,针织大类,2022,Q1,0,1,2022-09-14 15:18:40,2023-01-08 14:33:19
1569948731808215047,1,7,0003000019,巴拉巴拉,巴拉巴拉线上,婴童,针织,针织大类,2022,Q1,0,1,2022-09-14 15:18:40,2023-01-08 14:33:19
1569948731808215095,1,55,0003000019,巴拉巴拉,巴拉巴拉线上,非婴童,针织,针织大类,2022,Q1,0,1,2022-09-14 15:18:40,2023-01-08 14:33:19
1569948731808215127,1,87,0003000019,巴拉巴拉,巴拉巴拉线下,婴童,针织,针织大类,2022,Q1,0,1,2022-09-14 15:18:40,2023-01-08 14:33:19
1569948731808215184,1,144,0003000019,巴拉巴拉,巴拉巴拉线下,非婴童,针织,针织大类,2022,Q1,0,1,2022-09-14 15:18:40,2023-01-08 14:33:19
1569948731812409364,1,1542110690523803649,0003000019,森马,森马线上,非婴童,针织,针织大类,2022,Q1,0,1,2022-09-14 15:18:40,2023-01-08 14:33:19
1569948731808215250,1,210,0003000019,森马,森马线下,非婴童,针织,针织大类,2022,Q1,0,1,2022-09-14 15:18:40,2023-01-08 14:33:19
1569948731812409424,1,1542110691173920769,0003000020,巴拉巴拉,巴拉巴拉线上,非婴童,针织,针织大类,2022,Q1,0,1,2022-09-14 15:18:40,2023-01-08 14:33:19
1569948731808215177,1,137,0003000020,巴拉巴拉,巴拉巴拉线下,非婴童,针织,针织大类,2022,Q1,0,1,2022-09-14 15:18:40,2023-01-08 14:33:19
1569948731808215251,1,211,0003000020,森马,森马线上,非婴童,针织,针织大类,2022,Q1,0,1,2022-09-14 15:18:40,2023-01-08 14:33:19
1569948731808215252,1,212,0003000020,森马,森马线下,非婴童,针织,针织大类,2022,Q1,0,1,2022-09-14 15:18:40,2023-01-08 14:33:19
1569948731812409651,1,1542110693447233537,0003000023,巴拉巴拉,巴拉巴拉线上,非婴童,牛仔,牛仔大类,2022,Q1,0,1,2022-09-14 15:18:40,2023-01-08 14:33:19
1569948731808215235,1,195,0003000023,巴拉巴拉,巴拉巴拉线下,非婴童,牛仔,牛仔大类,2022,Q1,0,1,2022-09-14 15:18:40,2023-01-08 14:33:19
1569948731808215253,1,213,0003000023,森马,森马线上,非婴童,牛仔,牛仔大类,2022,Q1,0,1,2022-09-14 15:18:40,2023-01-08 14:33:19
1569948731808215254,1,214,0003000023,森马,森马线下,非婴童,牛仔,牛仔大类,2022,Q1,0,1,2022-09-14 15:18:40,2023-01-08 14:33:19
1585937681878151806,1,1585906615096242177,0003000023,马卡乐,马卡乐线下,婴童,牛仔,牛仔大类,2022,Q1,0,1,2022-10-28 18:13:03,2023-01-08 14:33:19
1585937681878151793,1,1585906614920081410,0003000023,马卡乐,马卡乐线下,非婴童,牛仔,牛仔大类,2022,Q1,0,1,2022-10-28 18:13:03,2023-01-08 14:33:19
1569948731812409491,1,1542110691845009409,0003000025,巴拉巴拉,巴拉巴拉线下,非婴童,梭织,梭织外套,2022,Q1,0,1,2022-09-14 15:18:40,2023-01-08 14:33:19
1569948731812409745,1,1557595275093143554,0003000025,森马,森马线下,非婴童,梭织,梭织外套,2022,Q1,0,1,2022-09-14 15:18:40,2023-01-08 14:33:19
1569948731808215255,1,215,0003000025,森马,森马线下,非婴童,梭织,梭织衬衫,2022,Q1,0,1,2022-09-14 15:18:40,2023-01-08 14:33:19
1569948731808215256,1,216,0003000026,森马,森马线上,非婴童,梭织,梭织裤子,2022,Q1,0,1,2022-09-14 15:18:40,2023-01-08 14:33:19
1569948731808215257,1,217,0003000026,森马,森马线下,非婴童,梭织,梭织裤子,2022,Q1,0,1,2022-09-14 15:18:40,2023-01-08 14:33:19
1569948731808215258,1,218,0003000028,森马,森马线下,非婴童,梭织,梭织衬衫,2022,Q1,0,1,2022-09-14 15:18:40,2023-01-08 14:33:19
1585937681878151886,1,1585906615964463106,0003000029,森马,森马线上,非婴童,梭织,梭织裤子,2022,Q1,0,1,2022-10-28 18:13:03,2023-01-08 14:33:19
1569948731812409346,1,1542110690284728322,0003000029,森马,森马线下,非婴童,梭织,梭织裤子,2022,Q1,0,1,2022-09-14 15:18:40,2023-01-08 14:33:19
1569948731808215260,1,220,0003000035,森马,森马线上,非婴童,梭织,梭织外套,2022,Q1,0,1,2022-09-14 15:18:40,2023-01-08 14:33:19
1569948731812409716,1,1557595274661130241,0003000035,森马,森马线上,非婴童,梭织,梭织衬衫,2022,Q1,0,1,2022-09-14 15:18:40,2023-01-08 14:33:19
1569948731812409680,1,1557595274203951106,0003000035,森马,森马线上,非婴童,梭织,梭织裤子,2022,Q1,0,1,2022-09-14 15:18:40,2023-01-08 14:33:19
1569948731812409655,1,1542110693468205057,0003000038,森马,森马线下,非婴童,梭织,梭织衬衫,2022,Q1,0,1,2022-09-14 15:18:40,2023-01-08 14:33:19
1569948731812409566,1,1542110692646121473,0003000038,森马,森马线下,非婴童,梭织,梭织裙子,2022,Q1,0,1,2022-09-14 15:18:40,2023-01-08 14:33:19
1575691770061189463,1,1575653089724133378,0003000039,森马,森马线下,非婴童,梭织,梭织衬衫,2022,Q1,0,1,2022-09-30 11:39:27,2023-01-08 14:33:19
1585937681878151842,1,1585906615448563714,0003000040,Mini巴拉,Mini巴拉线上,婴童,针织,针织大类,2022,Q1,0,1,2022-10-28 18:13:03,2023-01-08 14:33:19
1569948731808215342,1,303,0003000040,Mini巴拉,Mini巴拉线上,非婴童,针织,针织大类,2022,Q1,0,1,2022-09-14 15:18:40,2023-01-08 14:33:19
1569948731812409540,1,1542110692377686018,0003000040,巴拉巴拉,巴拉巴拉线上,婴童,针织,针织大类,2022,Q1,0,1,2022-09-14 15:18:40,2023-01-08 14:33:19
1569948731808215098,1,58,0003000040,巴拉巴拉,巴拉巴拉线上,非婴童,针织,针织大类,2022,Q1,0,1,2022-09-14 15:18:40,2023-01-08 14:33:19
1569948731808215131,1,91,0003000040,巴拉巴拉,巴拉巴拉线下,婴童,针织,针织大类,2022,Q1,0,1,2022-09-14 15:18:40,2023-01-08 14:33:19
1569948731808215189,1,149,0003000040,巴拉巴拉,巴拉巴拉线下,非婴童,针织,针织大类,2022,Q1,0,1,2022-09-14 15:18:40,2023-01-08 14:33:19
1569948731808215261,1,221,0003000040,森马,森马线上,非婴童,针织,针织大类,2022,Q1,0,1,2022-09-14 15:18:40,2023-01-08 14:33:19
1569948731812409712,1,1557595274606604289,0003000040,森马,森马线下,非婴童,针织,针织大类,2022,Q1,0,1,2022-09-14 15:18:40,2023-01-08 14:33:19
1569948731812409689,1,1557595274329780227,0003000040,马卡乐,马卡乐线下,婴童,针织,针织大类,2022,Q1,0,1,2022-09-14 15:18:40,2023-01-08 14:33:19
1569948731808215365,1,327,0003000040,马卡乐,马卡乐线下,非婴童,针织,针织大类,2022,Q1,0,1,2022-09-14 15:18:40,2023-01-08 14:33:19
1569948731812409690,1,1557595274338168834,0003000041,巴拉巴拉,巴拉巴拉线上,婴童,牛仔,牛仔大类,2022,Q1,0,1,2022-09-14 15:18:40,2023-01-08 14:33:19
1569948731808215116,1,76,0003000041,巴拉巴拉,巴拉巴拉线上,非婴童,牛仔,牛仔大类,2022,Q1,0,1,2022-09-14 15:18:40,2023-01-08 14:33:19
1569948731812409612,1,1542110693090717697,0003000041,巴拉巴拉,巴拉巴拉线下,婴童,牛仔,牛仔大类,2022,Q1,0,1,2022-09-14 15:18:40,2023-01-08 14:33:19
1569948731808215234,1,194,0003000041,巴拉巴拉,巴拉巴拉线下,非婴童,牛仔,牛仔大类,2022,Q1,0,1,2022-09-14 15:18:40,2023-01-08 14:33:19
1569948731808215262,1,222,0003000041,森马,森马线上,非婴童,牛仔,牛仔大类,2022,Q1,0,1,2022-09-14 15:18:40,2023-01-08 14:33:19
1569948731808215263,1,223,0003000041,森马,森马线下,非婴童,牛仔,牛仔大类,2022,Q1,0,1,2022-09-14 15:18:40,2023-01-08 14:33:19
1569948731812409587,1,1542110692847448066,0003000041,马卡乐,马卡乐线下,婴童,牛仔,牛仔大类,2022,Q1,0,1,2022-09-14 15:18:40,2023-01-08 14:33:19
1569948731808215391,1,355,0003000041,马卡乐,马卡乐线下,非婴童,牛仔,牛仔大类,2022,Q1,0,1,2022-09-14 15:18:40,2023-01-08 14:33:19
1569948731808215265,1,225,0003000044,森马,森马线上,非婴童,梭织,梭织外套,2022,Q1,0,1,2022-09-14 15:18:40,2023-01-08 14:33:19
1569948731812409365,1,1542110690527997953,0003000049,巴拉巴拉,巴拉巴拉线上,非婴童,梭织,梭织外套,2022,Q1,0,1,2022-09-14 15:18:40,2023-01-08 14:33:19
1569948731808215157,1,117,0003000049,巴拉巴拉,巴拉巴拉线下,婴童,梭织,梭织外套,2022,Q1,0,1,2022-09-14 15:18:40,2023-01-08 14:33:19
1569948731808215222,1,182,0003000049,巴拉巴拉,巴拉巴拉线下,非婴童,梭织,梭织外套,2022,Q1,0,1,2022-09-14 15:18:40,2023-01-08 14:33:19
1569948731812409506,1,1542110691987615747,0003000049,巴拉巴拉,巴拉巴拉线下,非婴童,梭织,梭织裙子,2022,Q1,0,1,2022-09-14 15:18:40,2023-01-08 14:33:19
1585937681878151849,1,1585906615545032705,0003000049,森马,森马线下,非婴童,梭织,梭织衬衫,2022,Q1,0,1,2022-10-28 18:13:03,2023-01-08 14:33:19
1569948731812409369,1,1542110690565746689,0003000051,森马,森马线下,非婴童,梭织,梭织外套,2022,Q1,0,1,2022-09-14 15:18:40,2023-01-08 14:33:19
1569948731812409355,1,1542110690402168833,0003000051,森马,森马线下,非婴童,梭织,梭织衬衫,2022,Q1,0,1,2022-09-14 15:18:40,2023-01-08 14:33:19
1569948731808215399,1,363,0003000051,森马,森马线下,非婴童,梭织,梭织裙子,2022,Q1,0,1,2022-09-14 15:18:40,2023-01-08 14:33:19
1569948731808215268,1,228,0003000053,森马,森马线上,非婴童,梭织,梭织外套,2022,Q1,0,1,2022-09-14 15:18:40,2023-01-08 14:33:19
1569948731808215269,1,229,0003000053,森马,森马线下,非婴童,梭织,梭织外套,2022,Q1,0,1,2022-09-14 15:18:40,2023-01-08 14:33:19
1595698612258534130,1,1592448332268105730,0003000056,森马,森马线下,非婴童,针织,针织大类,2022,Q1,0,1,2022-11-24 16:39:30,2023-01-08 14:33:19
1569948731808215270,1,230,0003000057,森马,森马线上,非婴童,梭织,梭织外套,2022,Q1,0,1,2022-09-14 15:18:40,2023-01-08 14:33:19
1569948731812409719,1,1557595274707267586,0003000057,森马,森马线上,非婴童,梭织,梭织裙子,2022,Q1,0,1,2022-09-14 15:18:40,2023-01-08 14:33:19
1569948731808215271,1,231,0003000057,森马,森马线下,非婴童,梭织,梭织外套,2022,Q1,0,1,2022-09-14 15:18:40,2023-01-08 14:33:19
1569948731812409401,1,1542110690926456834,0003000057,森马,森马线下,非婴童,梭织,梭织衬衫,2022,Q1,0,1,2022-09-14 15:18:40,2023-01-08 14:33:19
1569948731812409670,1,1542110693631782914,0003000057,森马,森马线下,非婴童,梭织,梭织裙子,2022,Q1,0,1,2022-09-14 15:18:40,2023-01-08 14:33:19
1595698612258534109,1,1592448331882229761,0003000057,森马,森马线下,非婴童,梭织,梭织裤子,2022,Q1,0,1,2022-11-24 16:39:30,2023-01-08 14:33:19
1569948731808215114,1,74,0003000064,巴拉巴拉,巴拉巴拉线上,非婴童,牛仔,牛仔大类,2022,Q1,0,1,2022-09-14 15:18:40,2023-01-08 14:33:19
1569948731808215163,1,123,0003000064,巴拉巴拉,巴拉巴拉线下,婴童,牛仔,牛仔大类,2022,Q1,0,1,2022-09-14 15:18:40,2023-01-08 14:33:19
1569948731808215231,1,191,0003000064,巴拉巴拉,巴拉巴拉线下,非婴童,牛仔,牛仔大类,2022,Q1,0,1,2022-09-14 15:18:40,2023-01-08 14:33:19
1569948731808215272,1,232,0003000064,森马,森马线上,非婴童,牛仔,牛仔大类,2022,Q1,0,1,2022-09-14 15:18:40,2023-01-08 14:33:19
1569948731808215273,1,233,0003000064,森马,森马线下,非婴童,牛仔,牛仔大类,2022,Q1,0,1,2022-09-14 15:18:40,2023-01-08 14:33:19
1569948731812409658,1,1542110693493370882,0003000066,巴拉巴拉,巴拉巴拉线上,婴童,针织,针织大类,2022,Q1,0,1,2022-09-14 15:18:40,2023-01-08 14:33:19
1569948731808215094,1,54,0003000066,巴拉巴拉,巴拉巴拉线上,非婴童,针织,针织大类,2022,Q1,0,1,2022-09-14 15:18:40,2023-01-08 14:33:19
1569948731812409523,1,1542110692176359425,0003000066,巴拉巴拉,巴拉巴拉线下,婴童,针织,针织大类,2022,Q1,0,1,2022-09-14 15:18:40,2023-01-08 14:33:19
1569948731808215183,1,143,0003000066,巴拉巴拉,巴拉巴拉线下,非婴童,针织,针织大类,2022,Q1,0,1,2022-09-14 15:18:40,2023-01-08 14:33:19
1585937681878151824,1,1585906615268208642,0003000066,森马,森马线上,非婴童,针织,针织大类,2022,Q1,0,1,2022-10-28 18:13:03,2023-01-08 14:33:19
1569948731808215274,1,234,0003000066,森马,森马线下,非婴童,针织,针织大类,2022,Q1,0,1,2022-09-14 15:18:40,2023-01-08 14:33:19
1569948731812409500,1,1542110691949867009,0003000066,马卡乐,马卡乐线下,婴童,针织,针织大类,2022,Q1,0,1,2022-09-14 15:18:40,2023-01-08 14:33:19
1569948731808215366,1,328,0003000066,马卡乐,马卡乐线下,非婴童,针织,针织大类,2022,Q1,0,1,2022-09-14 15:18:40,2023-01-08 14:33:19
1569948731812409656,1,1542110693476593667,0003000068,巴拉巴拉,巴拉巴拉线上,非婴童,梭织,梭织外套,2022,Q1,0,1,2022-09-14 15:18:40,2023-01-08 14:33:19
1569948731812409530,1,1542110692260245506,0003000068,巴拉巴拉,巴拉巴拉线下,非婴童,梭织,梭织外套,2022,Q1,0,1,2022-09-14 15:18:40,2023-01-08 14:33:19
1569948731812409715,1,1557595274656935938,0003000068,森马,森马线上,非婴童,梭织,梭织外套,2022,Q1,0,1,2022-09-14 15:18:40,2023-01-08 14:33:19
1569948731808215276,1,236,0003000068,森马,森马线上,非婴童,梭织,梭织衬衫,2022,Q1,0,1,2022-09-14 15:18:40,2023-01-08 14:33:19
1569948731812409553,1,1542110692495126529,0003000068,森马,森马线下,非婴童,梭织,梭织外套,2022,Q1,0,1,2022-09-14 15:18:40,2023-01-08 14:33:19
1569948731808215277,1,237,0003000068,森马,森马线下,非婴童,梭织,梭织衬衫,2022,Q1,0,1,2022-09-14 15:18:40,2023-01-08 14:33:19
1595698612258534133,1,1595338960148688897,0003000081,巴拉巴拉,巴拉巴拉线下,非婴童,梭织,梭织外套,2022,Q1,0,1,2022-11-24 16:39:30,2023-01-08 14:33:19
1585937681878151746,1,1585906614412570627,0003000081,森马,森马线下,非婴童,梭织,梭织外套,2022,Q1,0,1,2022-10-28 18:13:03,2023-01-08 14:33:19
1585937681878151855,1,1585906615633113090,0003000081,森马,森马线下,非婴童,梭织,梭织裤子,2022,Q1,0,1,2022-10-28 18:13:03,2023-01-08 14:33:19
1569948731812409434,1,1542110691266195457,0003000088,巴拉巴拉,巴拉巴拉线上,非婴童,梭织,梭织外套,2022,Q1,0,1,2022-09-14 15:18:40,2023-01-08 14:33:19
1569948731812409452,1,1542110691446550529,0003000088,巴拉巴拉,巴拉巴拉线上,非婴童,梭织,梭织裤子,2022,Q1,0,1,2022-09-14 15:18:40,2023-01-08 14:33:19
1569948731808215212,1,172,0003000088,巴拉巴拉,巴拉巴拉线下,非婴童,梭织,梭织外套,2022,Q1,0,1,2022-09-14 15:18:40,2023-01-08 14:33:19
1569948731812409504,1,1542110691987615745,0003000088,巴拉巴拉,巴拉巴拉线下,非婴童,梭织,梭织裤子,2022,Q1,0,1,2022-09-14 15:18:40,2023-01-08 14:33:19
1569948731808215278,1,238,0003000088,森马,森马线下,非婴童,梭织,梭织外套,2022,Q1,0,1,2022-09-14 15:18:40,2023-01-08 14:33:19
1569948731812409596,1,1542110692939722754,0003000097,巴拉巴拉,巴拉巴拉线上,婴童,梭织,梭织外套,2022,Q1,0,1,2022-09-14 15:18:40,2023-01-08 14:33:19
1569948731812409535,1,1542110692335742978,0003000097,巴拉巴拉,巴拉巴拉线上,婴童,梭织,梭织裤子,2022,Q1,0,1,2022-09-14 15:18:40,2023-01-08 14:33:19
1569948731808215081,1,41,0003000097,巴拉巴拉,巴拉巴拉线上,非婴童,梭织,梭织外套,2022,Q1,0,1,2022-09-14 15:18:40,2023-01-08 14:33:19
1569948731808215080,1,40,0003000097,巴拉巴拉,巴拉巴拉线上,非婴童,梭织,梭织裤子,2022,Q1,0,1,2022-09-14 15:18:40,2023-01-08 14:33:19
1569948731812409454,1,1542110691454939139,0003000097,巴拉巴拉,巴拉巴拉线下,婴童,梭织,梭织外套,2022,Q1,0,1,2022-09-14 15:18:40,2023-01-08 14:33:19
1569948731808215412,1,1542110690028875778,0003000097,巴拉巴拉,巴拉巴拉线下,婴童,梭织,梭织裤子,2022,Q1,0,1,2022-09-14 15:18:40,2023-01-08 14:33:19
1569948731808215209,1,169,0003000097,巴拉巴拉,巴拉巴拉线下,非婴童,梭织,梭织外套,2022,Q1,0,1,2022-09-14 15:18:40,2023-01-08 14:33:19
1569948731808215208,1,168,0003000097,巴拉巴拉,巴拉巴拉线下,非婴童,梭织,梭织裤子,2022,Q1,0,1,2022-09-14 15:18:40,2023-01-08 14:33:19
1569948731808215280,1,240,0003000097,森马,森马线上,非婴童,梭织,梭织外套,2022,Q1,0,1,2022-09-14 15:18:40,2023-01-08 14:33:19
1569948731812409705,1,1557595274514329603,0003000097,森马,森马线上,非婴童,梭织,梭织衬衫,2022,Q1,0,1,2022-09-14 15:18:40,2023-01-08 14:33:19
1569948731808215279,1,239,0003000097,森马,森马线上,非婴童,梭织,梭织裤子,2022,Q1,0,1,2022-09-14 15:18:40,2023-01-08 14:33:19
1569948731812409635,1,1542110693296238593,0003000097,森马,森马线下,非婴童,梭织,梭织衬衫,2022,Q1,0,1,2022-09-14 15:18:40,2023-01-08 14:33:19
1569948731812409442,1,1542110691350081538,0003000097,森马,森马线下,非婴童,梭织,梭织裤子,2022,Q1,0,1,2022-09-14 15:18:40,2023-01-08 14:33:19
1569948731808215281,1,241,0003000103,森马,森马线下,非婴童,梭织,梭织外套,2022,Q1,0,1,2022-09-14 15:18:40,2023-01-08 14:33:19
1569948731808215282,1,242,0003000127,森马,森马线下,非婴童,牛仔,牛仔大类,2022,Q1,0,1,2022-09-14 15:18:40,2023-01-08 14:33:19
1569948731808215071,1,31,0003000157,巴拉巴拉,巴拉巴拉线上,婴童,毛织,毛织大类,2022,Q1,0,1,2022-09-14 15:18:40,2023-01-08 14:33:19
1569948731808215106,1,66,0003000157,巴拉巴拉,巴拉巴拉线上,非婴童,毛织,毛织大类,2022,Q1,0,1,2022-09-14 15:18:40,2023-01-08 14:33:19
1569948731808215169,1,129,0003000157,巴拉巴拉,巴拉巴拉线下,婴童,毛织,毛织大类,2022,Q1,0,1,2022-09-14 15:18:40,2023-01-08 14:33:19
1569948731808215241,1,201,0003000157,巴拉巴拉,巴拉巴拉线下,非婴童,毛织,毛织大类,2022,Q1,0,1,2022-09-14 15:18:40,2023-01-08 14:33:19
1569948731808215283,1,243,0003000157,森马,森马线上,非婴童,毛织,毛织大类,2022,Q1,0,1,2022-09-14 15:18:40,2023-01-08 14:33:19
1569948731808215284,1,244,0003000157,森马,森马线下,非婴童,毛织,毛织大类,2022,Q1,0,1,2022-09-14 15:18:40,2023-01-08 14:33:19
1569948731808215285,1,245,0003000161,森马,森马线上,非婴童,毛织,毛织大类,2022,Q1,0,1,2022-09-14 15:18:40,2023-01-08 14:33:19
1569948731808215286,1,246,0003000177,森马,森马线上,非婴童,梭织,梭织裤子,2022,Q1,0,1,2022-09-14 15:18:40,2023-01-08 14:33:19
1569948731808215287,1,247,0003000177,森马,森马线下,非婴童,梭织,梭织裤子,2022,Q1,0,1,2022-09-14 15:18:40,2023-01-08 14:33:19
1569948731808215288,1,248,0003000183,森马,森马线上,非婴童,梭织,梭织外套,2022,Q1,0,1,2022-09-14 15:18:40,2023-01-08 14:33:19
1569948731808215289,1,249,0003000183,森马,森马线下,非婴童,梭织,梭织外套,2022,Q1,0,1,2022-09-14 15:18:40,2023-01-08 14:33:19
1569948731812409443,1,1542110691366858754,0003000190,森马,森马线下,非婴童,梭织,梭织衬衫,2022,Q1,0,1,2022-09-14 15:18:40,2023-01-08 14:33:19
1569948731812409423,1,1542110691144560645,0003000190,森马,森马线下,非婴童,梭织,梭织裙子,2022,Q1,0,1,2022-09-14 15:18:40,2023-01-08 14:33:19
1569948731812409527,1,1542110692226691074,0003000194,巴拉巴拉,巴拉巴拉线下,婴童,梭织,梭织外套,2022,Q1,0,1,2022-09-14 15:18:40,2023-01-08 14:33:19
1575691776583332646,1,1575653089929654273,0003000194,巴拉巴拉,巴拉巴拉线下,婴童,梭织,梭织裙子,2022,Q1,0,1,2022-09-30 11:39:29,2023-01-08 14:33:19
1569948731808215228,1,188,0003000194,巴拉巴拉,巴拉巴拉线下,非婴童,梭织,梭织外套,2022,Q1,0,1,2022-09-14 15:18:40,2023-01-08 14:33:19
1569948731812409373,1,1542110690632855553,0003000194,巴拉巴拉,巴拉巴拉线下,非婴童,梭织,梭织裙子,2022,Q1,0,1,2022-09-14 15:18:40,2023-01-08 14:33:19
1569948731812409606,1,1542110693044580354,0003000194,巴拉巴拉,巴拉巴拉线下,非婴童,梭织,梭织裤子,2022,Q1,0,1,2022-09-14 15:18:40,2023-01-08 14:33:19
1569948731808215293,1,253,0003000194,森马,森马线下,非婴童,梭织,梭织外套,2022,Q1,0,1,2022-09-14 15:18:40,2023-01-08 14:33:19
1585937681878151725,1,1585906614194466818,0003000194,森马,森马线下,非婴童,梭织,梭织衬衫,2022,Q1,0,1,2022-10-28 18:13:03,2023-01-08 14:33:19
1569948731812409439,1,1542110691337498626,0003000194,森马,森马线下,非婴童,梭织,梭织裙子,2022,Q1,0,1,2022-09-14 15:18:40,2023-01-08 14:33:19
1569948731812409407,1,1542110690997760002,0003000194,森马,森马线下,非婴童,梭织,梭织裤子,2022,Q1,0,1,2022-09-14 15:18:40,2023-01-08 14:33:19
1569948731812409661,1,1542110693522731010,0003000247,巴拉巴拉,巴拉巴拉线上,非婴童,梭织,梭织外套,2022,Q1,0,1,2022-09-14 15:18:40,2023-01-08 14:33:19
1569948731812409726,1,1557595274778570753,0003000247,巴拉巴拉,巴拉巴拉线下,婴童,梭织,梭织外套,2022,Q1,0,1,2022-09-14 15:18:40,2023-01-08 14:33:19
1575691776583332643,1,1575653089908682754,0003000247,巴拉巴拉,巴拉巴拉线下,婴童,梭织,梭织裙子,2022,Q1,0,1,2022-09-30 11:39:29,2023-01-08 14:33:19
1575691776583332673,1,1575653090151952386,0003000247,巴拉巴拉,巴拉巴拉线下,婴童,梭织,梭织裤子,2022,Q1,0,1,2022-09-30 11:39:29,2023-01-08 14:33:19
1569948731808215224,1,184,0003000247,巴拉巴拉,巴拉巴拉线下,非婴童,梭织,梭织外套,2022,Q1,0,1,2022-09-14 15:18:40,2023-01-08 14:33:19
1569948731812409387,1,1542110690767073282,0003000247,巴拉巴拉,巴拉巴拉线下,非婴童,梭织,梭织裙子,2022,Q1,0,1,2022-09-14 15:18:40,2023-01-08 14:33:19
1569948731812409462,1,1542110691538825218,0003000247,巴拉巴拉,巴拉巴拉线下,非婴童,梭织,梭织裤子,2022,Q1,0,1,2022-09-14 15:18:40,2023-01-08 14:33:19
1569948731812409592,1,1542110692901974017,0003000247,森马,森马线上,非婴童,梭织,梭织裙子,2022,Q1,0,1,2022-09-14 15:18:40,2023-01-08 14:33:19
1569948731812409478,1,1542110691727568897,0003000247,森马,森马线上,非婴童,梭织,梭织裤子,2022,Q1,0,1,2022-09-14 15:18:40,2023-01-08 14:33:19
1569948731808215295,1,255,0003000247,森马,森马线下,非婴童,梭织,梭织外套,2022,Q1,0,1,2022-09-14 15:18:40,2023-01-08 14:33:19
1569948731808215418,1,1542110690133733377,0003000247,森马,森马线下,非婴童,梭织,梭织衬衫,2022,Q1,0,1,2022-09-14 15:18:40,2023-01-08 14:33:19
1569948731812409610,1,1542110693082329090,0003000247,森马,森马线下,非婴童,梭织,梭织裙子,2022,Q1,0,1,2022-09-14 15:18:40,2023-01-08 14:33:19
1569948731812409604,1,1542110693019414530,0003000247,森马,森马线下,非婴童,梭织,梭织裤子,2022,Q1,0,1,2022-09-14 15:18:40,2023-01-08 14:33:19
1569948731808215074,1,34,0003000255,巴拉巴拉,巴拉巴拉线上,非婴童,梭织,梭织外套,2022,Q1,0,1,2022-09-14 15:18:40,2023-01-08 14:33:19
1569948731808215139,1,99,0003000255,巴拉巴拉,巴拉巴拉线下,婴童,梭织,梭织裙子,2022,Q1,0,1,2022-09-14 15:18:40,2023-01-08 14:33:19
1569948731808215198,1,158,0003000255,巴拉巴拉,巴拉巴拉线下,非婴童,梭织,梭织外套,2022,Q1,0,1,2022-09-14 15:18:40,2023-01-08 14:33:19
1569948731808215197,1,157,0003000255,巴拉巴拉,巴拉巴拉线下,非婴童,梭织,梭织裙子,2022,Q1,0,1,2022-09-14 15:18:40,2023-01-08 14:33:19
1569948731812409694,1,1557595274380111874,0003000255,巴拉巴拉,巴拉巴拉线下,非婴童,梭织,梭织裤子,2022,Q1,0,1,2022-09-14 15:18:40,2023-01-08 14:33:19
1569948731812409675,1,1557595274086510594,0003000255,马卡乐,马卡乐线下,婴童,梭织,梭织外套,2022,Q1,0,1,2022-09-14 15:18:40,2023-01-08 14:33:19
1569948731812409484,1,1542110691777900545,0003000255,马卡乐,马卡乐线下,婴童,梭织,梭织裙子,2022,Q1,0,1,2022-09-14 15:18:40,2023-01-08 14:33:19
1569948731808215383,1,347,0003000255,马卡乐,马卡乐线下,非婴童,梭织,梭织外套,2022,Q1,0,1,2022-09-14 15:18:40,2023-01-08 14:33:19
1569948731812409620,1,1542110693182992385,0003000255,马卡乐,马卡乐线下,非婴童,梭织,梭织裙子,2022,Q1,0,1,2022-09-14 15:18:40,2023-01-08 14:33:19
1569948731812409755,1,1557595275198001153,0003000262,巴拉巴拉,巴拉巴拉线上,非婴童,梭织,梭织外套,2022,Q1,0,1,2022-09-14 15:18:40,2023-01-08 14:33:19
1569948731808215205,1,165,0003000262,巴拉巴拉,巴拉巴拉线下,非婴童,梭织,梭织外套,2022,Q1,0,1,2022-09-14 15:18:40,2023-01-08 14:33:19
1569948731808215296,1,256,0003000262,森马,森马线上,非婴童,梭织,梭织外套,2022,Q1,0,1,2022-09-14 15:18:40,2023-01-08 14:33:19
1569948731808215264,1,224,0003000262,森马,森马线下,非婴童,梭织,梭织外套,2022,Q1,0,1,2022-09-14 15:18:40,2023-01-08 14:33:19
1569948731808215149,1,109,0003000273,巴拉巴拉,巴拉巴拉线下,婴童,梭织,梭织外套,2022,Q1,0,1,2022-09-14 15:18:40,2023-01-08 14:33:19
1569948731808215213,1,173,0003000273,巴拉巴拉,巴拉巴拉线下,非婴童,梭织,梭织外套,2022,Q1,0,1,2022-09-14 15:18:40,2023-01-08 14:33:19
1569948731812409759,1,1557595275273498626,0003000284,Mini巴拉,Mini巴拉线上,非婴童,毛织,毛织大类,2022,Q1,0,1,2022-09-14 15:18:40,2023-01-08 14:33:19
1569948731812409725,1,1557595274774376449,0003000284,巴拉巴拉,巴拉巴拉线上,婴童,毛织,毛织大类,2022,Q1,0,1,2022-09-14 15:18:40,2023-01-08 14:33:19
1569948731808215109,1,69,0003000284,巴拉巴拉,巴拉巴拉线上,非婴童,毛织,毛织大类,2022,Q1,0,1,2022-09-14 15:18:40,2023-01-08 14:33:19
1569948731808215170,1,130,0003000284,巴拉巴拉,巴拉巴拉线下,婴童,毛织,毛织大类,2022,Q1,0,1,2022-09-14 15:18:40,2023-01-08 14:33:19
1569948731808215242,1,202,0003000284,巴拉巴拉,巴拉巴拉线下,非婴童,毛织,毛织大类,2022,Q1,0,1,2022-09-14 15:18:40,2023-01-08 14:33:19
1569948731808215297,1,257,0003000284,森马,森马线上,非婴童,毛织,毛织大类,2022,Q1,0,1,2022-09-14 15:18:40,2023-01-08 14:33:19
1569948731808215298,1,258,0003000284,森马,森马线下,非婴童,毛织,毛织大类,2022,Q1,0,1,2022-09-14 15:18:40,2023-01-08 14:33:19
1569948731812409465,1,1542110691568185346,0003000286,巴拉巴拉,巴拉巴拉线上,非婴童,梭织,梭织外套,2022,Q1,0,1,2022-09-14 15:18:40,2023-01-08 14:33:19
1569948731812409672,1,1542110693644365825,0003000286,巴拉巴拉,巴拉巴拉线上,非婴童,梭织,梭织裙子,2022,Q1,0,1,2022-09-14 15:18:40,2023-01-08 14:33:19
1569948731812409611,1,1542110693086523393,0003000286,巴拉巴拉,巴拉巴拉线下,非婴童,梭织,梭织外套,2022,Q1,0,1,2022-09-14 15:18:40,2023-01-08 14:33:19
1569948731808215192,1,152,0003000286,巴拉巴拉,巴拉巴拉线下,非婴童,梭织,梭织裙子,2022,Q1,0,1,2022-09-14 15:18:40,2023-01-08 14:33:19
1569948731812409662,1,1542110693543702530,0003000286,巴拉巴拉,巴拉巴拉线下,非婴童,梭织,梭织裤子,2022,Q1,0,1,2022-09-14 15:18:40,2023-01-08 14:33:19
1569948731812409461,1,1542110691538825217,0003000286,森马,森马线上,非婴童,梭织,梭织裙子,2022,Q1,0,1,2022-09-14 15:18:40,2023-01-08 14:33:19
1569948731812409751,1,1557595275160252418,0003000286,森马,森马线上,非婴童,梭织,梭织裤子,2022,Q1,0,1,2022-09-14 15:18:40,2023-01-08 14:33:19
1569948731812409405,1,1542110690989371393,0003000286,森马,森马线下,非婴童,梭织,梭织外套,2022,Q1,0,1,2022-09-14 15:18:40,2023-01-08 14:33:19
1569948731812409640,1,1542110693333987331,0003000286,森马,森马线下,非婴童,梭织,梭织衬衫,2022,Q1,0,1,2022-09-14 15:18:40,2023-01-08 14:33:19
1569948731808215400,1,364,0003000286,森马,森马线下,非婴童,梭织,梭织裙子,2022,Q1,0,1,2022-09-14 15:18:40,2023-01-08 14:33:19
1569948731808215299,1,259,0003000286,森马,森马线下,非婴童,梭织,梭织裤子,2022,Q1,0,1,2022-09-14 15:18:40,2023-01-08 14:33:19
1569948731812409687,1,1557595274300420098,0003000288,马卡乐,马卡乐线下,婴童,毛织,毛织大类,2022,Q1,0,1,2022-09-14 15:18:40,2023-01-08 14:33:19
1569948731808215396,1,360,0003000288,马卡乐,马卡乐线下,非婴童,毛织,毛织大类,2022,Q1,0,1,2022-09-14 15:18:40,2023-01-08 14:33:19
1569948731812409382,1,1542110690720935938,0003000291,巴拉巴拉,巴拉巴拉线下,非婴童,梭织,梭织外套,2022,Q1,0,1,2022-09-14 15:18:40,2023-01-08 14:33:19
1569948731808215300,1,260,0003000291,森马,森马线上,非婴童,梭织,梭织衬衫,2022,Q1,0,1,2022-09-14 15:18:40,2023-01-08 14:33:19
1569948731812409748,1,1557595275126697985,0003000291,森马,森马线下,非婴童,梭织,梭织外套,2022,Q1,0,1,2022-09-14 15:18:40,2023-01-08 14:33:19
1569948731808215428,1,1542110690234396674,0003000291,森马,森马线下,非婴童,梭织,梭织衬衫,2022,Q1,0,1,2022-09-14 15:18:40,2023-01-08 14:33:19
1569948731808215099,1,59,0003000298,巴拉巴拉,巴拉巴拉线上,非婴童,针织,针织大类,2022,Q1,0,1,2022-09-14 15:18:40,2023-01-08 14:33:19
1569948731812409761,1,1557595275298664449,0003000300,巴拉巴拉,巴拉巴拉线上,非婴童,梭织,梭织外套,2022,Q1,0,1,2022-09-14 15:18:40,2023-01-08 14:33:19
1585937681878151872,1,1585906615813468162,0003000300,巴拉巴拉,巴拉巴拉线下,婴童,梭织,梭织外套,2022,Q1,0,1,2022-10-28 18:13:03,2023-01-08 14:33:19
1595698612258534150,1,1595338960400347137,0003000300,巴拉巴拉,巴拉巴拉线下,婴童,梭织,梭织裤子,2022,Q1,0,1,2022-11-24 16:39:30,2023-01-08 14:33:19
1569948731808215225,1,185,0003000300,巴拉巴拉,巴拉巴拉线下,非婴童,梭织,梭织外套,2022,Q1,0,1,2022-09-14 15:18:40,2023-01-08 14:33:19
1569948731812409384,1,1542110690733518850,0003000300,巴拉巴拉,巴拉巴拉线下,非婴童,梭织,梭织裙子,2022,Q1,0,1,2022-09-14 15:18:40,2023-01-08 14:33:19
1585937681878151794,1,1585906614941052929,0003000300,巴拉巴拉,巴拉巴拉线下,非婴童,梭织,梭织裤子,2022,Q1,0,1,2022-10-28 18:13:03,2023-01-08 14:33:19
1569948731808215301,1,261,0003000300,森马,森马线上,非婴童,梭织,梭织外套,2022,Q1,0,1,2022-09-14 15:18:40,2023-01-08 14:33:19
1569948731812409503,1,1542110691979227137,0003000300,森马,森马线上,非婴童,梭织,梭织裙子,2022,Q1,0,1,2022-09-14 15:18:40,2023-01-08 14:33:19
1569948731812409460,1,1542110691534630913,0003000300,森马,森马线上,非婴童,梭织,梭织裤子,2022,Q1,0,1,2022-09-14 15:18:40,2023-01-08 14:33:19
1569948731808215303,1,263,0003000300,森马,森马线下,非婴童,梭织,梭织外套,2022,Q1,0,1,2022-09-14 15:18:40,2023-01-08 14:33:19
1569948731808215432,1,1542110690267951106,0003000300,森马,森马线下,非婴童,梭织,梭织裙子,2022,Q1,0,1,2022-09-14 15:18:40,2023-01-08 14:33:19
1569948731808215302,1,262,0003000300,森马,森马线下,非婴童,梭织,梭织裤子,2022,Q1,0,1,2022-09-14 15:18:40,2023-01-08 14:33:19
1569948731808215304,1,264,0003000301,森马,森马线上,非婴童,针织,针织大类,2022,Q1,0,1,2022-09-14 15:18:40,2023-01-08 14:33:19
1595698612258534127,1,1592448332238745602,0003000303,巴拉巴拉,巴拉巴拉线下,非婴童,针织,针织大类,2022,Q1,0,1,2022-11-24 16:39:30,2023-01-08 14:33:19
1569948731808215306,1,266,0003000313,森马,森马线上,非婴童,梭织,梭织外套,2022,Q1,0,1,2022-09-14 15:18:40,2023-01-08 14:33:19
1569948731812409718,1,1557595274698878978,0003000313,森马,森马线上,非婴童,梭织,梭织衬衫,2022,Q1,0,1,2022-09-14 15:18:40,2023-01-08 14:33:19
1569948731808215305,1,265,0003000313,森马,森马线上,非婴童,梭织,梭织裙子,2022,Q1,0,1,2022-09-14 15:18:40,2023-01-08 14:33:19
1569948731808215362,1,324,0003000322,Mini巴拉,Mini巴拉线上,非婴童,毛织,毛织大类,2022,Q1,0,1,2022-09-14 15:18:40,2023-01-08 14:33:19
1569948731808215068,1,28,0003000322,巴拉巴拉,巴拉巴拉线上,婴童,毛织,毛织大类,2022,Q1,0,1,2022-09-14 15:18:40,2023-01-08 14:33:19
1569948731808215103,1,63,0003000322,巴拉巴拉,巴拉巴拉线上,非婴童,毛织,毛织大类,2022,Q1,0,1,2022-09-14 15:18:40,2023-01-08 14:33:19
1569948731808215166,1,126,0003000322,巴拉巴拉,巴拉巴拉线下,婴童,毛织,毛织大类,2022,Q1,0,1,2022-09-14 15:18:40,2023-01-08 14:33:19
1569948731808215238,1,198,0003000322,巴拉巴拉,巴拉巴拉线下,非婴童,毛织,毛织大类,2022,Q1,0,1,2022-09-14 15:18:40,2023-01-08 14:33:19
1569948731808215307,1,267,0003000322,森马,森马线下,非婴童,毛织,毛织大类,2022,Q1,0,1,2022-09-14 15:18:40,2023-01-08 14:33:19
1575691770061189472,1,1575653089849962497,0003000333,Mini巴拉,Mini巴拉线上,婴童,针织,针织大类,2022,Q1,0,1,2022-09-30 11:39:27,2023-01-08 14:33:19
1569948731808215340,1,301,0003000333,Mini巴拉,Mini巴拉线上,非婴童,针织,针织大类,2022,Q1,0,1,2022-09-14 15:18:40,2023-01-08 14:33:19
1569948731812409552,1,1542110692486737922,0003000333,巴拉巴拉,巴拉巴拉线上,婴童,针织,针织大类,2022,Q1,0,1,2022-09-14 15:18:40,2023-01-08 14:33:19
1569948731808215090,1,50,0003000333,巴拉巴拉,巴拉巴拉线上,非婴童,针织,针织大类,2022,Q1,0,1,2022-09-14 15:18:40,2023-01-08 14:33:19
1569948731808215118,1,78,0003000333,巴拉巴拉,巴拉巴拉线下,婴童,针织,针织大类,2022,Q1,0,1,2022-09-14 15:18:40,2023-01-08 14:33:19
1569948731808215174,1,134,0003000333,巴拉巴拉,巴拉巴拉线下,非婴童,针织,针织大类,2022,Q1,0,1,2022-09-14 15:18:40,2023-01-08 14:33:19
1569948731808215308,1,268,0003000333,森马,森马线上,非婴童,针织,针织大类,2022,Q1,0,1,2022-09-14 15:18:40,2023-01-08 14:33:19
1569948731808215309,1,269,0003000333,森马,森马线下,非婴童,针织,针织大类,2022,Q1,0,1,2022-09-14 15:18:40,2023-01-08 14:33:19
1569948731812409395,1,1542110690850959362,0003000333,马卡乐,马卡乐线下,婴童,针织,针织大类,2022,Q1,0,1,2022-09-14 15:18:40,2023-01-08 14:33:19
1569948731808215364,1,326,0003000333,马卡乐,马卡乐线下,非婴童,针织,针织大类,2022,Q1,0,1,2022-09-14 15:18:40,2023-01-08 14:33:19
1569948731812409650,1,1542110693422067713,0003000354,巴拉巴拉,巴拉巴拉线上,非婴童,牛仔,牛仔大类,2022,Q1,0,1,2022-09-14 15:18:40,2023-01-08 14:33:19
1585937681878151786,1,1585906614852972545,0003000354,巴拉巴拉,巴拉巴拉线下,非婴童,牛仔,牛仔大类,2022,Q1,0,1,2022-10-28 18:13:03,2023-01-08 14:33:19
1569948731812409717,1,1557595274690490370,0003000354,森马,森马线上,非婴童,牛仔,牛仔大类,2022,Q1,0,1,2022-09-14 15:18:40,2023-01-08 14:33:19
1585937681878151753,1,1585906614492262401,0003000354,森马,森马线下,非婴童,牛仔,牛仔大类,2022,Q1,0,1,2022-10-28 18:13:03,2023-01-08 14:33:19
1585937681878151805,1,1585906615079464962,0003000354,马卡乐,马卡乐线下,非婴童,牛仔,牛仔大类,2022,Q1,0,1,2022-10-28 18:13:03,2023-01-08 14:33:19
1569948731808215341,1,302,0003000484,Mini巴拉,Mini巴拉线上,非婴童,针织,针织大类,2022,Q1,0,1,2022-09-14 15:18:40,2023-01-08 14:33:19
1569948731808215042,1,2,0003000484,巴拉巴拉,巴拉巴拉线上,婴童,针织,针织大类,2022,Q1,0,1,2022-09-14 15:18:40,2023-01-08 14:33:19
1569948731812409578,1,1542110692746784769,0003000484,巴拉巴拉,巴拉巴拉线上,非婴童,针织,针织大类,2022,Q1,0,1,2022-09-14 15:18:40,2023-01-08 14:33:19
1569948731808215121,1,81,0003000484,巴拉巴拉,巴拉巴拉线下,婴童,针织,针织大类,2022,Q1,0,1,2022-09-14 15:18:40,2023-01-08 14:33:19
1569948731808215176,1,136,0003000484,巴拉巴拉,巴拉巴拉线下,非婴童,针织,针织大类,2022,Q1,0,1,2022-09-14 15:18:40,2023-01-08 14:33:19
1569948731812409496,1,1542110691895341058,0003000546,巴拉巴拉,巴拉巴拉线上,婴童,针织,针织大类,2022,Q1,0,1,2022-09-14 15:18:40,2023-01-08 14:33:19
1569948731812409613,1,1542110693107494914,0003000546,巴拉巴拉,巴拉巴拉线上,非婴童,针织,针织大类,2022,Q1,0,1,2022-09-14 15:18:40,2023-01-08 14:33:19
1569948731812409713,1,1557595274619187202,0003000546,巴拉巴拉,巴拉巴拉线下,婴童,梭织,梭织裤子,2022,Q1,0,1,2022-09-14 15:18:40,2023-01-08 14:33:19
1569948731808215129,1,89,0003000546,巴拉巴拉,巴拉巴拉线下,婴童,针织,针织大类,2022,Q1,0,1,2022-09-14 15:18:40,2023-01-08 14:33:19
1569948731812409749,1,1557595275139280898,0003000546,巴拉巴拉,巴拉巴拉线下,非婴童,梭织,梭织裤子,2022,Q1,0,1,2022-09-14 15:18:40,2023-01-08 14:33:19
1569948731808215187,1,147,0003000546,巴拉巴拉,巴拉巴拉线下,非婴童,针织,针织大类,2022,Q1,0,1,2022-09-14 15:18:40,2023-01-08 14:33:19
1569948731808215107,1,67,0003000547,巴拉巴拉,巴拉巴拉线上,非婴童,毛织,毛织大类,2022,Q1,0,1,2022-09-14 15:18:40,2023-01-08 14:33:19
1569948731808215171,1,131,0003000547,巴拉巴拉,巴拉巴拉线下,婴童,毛织,毛织大类,2022,Q1,0,1,2022-09-14 15:18:40,2023-01-08 14:33:19
1569948731808215243,1,203,0003000547,巴拉巴拉,巴拉巴拉线下,非婴童,毛织,毛织大类,2022,Q1,0,1,2022-09-14 15:18:40,2023-01-08 14:33:19
1569948731808215059,1,19,0003000563,巴拉巴拉,巴拉巴拉线上,婴童,梭织,梭织外套,2022,Q1,0,1,2022-09-14 15:18:40,2023-01-08 14:33:19
1569948731812409584,1,1542110692805505025,0003000563,巴拉巴拉,巴拉巴拉线上,婴童,梭织,梭织裤子,2022,Q1,0,1,2022-09-14 15:18:40,2023-01-08 14:33:19
1569948731808215085,1,45,0003000563,巴拉巴拉,巴拉巴拉线上,非婴童,梭织,梭织外套,2022,Q1,0,1,2022-09-14 15:18:40,2023-01-08 14:33:19
1569948731812409416,1,1542110691090034690,0003000563,巴拉巴拉,巴拉巴拉线上,非婴童,梭织,梭织裤子,2022,Q1,0,1,2022-09-14 15:18:40,2023-01-08 14:33:19
1569948731808215152,1,112,0003000563,巴拉巴拉,巴拉巴拉线下,婴童,梭织,梭织外套,2022,Q1,0,1,2022-09-14 15:18:40,2023-01-08 14:33:19
1569948731808215153,1,113,0003000563,巴拉巴拉,巴拉巴拉线下,婴童,梭织,梭织婴童,2022,Q1,0,1,2022-09-14 15:18:40,2023-01-08 14:33:19
1569948731812409522,1,1542110692155387906,0003000563,巴拉巴拉,巴拉巴拉线下,婴童,梭织,梭织裙子,2022,Q1,0,1,2022-09-14 15:18:40,2023-01-08 14:33:19
1569948731812409409,1,1542110691022925826,0003000563,巴拉巴拉,巴拉巴拉线下,婴童,梭织,梭织裤子,2022,Q1,0,1,2022-09-14 15:18:40,2023-01-08 14:33:19
1569948731808215216,1,176,0003000563,巴拉巴拉,巴拉巴拉线下,非婴童,梭织,梭织外套,2022,Q1,0,1,2022-09-14 15:18:40,2023-01-08 14:33:19
1569948731812409379,1,1542110690704158721,0003000563,巴拉巴拉,巴拉巴拉线下,非婴童,梭织,梭织裙子,2022,Q1,0,1,2022-09-14 15:18:40,2023-01-08 14:33:19
1569948731812409659,1,1542110693501759489,0003000563,巴拉巴拉,巴拉巴拉线下,非婴童,梭织,梭织裤子,2022,Q1,0,1,2022-09-14 15:18:40,2023-01-08 14:33:19
1569948731812409468,1,1542110691614322690,0003000563,马卡乐,马卡乐线下,婴童,梭织,梭织外套,2022,Q1,0,1,2022-09-14 15:18:40,2023-01-08 14:33:19
1569948731812409623,1,1542110693203963905,0003000563,马卡乐,马卡乐线下,婴童,梭织,梭织裙子,2022,Q1,0,1,2022-09-14 15:18:40,2023-01-08 14:33:19
1569948731812409410,1,1542110691039703042,0003000563,马卡乐,马卡乐线下,婴童,梭织,梭织裤子,2022,Q1,0,1,2022-09-14 15:18:40,2023-01-08 14:33:19
1569948731808215381,1,345,0003000563,马卡乐,马卡乐线下,非婴童,梭织,梭织外套,2022,Q1,0,1,2022-09-14 15:18:40,2023-01-08 14:33:19
1569948731808215407,1,1542110689970155522,0003000563,马卡乐,马卡乐线下,非婴童,梭织,梭织裙子,2022,Q1,0,1,2022-09-14 15:18:40,2023-01-08 14:33:19
1569948731812409628,1,1542110693245906946,0003000563,马卡乐,马卡乐线下,非婴童,梭织,梭织裤子,2022,Q1,0,1,2022-09-14 15:18:40,2023-01-08 14:33:19
1575691770061189484,1,1575653090017734658,0003000566,Mini巴拉,Mini巴拉线上,婴童,梭织,梭织外套,2022,Q1,0,1,2022-09-30 11:39:27,2023-01-08 14:33:19
1585937681878151744,1,1585906614408376322,0003000566,Mini巴拉,Mini巴拉线上,婴童,梭织,梭织婴童,2022,Q1,0,1,2022-10-28 18:13:03,2023-01-08 14:33:19
1585937681878151894,1,1585906616081903617,0003000566,Mini巴拉,Mini巴拉线上,婴童,梭织,梭织裤子,2022,Q1,0,1,2022-10-28 18:13:03,2023-01-08 14:33:19
1569948731808215351,1,312,0003000566,Mini巴拉,Mini巴拉线上,非婴童,梭织,梭织外套,2022,Q1,0,1,2022-09-14 15:18:40,2023-01-08 14:33:19
1569948731812409463,1,1542110691551408130,0003000566,Mini巴拉,Mini巴拉线上,非婴童,梭织,梭织裤子,2022,Q1,0,1,2022-09-14 15:18:40,2023-01-08 14:33:19
1569948731812409408,1,1542110691006148609,0003000566,巴拉巴拉,巴拉巴拉线上,婴童,梭织,梭织外套,2022,Q1,0,1,2022-09-14 15:18:40,2023-01-08 14:33:19
1569948731812409608,1,1542110693057163266,0003000566,巴拉巴拉,巴拉巴拉线上,婴童,梭织,梭织婴童,2022,Q1,0,1,2022-09-14 15:18:40,2023-01-08 14:33:19
1569948731808215058,1,18,0003000566,巴拉巴拉,巴拉巴拉线上,婴童,梭织,梭织裤子,2022,Q1,0,1,2022-09-14 15:18:40,2023-01-08 14:33:19
1569948731812409580,1,1542110692759367683,0003000566,巴拉巴拉,巴拉巴拉线上,非婴童,梭织,梭织外套,2022,Q1,0,1,2022-09-14 15:18:40,2023-01-08 14:33:19
1569948731808215084,1,44,0003000566,巴拉巴拉,巴拉巴拉线上,非婴童,梭织,梭织裤子,2022,Q1,0,1,2022-09-14 15:18:40,2023-01-08 14:33:19
1569948731812409417,1,1542110691094228993,0003000566,巴拉巴拉,巴拉巴拉线下,婴童,梭织,梭织外套,2022,Q1,0,1,2022-09-14 15:18:40,2023-01-08 14:33:19
1569948731812409489,1,1542110691828232194,0003000566,巴拉巴拉,巴拉巴拉线下,婴童,梭织,梭织婴童,2022,Q1,0,1,2022-09-14 15:18:40,2023-01-08 14:33:19
1569948731808215150,1,110,0003000566,巴拉巴拉,巴拉巴拉线下,婴童,梭织,梭织裤子,2022,Q1,0,1,2022-09-14 15:18:40,2023-01-08 14:33:19
1569948731812409652,1,1542110693455622146,0003000566,巴拉巴拉,巴拉巴拉线下,非婴童,梭织,梭织外套,2022,Q1,0,1,2022-09-14 15:18:40,2023-01-08 14:33:19
1569948731808215214,1,174,0003000566,巴拉巴拉,巴拉巴拉线下,非婴童,梭织,梭织裤子,2022,Q1,0,1,2022-09-14 15:18:40,2023-01-08 14:33:19
1569948731812409591,1,1542110692893585410,0003000566,马卡乐,马卡乐线下,婴童,梭织,梭织外套,2022,Q1,0,1,2022-09-14 15:18:40,2023-01-08 14:33:19
1569948731812409432,1,1542110691257806849,0003000566,马卡乐,马卡乐线下,婴童,梭织,梭织婴童,2022,Q1,0,1,2022-09-14 15:18:40,2023-01-08 14:33:19
1569948731812409634,1,1542110693292044289,0003000566,马卡乐,马卡乐线下,婴童,梭织,梭织裤子,2022,Q1,0,1,2022-09-14 15:18:40,2023-01-08 14:33:19
1569948731808215378,1,342,0003000566,马卡乐,马卡乐线下,非婴童,梭织,梭织外套,2022,Q1,0,1,2022-09-14 15:18:40,2023-01-08 14:33:19
1569948731812409517,1,1542110692100861953,0003000566,马卡乐,马卡乐线下,非婴童,梭织,梭织裤子,2022,Q1,0,1,2022-09-14 15:18:40,2023-01-08 14:33:19
1569948731808215055,1,15,0003000576,巴拉巴拉,巴拉巴拉线上,婴童,梭织,梭织外套,2022,Q1,0,1,2022-09-14 15:18:40,2023-01-08 14:33:19
1569948731808215056,1,16,0003000576,巴拉巴拉,巴拉巴拉线上,婴童,梭织,梭织婴童,2022,Q1,0,1,2022-09-14 15:18:40,2023-01-08 14:33:19
1569948731808215054,1,14,0003000576,巴拉巴拉,巴拉巴拉线上,婴童,梭织,梭织裤子,2022,Q1,0,1,2022-09-14 15:18:40,2023-01-08 14:33:19
1569948731808215404,1,1542110689949184001,0003000576,巴拉巴拉,巴拉巴拉线上,非婴童,梭织,梭织外套,2022,Q1,0,1,2022-09-14 15:18:40,2023-01-08 14:33:19
1569948731812409666,1,1542110693573062657,0003000576,巴拉巴拉,巴拉巴拉线上,非婴童,梭织,梭织裤子,2022,Q1,0,1,2022-09-14 15:18:40,2023-01-08 14:33:19
1569948731808215143,1,103,0003000576,巴拉巴拉,巴拉巴拉线下,婴童,梭织,梭织外套,2022,Q1,0,1,2022-09-14 15:18:40,2023-01-08 14:33:19
1569948731808215144,1,104,0003000576,巴拉巴拉,巴拉巴拉线下,婴童,梭织,梭织婴童,2022,Q1,0,1,2022-09-14 15:18:40,2023-01-08 14:33:19
1569948731812409579,1,1542110692755173377,0003000576,巴拉巴拉,巴拉巴拉线下,婴童,梭织,梭织裙子,2022,Q1,0,1,2022-09-14 15:18:40,2023-01-08 14:33:19
1569948731808215142,1,102,0003000576,巴拉巴拉,巴拉巴拉线下,婴童,梭织,梭织裤子,2022,Q1,0,1,2022-09-14 15:18:40,2023-01-08 14:33:19
1569948731808215201,1,161,0003000576,巴拉巴拉,巴拉巴拉线下,非婴童,梭织,梭织外套,2022,Q1,0,1,2022-09-14 15:18:40,2023-01-08 14:33:19
1569948731812409433,1,1542110691262001154,0003000576,巴拉巴拉,巴拉巴拉线下,非婴童,梭织,梭织裙子,2022,Q1,0,1,2022-09-14 15:18:40,2023-01-08 14:33:19
1569948731808215200,1,160,0003000576,巴拉巴拉,巴拉巴拉线下,非婴童,梭织,梭织裤子,2022,Q1,0,1,2022-09-14 15:18:40,2023-01-08 14:33:19
1569948731812409646,1,1542110693392707586,0003000576,马卡乐,马卡乐线下,婴童,梭织,梭织外套,2022,Q1,0,1,2022-09-14 15:18:40,2023-01-08 14:33:19
1569948731812409548,1,1542110692453183489,0003000576,马卡乐,马卡乐线下,婴童,梭织,梭织婴童,2022,Q1,0,1,2022-09-14 15:18:40,2023-01-08 14:33:19
1569948731812409431,1,1542110691245223938,0003000576,马卡乐,马卡乐线下,婴童,梭织,梭织裙子,2022,Q1,0,1,2022-09-14 15:18:40,2023-01-08 14:33:19
1569948731812409724,1,1557595274753404930,0003000576,马卡乐,马卡乐线下,婴童,梭织,梭织裤子,2022,Q1,0,1,2022-09-14 15:18:40,2023-01-08 14:33:19
1569948731808215380,1,344,0003000576,马卡乐,马卡乐线下,非婴童,梭织,梭织外套,2022,Q1,0,1,2022-09-14 15:18:40,2023-01-08 14:33:19
1569948731812409577,1,1542110692738396162,0003000576,马卡乐,马卡乐线下,非婴童,梭织,梭织裙子,2022,Q1,0,1,2022-09-14 15:18:40,2023-01-08 14:33:19
1569948731812409453,1,1542110691454939138,0003000576,马卡乐,马卡乐线下,非婴童,梭织,梭织裤子,2022,Q1,0,1,2022-09-14 15:18:40,2023-01-08 14:33:19
1569948731808215359,1,321,0003000581,Mini巴拉,Mini巴拉线上,非婴童,牛仔,牛仔大类,2022,Q1,0,1,2022-09-14 15:18:40,2023-01-08 14:33:19
1569948731812409738,1,1557595275000868866,0003000581,巴拉巴拉,巴拉巴拉线上,婴童,牛仔,牛仔大类,2022,Q1,0,1,2022-09-14 15:18:40,2023-01-08 14:33:19
1569948731808215112,1,72,0003000581,巴拉巴拉,巴拉巴拉线上,非婴童,牛仔,牛仔大类,2022,Q1,0,1,2022-09-14 15:18:40,2023-01-08 14:33:19
1569948731808215162,1,122,0003000581,巴拉巴拉,巴拉巴拉线下,婴童,牛仔,牛仔大类,2022,Q1,0,1,2022-09-14 15:18:40,2023-01-08 14:33:19
1569948731808215229,1,189,0003000581,巴拉巴拉,巴拉巴拉线下,非婴童,牛仔,牛仔大类,2022,Q1,0,1,2022-09-14 15:18:40,2023-01-08 14:33:19
1569948731812409368,1,1542110690557358082,0003000581,马卡乐,马卡乐线下,婴童,牛仔,牛仔大类,2022,Q1,0,1,2022-09-14 15:18:40,2023-01-08 14:33:19
1569948731808215393,1,357,0003000581,马卡乐,马卡乐线下,非婴童,牛仔,牛仔大类,2022,Q1,0,1,2022-09-14 15:18:40,2023-01-08 14:33:19
1569948731808215057,1,17,0003000584,巴拉巴拉,巴拉巴拉线上,婴童,梭织,梭织外套,2022,Q1,0,1,2022-09-14 15:18:40,2023-01-08 14:33:19
1569948731812409600,1,1542110692985860097,0003000584,巴拉巴拉,巴拉巴拉线上,婴童,梭织,梭织裙子,2022,Q1,0,1,2022-09-14 15:18:40,2023-01-08 14:33:19
1585937681878151817,1,1585906615209488386,0003000584,巴拉巴拉,巴拉巴拉线上,婴童,梭织,梭织裤子,2022,Q1,0,1,2022-10-28 18:13:03,2023-01-08 14:33:19
1569948731808215076,1,36,0003000584,巴拉巴拉,巴拉巴拉线上,非婴童,梭织,梭织外套,2022,Q1,0,1,2022-09-14 15:18:40,2023-01-08 14:33:19
1569948731812409427,1,1542110691199086594,0003000584,巴拉巴拉,巴拉巴拉线上,非婴童,梭织,梭织裙子,2022,Q1,0,1,2022-09-14 15:18:40,2023-01-08 14:33:19
1569948731812409654,1,1542110693464010754,0003000584,巴拉巴拉,巴拉巴拉线上,非婴童,梭织,梭织裤子,2022,Q1,0,1,2022-09-14 15:18:40,2023-01-08 14:33:19
1569948731812409727,1,1557595274803736577,0003000584,巴拉巴拉,巴拉巴拉线下,婴童,梭织,梭织外套,2022,Q1,0,1,2022-09-14 15:18:40,2023-01-08 14:33:19
1569948731812409736,1,1557595274942148609,0003000584,巴拉巴拉,巴拉巴拉线下,婴童,梭织,梭织裙子,2022,Q1,0,1,2022-09-14 15:18:40,2023-01-08 14:33:19
1569948731812409758,1,1557595275260915714,0003000584,巴拉巴拉,巴拉巴拉线下,婴童,梭织,梭织裤子,2022,Q1,0,1,2022-09-14 15:18:40,2023-01-08 14:33:19
1569948731808215202,1,162,0003000584,巴拉巴拉,巴拉巴拉线下,非婴童,梭织,梭织外套,2022,Q1,0,1,2022-09-14 15:18:40,2023-01-08 14:33:19
1569948731808215426,1,1542110690221813762,0003000584,巴拉巴拉,巴拉巴拉线下,非婴童,梭织,梭织裙子,2022,Q1,0,1,2022-09-14 15:18:40,2023-01-08 14:33:19
1569948731812409437,1,1542110691312332801,0003000584,巴拉巴拉,巴拉巴拉线下,非婴童,梭织,梭织裤子,2022,Q1,0,1,2022-09-14 15:18:40,2023-01-08 14:33:19
1569948731808215360,1,322,0003000594,Mini巴拉,Mini巴拉线上,非婴童,毛织,毛织大类,2022,Q1,0,1,2022-09-14 15:18:40,2023-01-08 14:33:19
1569948731808215066,1,26,0003000594,巴拉巴拉,巴拉巴拉线上,婴童,毛织,毛织大类,2022,Q1,0,1,2022-09-14 15:18:40,2023-01-08 14:33:19
1569948731808215101,1,61,0003000594,巴拉巴拉,巴拉巴拉线上,非婴童,毛织,毛织大类,2022,Q1,0,1,2022-09-14 15:18:40,2023-01-08 14:33:19
1569948731808215164,1,124,0003000594,巴拉巴拉,巴拉巴拉线下,婴童,毛织,毛织大类,2022,Q1,0,1,2022-09-14 15:18:40,2023-01-08 14:33:19
1569948731808215236,1,196,0003000594,巴拉巴拉,巴拉巴拉线下,非婴童,毛织,毛织大类,2022,Q1,0,1,2022-09-14 15:18:40,2023-01-08 14:33:19
1569948731812409732,1,1557595274845679617,0003000608,巴拉巴拉,巴拉巴拉线上,婴童,梭织,梭织外套,2022,Q1,0,1,2022-09-14 15:18:40,2023-01-08 14:33:19
1569948731812409756,1,1557595275210584065,0003000608,巴拉巴拉,巴拉巴拉线上,非婴童,梭织,梭织外套,2022,Q1,0,1,2022-09-14 15:18:40,2023-01-08 14:33:19
1569948731812409477,1,1542110691723374593,0003000608,巴拉巴拉,巴拉巴拉线上,非婴童,梭织,梭织裙子,2022,Q1,0,1,2022-09-14 15:18:40,2023-01-08 14:33:19
1569948731808215132,1,92,0003000608,巴拉巴拉,巴拉巴拉线下,婴童,梭织,梭织外套,2022,Q1,0,1,2022-09-14 15:18:40,2023-01-08 14:33:19
1569948731808215190,1,150,0003000608,巴拉巴拉,巴拉巴拉线下,非婴童,梭织,梭织外套,2022,Q1,0,1,2022-09-14 15:18:40,2023-01-08 14:33:19
1569948731812409571,1,1542110692688064513,0003000608,巴拉巴拉,巴拉巴拉线下,非婴童,梭织,梭织裙子,2022,Q1,0,1,2022-09-14 15:18:40,2023-01-08 14:33:19
1569948731808215100,1,60,0003000610,巴拉巴拉,巴拉巴拉线上,非婴童,针织,针织大类,2022,Q1,0,1,2022-09-14 15:18:40,2023-01-08 14:33:19
1569948731812409678,1,1557595274170396674,0003000611,巴拉巴拉,巴拉巴拉线上,婴童,毛织,毛织大类,2022,Q1,0,1,2022-09-14 15:18:40,2023-01-08 14:33:19
1569948731808215110,1,70,0003000611,巴拉巴拉,巴拉巴拉线上,非婴童,毛织,毛织大类,2022,Q1,0,1,2022-09-14 15:18:40,2023-01-08 14:33:19
1569948731808215173,1,133,0003000611,巴拉巴拉,巴拉巴拉线下,婴童,毛织,毛织大类,2022,Q1,0,1,2022-09-14 15:18:40,2023-01-08 14:33:19
1569948731808215245,1,205,0003000611,巴拉巴拉,巴拉巴拉线下,非婴童,毛织,毛织大类,2022,Q1,0,1,2022-09-14 15:18:40,2023-01-08 14:33:19
1569948731812409492,1,1542110691865980930,0003000612,巴拉巴拉,巴拉巴拉线上,婴童,梭织,梭织裤子,2022,Q1,0,1,2022-09-14 15:18:40,2023-01-08 14:33:19
1569948731812409631,1,1542110693266878466,0003000612,巴拉巴拉,巴拉巴拉线上,非婴童,梭织,梭织裤子,2022,Q1,0,1,2022-09-14 15:18:40,2023-01-08 14:33:19
1569948731812409511,1,1542110692050530305,0003000612,巴拉巴拉,巴拉巴拉线下,婴童,梭织,梭织外套,2022,Q1,0,1,2022-09-14 15:18:40,2023-01-08 14:33:19
1569948731808215158,1,118,0003000612,巴拉巴拉,巴拉巴拉线下,婴童,梭织,梭织裤子,2022,Q1,0,1,2022-09-14 15:18:40,2023-01-08 14:33:19
1569948731812409617,1,1542110693157826562,0003000612,巴拉巴拉,巴拉巴拉线下,非婴童,梭织,梭织外套,2022,Q1,0,1,2022-09-14 15:18:40,2023-01-08 14:33:19
1569948731808215223,1,183,0003000612,巴拉巴拉,巴拉巴拉线下,非婴童,梭织,梭织裤子,2022,Q1,0,1,2022-09-14 15:18:40,2023-01-08 14:33:19
1569948731808215049,1,9,0003000615,巴拉巴拉,巴拉巴拉线上,婴童,针织,针织大类,2022,Q1,0,1,2022-09-14 15:18:40,2023-01-08 14:33:19
1569948731808215097,1,57,0003000615,巴拉巴拉,巴拉巴拉线上,非婴童,针织,针织大类,2022,Q1,0,1,2022-09-14 15:18:40,2023-01-08 14:33:19
1569948731808215128,1,88,0003000615,巴拉巴拉,巴拉巴拉线下,婴童,针织,针织大类,2022,Q1,0,1,2022-09-14 15:18:40,2023-01-08 14:33:19
1569948731808215186,1,146,0003000615,巴拉巴拉,巴拉巴拉线下,非婴童,针织,针织大类,2022,Q1,0,1,2022-09-14 15:18:40,2023-01-08 14:33:19
1569948731808215363,1,325,0003000617,Mini巴拉,Mini巴拉线上,非婴童,毛织,毛织大类,2022,Q1,0,1,2022-09-14 15:18:40,2023-01-08 14:33:19
1569948731808215070,1,30,0003000617,巴拉巴拉,巴拉巴拉线上,婴童,毛织,毛织大类,2022,Q1,0,1,2022-09-14 15:18:40,2023-01-08 14:33:19
1569948731808215105,1,65,0003000617,巴拉巴拉,巴拉巴拉线上,非婴童,毛织,毛织大类,2022,Q1,0,1,2022-09-14 15:18:40,2023-01-08 14:33:19
1569948731808215168,1,128,0003000617,巴拉巴拉,巴拉巴拉线下,婴童,毛织,毛织大类,2022,Q1,0,1,2022-09-14 15:18:40,2023-01-08 14:33:19
1569948731808215240,1,200,0003000617,巴拉巴拉,巴拉巴拉线下,非婴童,毛织,毛织大类,2022,Q1,0,1,2022-09-14 15:18:40,2023-01-08 14:33:19
1569948731808215339,1,300,0003000619,Mini巴拉,Mini巴拉线上,非婴童,针织,针织大类,2022,Q1,0,1,2022-09-14 15:18:40,2023-01-08 14:33:19
1569948731808215093,1,53,0003000619,巴拉巴拉,巴拉巴拉线上,非婴童,针织,针织大类,2022,Q1,0,1,2022-09-14 15:18:40,2023-01-08 14:33:19
1569948731808215182,1,142,0003000619,巴拉巴拉,巴拉巴拉线下,非婴童,针织,针织大类,2022,Q1,0,1,2022-09-14 15:18:40,2023-01-08 14:33:19
1569948731812409456,1,1542110691480104962,0003000619,森马,森马线下,非婴童,针织,针织大类,2022,Q1,0,1,2022-09-14 15:18:40,2023-01-08 14:33:19
1569948731808215045,1,5,0003000627,巴拉巴拉,巴拉巴拉线上,婴童,针织,针织大类,2022,Q1,0,1,2022-09-14 15:18:40,2023-01-08 14:33:19
1569948731808215125,1,85,0003000627,巴拉巴拉,巴拉巴拉线下,婴童,针织,针织大类,2022,Q1,0,1,2022-09-14 15:18:40,2023-01-08 14:33:19
1569948731812409720,1,1557595274724044801,0003000627,马卡乐,马卡乐线下,婴童,针织,针织大类,2022,Q1,0,1,2022-09-14 15:18:40,2023-01-08 14:33:19
1595698612258534122,1,1592448332205191169,0003000629,巴拉巴拉,巴拉巴拉线下,婴童,针织,针织大类,2022,Q1,0,1,2022-11-24 16:39:30,2023-01-08 14:33:19
1569948731808215146,1,106,0003000630,巴拉巴拉,巴拉巴拉线下,婴童,梭织,梭织外套,2022,Q1,0,1,2022-09-14 15:18:40,2023-01-08 14:33:19
1569948731808215206,1,166,0003000630,巴拉巴拉,巴拉巴拉线下,非婴童,梭织,梭织外套,2022,Q1,0,1,2022-09-14 15:18:40,2023-01-08 14:33:19
1569948731808215310,1,270,0003000630,森马,森马线下,非婴童,梭织,梭织外套,2022,Q1,0,1,2022-09-14 15:18:40,2023-01-08 14:33:19
1585937681878151720,1,1585906614148329474,0003000651,Mini巴拉,Mini巴拉线上,婴童,梭织,梭织外套,2022,Q1,0,1,2022-10-28 18:13:03,2023-01-08 14:33:19
1585937681878151832,1,1585906615347900418,0003000651,Mini巴拉,Mini巴拉线上,婴童,梭织,梭织婴童,2022,Q1,0,1,2022-10-28 18:13:03,2023-01-08 14:33:19
1585937681878151852,1,1585906615599558658,0003000651,Mini巴拉,Mini巴拉线上,婴童,梭织,梭织裙子,2022,Q1,0,1,2022-10-28 18:13:03,2023-01-08 14:33:19
1585937681878151839,1,1585906615423397889,0003000651,Mini巴拉,Mini巴拉线上,婴童,梭织,梭织裤子,2022,Q1,0,1,2022-10-28 18:13:03,2023-01-08 14:33:19
1569948731808215349,1,310,0003000651,Mini巴拉,Mini巴拉线上,非婴童,梭织,梭织外套,2022,Q1,0,1,2022-09-14 15:18:40,2023-01-08 14:33:19
1569948731812409367,1,1542110690548969473,0003000651,Mini巴拉,Mini巴拉线上,非婴童,梭织,梭织婴童,2022,Q1,0,1,2022-09-14 15:18:40,2023-01-08 14:33:19
1569948731812409536,1,1542110692339937281,0003000651,Mini巴拉,Mini巴拉线上,非婴童,梭织,梭织裙子,2022,Q1,0,1,2022-09-14 15:18:40,2023-01-08 14:33:19
1569948731812409597,1,1542110692964888578,0003000651,Mini巴拉,Mini巴拉线上,非婴童,梭织,梭织裤子,2022,Q1,0,1,2022-09-14 15:18:40,2023-01-08 14:33:19
1569948731812409660,1,1542110693518536706,0003000651,巴拉巴拉,巴拉巴拉线上,婴童,梭织,梭织外套,2022,Q1,0,1,2022-09-14 15:18:40,2023-01-08 14:33:19
1569948731812409516,1,1542110692084084738,0003000651,巴拉巴拉,巴拉巴拉线上,婴童,梭织,梭织婴童,2022,Q1,0,1,2022-09-14 15:18:40,2023-01-08 14:33:19
1569948731812409430,1,1542110691232641026,0003000651,巴拉巴拉,巴拉巴拉线上,婴童,梭织,梭织裙子,2022,Q1,0,1,2022-09-14 15:18:40,2023-01-08 14:33:19
1569948731812409632,1,1542110693275267075,0003000651,巴拉巴拉,巴拉巴拉线上,婴童,梭织,梭织裤子,2022,Q1,0,1,2022-09-14 15:18:40,2023-01-08 14:33:19
1569948731808215078,1,38,0003000651,巴拉巴拉,巴拉巴拉线上,非婴童,梭织,梭织外套,2022,Q1,0,1,2022-09-14 15:18:40,2023-01-08 14:33:19
1569948731812409551,1,1542110692478349313,0003000651,巴拉巴拉,巴拉巴拉线上,非婴童,梭织,梭织裙子,2022,Q1,0,1,2022-09-14 15:18:40,2023-01-08 14:33:19
1569948731812409494,1,1542110691874369538,0003000651,巴拉巴拉,巴拉巴拉线上,非婴童,梭织,梭织裤子,2022,Q1,0,1,2022-09-14 15:18:40,2023-01-08 14:33:19
1569948731812409549,1,1542110692465766401,0003000651,巴拉巴拉,巴拉巴拉线下,婴童,梭织,梭织外套,2022,Q1,0,1,2022-09-14 15:18:40,2023-01-08 14:33:19
1569948731812409356,1,1542110690406363137,0003000651,巴拉巴拉,巴拉巴拉线下,婴童,梭织,梭织婴童,2022,Q1,0,1,2022-09-14 15:18:40,2023-01-08 14:33:19
1569948731812409543,1,1542110692398657538,0003000651,巴拉巴拉,巴拉巴拉线下,婴童,梭织,梭织裙子,2022,Q1,0,1,2022-09-14 15:18:40,2023-01-08 14:33:19
1569948731812409397,1,1542110690876125185,0003000651,巴拉巴拉,巴拉巴拉线下,婴童,梭织,梭织裤子,2022,Q1,0,1,2022-09-14 15:18:40,2023-01-08 14:33:19
1569948731808215207,1,167,0003000651,巴拉巴拉,巴拉巴拉线下,非婴童,梭织,梭织外套,2022,Q1,0,1,2022-09-14 15:18:40,2023-01-08 14:33:19
1569948731812409357,1,1542110690423140353,0003000651,巴拉巴拉,巴拉巴拉线下,非婴童,梭织,梭织裙子,2022,Q1,0,1,2022-09-14 15:18:40,2023-01-08 14:33:19
1569948731812409361,1,1542110690481860609,0003000651,巴拉巴拉,巴拉巴拉线下,非婴童,梭织,梭织裤子,2022,Q1,0,1,2022-09-14 15:18:40,2023-01-08 14:33:19
1575691770061189473,1,1575653089854156801,0003000655,Mini巴拉,Mini巴拉线上,婴童,针织,针织大类,2022,Q1,0,1,2022-09-30 11:39:27,2023-01-08 14:33:19
1569948731808215344,1,305,0003000655,Mini巴拉,Mini巴拉线上,非婴童,针织,针织大类,2022,Q1,0,1,2022-09-14 15:18:40,2023-01-08 14:33:19
1575691770061189493,1,1575653090135175170,0003000657,Mini巴拉,Mini巴拉线上,婴童,针织,针织大类,2022,Q1,0,1,2022-09-30 11:39:27,2023-01-08 14:33:19
1569948731808215345,1,306,0003000657,Mini巴拉,Mini巴拉线上,非婴童,针织,针织大类,2022,Q1,0,1,2022-09-14 15:18:40,2023-01-08 14:33:19
1575691770061189464,1,1575653089732521986,0003000658,Mini巴拉,Mini巴拉线上,婴童,针织,针织大类,2022,Q1,0,1,2022-09-30 11:39:27,2023-01-08 14:33:19
1569948731812409459,1,1542110691526242306,0003000658,Mini巴拉,Mini巴拉线上,非婴童,梭织,梭织外套,2022,Q1,0,1,2022-09-14 15:18:40,2023-01-08 14:33:19
1569948731808215348,1,309,0003000658,Mini巴拉,Mini巴拉线上,非婴童,针织,针织大类,2022,Q1,0,1,2022-09-14 15:18:40,2023-01-08 14:33:19
1569948731808215044,1,4,0003000658,巴拉巴拉,巴拉巴拉线上,婴童,针织,针织大类,2022,Q1,0,1,2022-09-14 15:18:40,2023-01-08 14:33:19
1585937681878151816,1,1585906615201099777,0003000658,巴拉巴拉,巴拉巴拉线上,非婴童,梭织,梭织外套,2022,Q1,0,1,2022-10-28 18:13:03,2023-01-08 14:33:19
1569948731812409445,1,1542110691379441666,0003000658,巴拉巴拉,巴拉巴拉线上,非婴童,针织,针织大类,2022,Q1,0,1,2022-09-14 15:18:40,2023-01-08 14:33:19
1569948731812409737,1,1557595274975703041,0003000658,巴拉巴拉,巴拉巴拉线下,婴童,梭织,梭织外套,2022,Q1,0,1,2022-09-14 15:18:40,2023-01-08 14:33:19
1569948731812409684,1,1557595274271059970,0003000658,巴拉巴拉,巴拉巴拉线下,婴童,梭织,梭织婴童,2022,Q1,0,1,2022-09-14 15:18:40,2023-01-08 14:33:19
1569948731808215124,1,84,0003000658,巴拉巴拉,巴拉巴拉线下,婴童,针织,针织大类,2022,Q1,0,1,2022-09-14 15:18:40,2023-01-08 14:33:19
1569948731812409677,1,1557595274166202369,0003000658,巴拉巴拉,巴拉巴拉线下,非婴童,梭织,梭织外套,2022,Q1,0,1,2022-09-14 15:18:40,2023-01-08 14:33:19
1569948731812409704,1,1557595274497552386,0003000658,巴拉巴拉,巴拉巴拉线下,非婴童,梭织,梭织裙子,2022,Q1,0,1,2022-09-14 15:18:40,2023-01-08 14:33:19
1569948731808215179,1,139,0003000658,巴拉巴拉,巴拉巴拉线下,非婴童,针织,针织大类,2022,Q1,0,1,2022-09-14 15:18:40,2023-01-08 14:33:19
1569948731808215048,1,8,0003000659,巴拉巴拉,巴拉巴拉线上,婴童,针织,针织大类,2022,Q1,0,1,2022-09-14 15:18:40,2023-01-08 14:33:19
1569948731812409469,1,1542110691626905601,0003000659,巴拉巴拉,巴拉巴拉线上,非婴童,针织,针织大类,2022,Q1,0,1,2022-09-14 15:18:40,2023-01-08 14:33:19
1569948731808215119,1,79,0003000659,巴拉巴拉,巴拉巴拉线下,婴童,针织,针织大类,2022,Q1,0,1,2022-09-14 15:18:40,2023-01-08 14:33:19
1569948731812409574,1,1542110692725813249,0003000659,巴拉巴拉,巴拉巴拉线下,非婴童,针织,针织大类,2022,Q1,0,1,2022-09-14 15:18:40,2023-01-08 14:33:19
1569948731812409486,1,1542110691798872065,0003000659,马卡乐,马卡乐线下,婴童,针织,针织大类,2022,Q1,0,1,2022-09-14 15:18:40,2023-01-08 14:33:19
1569948731808215369,1,331,0003000659,马卡乐,马卡乐线下,非婴童,针织,针织大类,2022,Q1,0,1,2022-09-14 15:18:40,2023-01-08 14:33:19
1575691770061189489,1,1575653090084843522,0003000660,Mini巴拉,Mini巴拉线上,婴童,梭织,梭织外套,2022,Q1,0,1,2022-09-30 11:39:27,2023-01-08 14:33:19
1569948731808215355,1,316,0003000660,Mini巴拉,Mini巴拉线上,非婴童,梭织,梭织外套,2022,Q1,0,1,2022-09-14 15:18:40,2023-01-08 14:33:19
1569948731812409747,1,1557595275122503681,0003000660,巴拉巴拉,巴拉巴拉线上,婴童,梭织,梭织外套,2022,Q1,0,1,2022-09-14 15:18:40,2023-01-08 14:33:19
1569948731808215079,1,39,0003000660,巴拉巴拉,巴拉巴拉线上,非婴童,梭织,梭织外套,2022,Q1,0,1,2022-09-14 15:18:40,2023-01-08 14:33:19
1569948731808215354,1,315,0003000661,Mini巴拉,Mini巴拉线上,非婴童,梭织,梭织外套,2022,Q1,0,1,2022-09-14 15:18:40,2023-01-08 14:33:19
1569948731812409614,1,1542110693115883521,0003000661,巴拉巴拉,巴拉巴拉线上,婴童,梭织,梭织外套,2022,Q1,0,1,2022-09-14 15:18:40,2023-01-08 14:33:19
1595698612258534139,1,1595338960278712321,0003000661,巴拉巴拉,巴拉巴拉线上,婴童,梭织,梭织裙子,2022,Q1,0,1,2022-11-24 16:39:30,2023-01-08 14:33:19
1569948731812409562,1,1542110692579012609,0003000661,巴拉巴拉,巴拉巴拉线上,婴童,梭织,梭织裤子,2022,Q1,0,1,2022-09-14 15:18:40,2023-01-08 14:33:19
1569948731808215087,1,47,0003000661,巴拉巴拉,巴拉巴拉线上,非婴童,梭织,梭织外套,2022,Q1,0,1,2022-09-14 15:18:40,2023-01-08 14:33:19
1569948731812409760,1,1557595275281887234,0003000661,巴拉巴拉,巴拉巴拉线上,非婴童,梭织,梭织裙子,2022,Q1,0,1,2022-09-14 15:18:40,2023-01-08 14:33:19
1569948731808215422,1,1542110690179870721,0003000661,巴拉巴拉,巴拉巴拉线上,非婴童,梭织,梭织裤子,2022,Q1,0,1,2022-09-14 15:18:40,2023-01-08 14:33:19
1569948731812409714,1,1557595274644353025,0003000661,巴拉巴拉,巴拉巴拉线下,婴童,梭织,梭织外套,2022,Q1,0,1,2022-09-14 15:18:40,2023-01-08 14:33:19
1569948731812409353,1,1542110690393780227,0003000661,巴拉巴拉,巴拉巴拉线下,婴童,梭织,梭织裙子,2022,Q1,0,1,2022-09-14 15:18:40,2023-01-08 14:33:19
1569948731812409348,1,1542110690305699841,0003000661,巴拉巴拉,巴拉巴拉线下,婴童,梭织,梭织裤子,2022,Q1,0,1,2022-09-14 15:18:40,2023-01-08 14:33:19
1569948731808215221,1,181,0003000661,巴拉巴拉,巴拉巴拉线下,非婴童,梭织,梭织外套,2022,Q1,0,1,2022-09-14 15:18:40,2023-01-08 14:33:19
1569948731812409569,1,1542110692679675906,0003000661,巴拉巴拉,巴拉巴拉线下,非婴童,梭织,梭织裙子,2022,Q1,0,1,2022-09-14 15:18:40,2023-01-08 14:33:19
1569948731812409671,1,1542110693635977218,0003000661,巴拉巴拉,巴拉巴拉线下,非婴童,梭织,梭织裤子,2022,Q1,0,1,2022-09-14 15:18:40,2023-01-08 14:33:19
1569948731808215203,1,163,0003000662,巴拉巴拉,巴拉巴拉线下,非婴童,梭织,梭织外套,2022,Q1,0,1,2022-09-14 15:18:40,2023-01-08 14:33:19
1569948731812409435,1,1542110691282972674,0003000662,巴拉巴拉,巴拉巴拉线下,非婴童,梭织,梭织裙子,2022,Q1,0,1,2022-09-14 15:18:40,2023-01-08 14:33:19
1569948731812409642,1,1542110693354958849,0003000662,巴拉巴拉,巴拉巴拉线下,非婴童,梭织,梭织裤子,2022,Q1,0,1,2022-09-14 15:18:40,2023-01-08 14:33:19
1575691770061189487,1,1575653090034511873,0003000664,Mini巴拉,Mini巴拉线上,婴童,梭织,梭织外套,2022,Q1,0,1,2022-09-30 11:39:27,2023-01-08 14:33:19
1585937681878151765,1,1585906614634868737,0003000664,Mini巴拉,Mini巴拉线上,婴童,梭织,梭织婴童,2022,Q1,0,1,2022-10-28 18:13:03,2023-01-08 14:33:19
1585937681878151726,1,1585906614211244033,0003000664,Mini巴拉,Mini巴拉线上,婴童,梭织,梭织裙子,2022,Q1,0,1,2022-10-28 18:13:03,2023-01-08 14:33:19
1595698612258534169,1,1595603580155392001,0003000664,Mini巴拉,Mini巴拉线上,婴童,梭织,梭织裤子,2022,Q1,0,1,2022-11-24 16:39:30,2023-01-08 14:33:19
1575691770061189462,1,1575653089711550465,0003000664,Mini巴拉,Mini巴拉线上,婴童,针织,针织大类,2022,Q1,0,1,2022-09-30 11:39:27,2023-01-08 14:33:19
1569948731808215357,1,319,0003000664,Mini巴拉,Mini巴拉线上,非婴童,梭织,梭织外套,2022,Q1,0,1,2022-09-14 15:18:40,2023-01-08 14:33:19
1569948731812409513,1,1542110692063113217,0003000664,Mini巴拉,Mini巴拉线上,非婴童,梭织,梭织裤子,2022,Q1,0,1,2022-09-14 15:18:40,2023-01-08 14:33:19
1595698612258534113,1,1592448331953532930,0003000664,Mini巴拉,Mini巴拉线上,非婴童,针织,针织大类,2022,Q1,0,1,2022-11-24 16:39:30,2023-01-08 14:33:19
1569948731812409683,1,1557595274254282753,0003000664,巴拉巴拉,巴拉巴拉线上,婴童,针织,针织大类,2022,Q1,0,1,2022-09-14 15:18:40,2023-01-08 14:33:19
1569948731812409693,1,1557595274363334657,0003000664,巴拉巴拉,巴拉巴拉线上,非婴童,梭织,梭织外套,2022,Q1,0,1,2022-09-14 15:18:40,2023-01-08 14:33:19
1569948731812409746,1,1557595275109920770,0003000664,巴拉巴拉,巴拉巴拉线上,非婴童,梭织,梭织裙子,2022,Q1,0,1,2022-09-14 15:18:40,2023-01-08 14:33:19
1569948731812409740,1,1557595275021840386,0003000664,巴拉巴拉,巴拉巴拉线上,非婴童,针织,针织大类,2022,Q1,0,1,2022-09-14 15:18:40,2023-01-08 14:33:19
1595698612258534162,1,1595603580067311617,0003000664,巴拉巴拉,巴拉巴拉线下,非婴童,梭织,梭织外套,2022,Q1,0,1,2022-11-24 16:39:30,2023-01-08 14:33:19
1595698612258534135,1,1595338960228380673,0003000664,巴拉巴拉,巴拉巴拉线下,非婴童,针织,针织大类,2022,Q1,0,1,2022-11-24 16:39:30,2023-01-08 14:33:19
1569948731812409685,1,1557595274279448577,0003000664,马卡乐,马卡乐线下,婴童,梭织,梭织外套,2022,Q1,0,1,2022-09-14 15:18:40,2023-01-08 14:33:19
1569948731812409546,1,1542110692432211970,0003000664,马卡乐,马卡乐线下,婴童,梭织,梭织裙子,2022,Q1,0,1,2022-09-14 15:18:40,2023-01-08 14:33:19
1569948731812409510,1,1542110692037947394,0003000664,马卡乐,马卡乐线下,婴童,梭织,梭织裤子,2022,Q1,0,1,2022-09-14 15:18:40,2023-01-08 14:33:19
1569948731808215390,1,354,0003000664,马卡乐,马卡乐线下,非婴童,梭织,梭织外套,2022,Q1,0,1,2022-09-14 15:18:40,2023-01-08 14:33:19
1569948731812409441,1,1542110691341692931,0003000664,马卡乐,马卡乐线下,非婴童,梭织,梭织裙子,2022,Q1,0,1,2022-09-14 15:18:40,2023-01-08 14:33:19
1569948731812409688,1,1557595274317197314,0003000664,马卡乐,马卡乐线下,非婴童,梭织,梭织裤子,2022,Q1,0,1,2022-09-14 15:18:40,2023-01-08 14:33:19
1569948731812409691,1,1557595274346557441,0003000664,马卡乐,马卡乐线下,非婴童,针织,针织大类,2022,Q1,0,1,2022-09-14 15:18:40,2023-01-08 14:33:19
1569948731812409681,1,1557595274220728322,0003000666,巴拉巴拉,巴拉巴拉线上,非婴童,梭织,梭织外套,2022,Q1,0,1,2022-09-14 15:18:40,2023-01-08 14:33:19
1569948731812409753,1,1557595275181223937,0003000666,巴拉巴拉,巴拉巴拉线上,非婴童,梭织,梭织裤子,2022,Q1,0,1,2022-09-14 15:18:40,2023-01-08 14:33:19
1569948731808215134,1,94,0003000666,巴拉巴拉,巴拉巴拉线下,婴童,梭织,梭织外套,2022,Q1,0,1,2022-09-14 15:18:40,2023-01-08 14:33:19
1569948731808215135,1,95,0003000666,巴拉巴拉,巴拉巴拉线下,婴童,梭织,梭织婴童,2022,Q1,0,1,2022-09-14 15:18:40,2023-01-08 14:33:19
1569948731812409545,1,1542110692423823361,0003000666,巴拉巴拉,巴拉巴拉线下,非婴童,梭织,梭织外套,2022,Q1,0,1,2022-09-14 15:18:40,2023-01-08 14:33:19
1569948731812409402,1,1542110690947428354,0003000666,巴拉巴拉,巴拉巴拉线下,非婴童,梭织,梭织裤子,2022,Q1,0,1,2022-09-14 15:18:40,2023-01-08 14:33:19
1569948731808215420,1,1542110690150510594,0003000666,马卡乐,马卡乐线下,婴童,梭织,梭织外套,2022,Q1,0,1,2022-09-14 15:18:40,2023-01-08 14:33:19
1569948731812409573,1,1542110692713230338,0003000666,马卡乐,马卡乐线下,婴童,梭织,梭织婴童,2022,Q1,0,1,2022-09-14 15:18:40,2023-01-08 14:33:19
1569948731812409515,1,1542110692079890433,0003000666,马卡乐,马卡乐线下,婴童,梭织,梭织裤子,2022,Q1,0,1,2022-09-14 15:18:40,2023-01-08 14:33:19
1569948731808215388,1,352,0003000666,马卡乐,马卡乐线下,非婴童,梭织,梭织外套,2022,Q1,0,1,2022-09-14 15:18:40,2023-01-08 14:33:19
1569948731812409479,1,1542110691748540418,0003000666,马卡乐,马卡乐线下,非婴童,梭织,梭织裤子,2022,Q1,0,1,2022-09-14 15:18:40,2023-01-08 14:33:19
1575691770061189476,1,1575653089891905538,0003000668,Mini巴拉,Mini巴拉线上,婴童,针织,针织大类,2022,Q1,0,1,2022-09-30 11:39:27,2023-01-08 14:33:19
1569948731808215343,1,304,0003000668,Mini巴拉,Mini巴拉线上,非婴童,针织,针织大类,2022,Q1,0,1,2022-09-14 15:18:40,2023-01-08 14:33:19
1569948731808215046,1,6,0003000668,巴拉巴拉,巴拉巴拉线上,婴童,针织,针织大类,2022,Q1,0,1,2022-09-14 15:18:40,2023-01-08 14:33:19
1569948731812409473,1,1542110691677237250,0003000668,巴拉巴拉,巴拉巴拉线上,非婴童,针织,针织大类,2022,Q1,0,1,2022-09-14 15:18:40,2023-01-08 14:33:19
1569948731808215126,1,86,0003000668,巴拉巴拉,巴拉巴拉线下,婴童,针织,针织大类,2022,Q1,0,1,2022-09-14 15:18:40,2023-01-08 14:33:19
1569948731808215180,1,140,0003000668,巴拉巴拉,巴拉巴拉线下,非婴童,针织,针织大类,2022,Q1,0,1,2022-09-14 15:18:40,2023-01-08 14:33:19
1569948731812409404,1,1542110690972594177,0003000668,马卡乐,马卡乐线下,婴童,针织,针织大类,2022,Q1,0,1,2022-09-14 15:18:40,2023-01-08 14:33:19
1569948731808215367,1,329,0003000668,马卡乐,马卡乐线下,非婴童,针织,针织大类,2022,Q1,0,1,2022-09-14 15:18:40,2023-01-08 14:33:19
1569948731808215403,1,1542110689924018178,0003000674,巴拉巴拉,巴拉巴拉线上,婴童,梭织,梭织外套,2022,Q1,0,1,2022-09-14 15:18:40,2023-01-08 14:33:19
1569948731808215052,1,12,0003000674,巴拉巴拉,巴拉巴拉线上,婴童,梭织,梭织婴童,2022,Q1,0,1,2022-09-14 15:18:40,2023-01-08 14:33:19
1569948731808215051,1,11,0003000674,巴拉巴拉,巴拉巴拉线上,婴童,梭织,梭织裙子,2022,Q1,0,1,2022-09-14 15:18:40,2023-01-08 14:33:19
1569948731812409728,1,1557595274816319490,0003000674,巴拉巴拉,巴拉巴拉线上,婴童,梭织,梭织裤子,2022,Q1,0,1,2022-09-14 15:18:40,2023-01-08 14:33:19
1569948731808215073,1,33,0003000674,巴拉巴拉,巴拉巴拉线上,非婴童,梭织,梭织外套,2022,Q1,0,1,2022-09-14 15:18:40,2023-01-08 14:33:19
1569948731812409541,1,1542110692390268930,0003000674,巴拉巴拉,巴拉巴拉线上,非婴童,梭织,梭织裙子,2022,Q1,0,1,2022-09-14 15:18:40,2023-01-08 14:33:19
1569948731812409593,1,1542110692910362625,0003000674,巴拉巴拉,巴拉巴拉线上,非婴童,梭织,梭织裤子,2022,Q1,0,1,2022-09-14 15:18:40,2023-01-08 14:33:19
1569948731808215137,1,97,0003000674,巴拉巴拉,巴拉巴拉线下,婴童,梭织,梭织外套,2022,Q1,0,1,2022-09-14 15:18:40,2023-01-08 14:33:19
1569948731808215138,1,98,0003000674,巴拉巴拉,巴拉巴拉线下,婴童,梭织,梭织婴童,2022,Q1,0,1,2022-09-14 15:18:40,2023-01-08 14:33:19
1569948731812409582,1,1542110692776144898,0003000674,巴拉巴拉,巴拉巴拉线下,婴童,梭织,梭织裙子,2022,Q1,0,1,2022-09-14 15:18:40,2023-01-08 14:33:19
1569948731812409394,1,1542110690846765058,0003000674,巴拉巴拉,巴拉巴拉线下,非婴童,梭织,梭织外套,2022,Q1,0,1,2022-09-14 15:18:40,2023-01-08 14:33:19
1569948731808215433,1,1542110690276339715,0003000674,巴拉巴拉,巴拉巴拉线下,非婴童,梭织,梭织裙子,2022,Q1,0,1,2022-09-14 15:18:40,2023-01-08 14:33:19
1569948731812409440,1,1542110691341692930,0003000674,巴拉巴拉,巴拉巴拉线下,非婴童,梭织,梭织裤子,2022,Q1,0,1,2022-09-14 15:18:40,2023-01-08 14:33:19
1569948731808215311,1,271,0003000674,森马,森马线上,非婴童,梭织,梭织外套,2022,Q1,0,1,2022-09-14 15:18:40,2023-01-08 14:33:19
1569948731812409514,1,1542110692075696129,0003000674,森马,森马线上,非婴童,梭织,梭织衬衫,2022,Q1,0,1,2022-09-14 15:18:40,2023-01-08 14:33:19
1569948731812409542,1,1542110692398657537,0003000674,森马,森马线上,非婴童,梭织,梭织裙子,2022,Q1,0,1,2022-09-14 15:18:40,2023-01-08 14:33:19
1569948731812409697,1,1557595274405277698,0003000674,森马,森马线上,非婴童,梭织,梭织裤子,2022,Q1,0,1,2022-09-14 15:18:40,2023-01-08 14:33:19
1569948731812409451,1,1542110691438161922,0003000674,森马,森马线下,非婴童,梭织,梭织衬衫,2022,Q1,0,1,2022-09-14 15:18:40,2023-01-08 14:33:19
1595698612258534152,1,1595603579874373633,0003000674,森马,森马线下,非婴童,梭织,梭织裙子,2022,Q1,0,1,2022-11-24 16:39:30,2023-01-08 14:33:19
1569948731812409374,1,1542110690637049858,0003000674,森马,森马线下,非婴童,梭织,梭织裤子,2022,Q1,0,1,2022-09-14 15:18:40,2023-01-08 14:33:19
1585937681878151768,1,1585906614664228866,0003000676,Mini巴拉,Mini巴拉线上,婴童,针织,针织大类,2022,Q1,0,1,2022-10-28 18:13:03,2023-01-08 14:33:19
1569948731808215347,1,308,0003000676,Mini巴拉,Mini巴拉线上,非婴童,针织,针织大类,2022,Q1,0,1,2022-09-14 15:18:40,2023-01-08 14:33:19
1575691770061189483,1,1575653090005151745,0003000678,Mini巴拉,Mini巴拉线上,婴童,针织,针织大类,2022,Q1,0,1,2022-09-30 11:39:27,2023-01-08 14:33:19
1569948731808215346,1,307,0003000678,Mini巴拉,Mini巴拉线上,非婴童,针织,针织大类,2022,Q1,0,1,2022-09-14 15:18:40,2023-01-08 14:33:19
1569948731808215043,1,3,0003000680,巴拉巴拉,巴拉巴拉线上,婴童,针织,针织大类,2022,Q1,0,1,2022-09-14 15:18:40,2023-01-08 14:33:19
1569948731812409375,1,1542110690645438466,0003000680,巴拉巴拉,巴拉巴拉线上,非婴童,针织,针织大类,2022,Q1,0,1,2022-09-14 15:18:40,2023-01-08 14:33:19
1595698612258534160,1,1595603580037951489,0003000680,巴拉巴拉,巴拉巴拉线下,婴童,梭织,梭织婴童,2022,Q1,0,1,2022-11-24 16:39:30,2023-01-08 14:33:19
1569948731808215123,1,83,0003000680,巴拉巴拉,巴拉巴拉线下,婴童,针织,针织大类,2022,Q1,0,1,2022-09-14 15:18:40,2023-01-08 14:33:19
1595698612258534161,1,1595603580050534401,0003000680,巴拉巴拉,巴拉巴拉线下,非婴童,梭织,梭织裙子,2022,Q1,0,1,2022-11-24 16:39:30,2023-01-08 14:33:19
1569948731812409521,1,1542110692146999298,0003000680,巴拉巴拉,巴拉巴拉线下,非婴童,针织,针织大类,2022,Q1,0,1,2022-09-14 15:18:40,2023-01-08 14:33:19
1569948731808215430,1,1542110690246979586,0003000680,马卡乐,马卡乐线下,婴童,梭织,梭织外套,2022,Q1,0,1,2022-09-14 15:18:40,2023-01-08 14:33:19
1569948731812409763,1,1557595275315441666,0003000680,马卡乐,马卡乐线下,婴童,梭织,梭织裤子,2022,Q1,0,1,2022-09-14 15:18:40,2023-01-08 14:33:19
1569948731812409695,1,1557595274388500481,0003000680,马卡乐,马卡乐线下,婴童,针织,针织大类,2022,Q1,0,1,2022-09-14 15:18:40,2023-01-08 14:33:19
1569948731812409564,1,1542110692633538561,0003000680,马卡乐,马卡乐线下,非婴童,梭织,梭织外套,2022,Q1,0,1,2022-09-14 15:18:40,2023-01-08 14:33:19
1595698612258534141,1,1595338960291295234,0003000680,马卡乐,马卡乐线下,非婴童,梭织,梭织裙子,2022,Q1,0,1,2022-11-24 16:39:30,2023-01-08 14:33:19
1569948731812409436,1,1542110691299749891,0003000680,马卡乐,马卡乐线下,非婴童,梭织,梭织裤子,2022,Q1,0,1,2022-09-14 15:18:40,2023-01-08 14:33:19
1569948731808215368,1,330,0003000680,马卡乐,马卡乐线下,非婴童,针织,针织大类,2022,Q1,0,1,2022-09-14 15:18:40,2023-01-08 14:33:19
1569948731812409586,1,1542110692830670849,0003000681,巴拉巴拉,巴拉巴拉线上,婴童,针织,针织大类,2022,Q1,0,1,2022-09-14 15:18:40,2023-01-08 14:33:19
1569948731812409449,1,1542110691417190401,0003000681,巴拉巴拉,巴拉巴拉线上,非婴童,针织,针织大类,2022,Q1,0,1,2022-09-14 15:18:40,2023-01-08 14:33:19
1569948731808215130,1,90,0003000681,巴拉巴拉,巴拉巴拉线下,婴童,针织,针织大类,2022,Q1,0,1,2022-09-14 15:18:40,2023-01-08 14:33:19
1569948731808215188,1,148,0003000681,巴拉巴拉,巴拉巴拉线下,非婴童,针织,针织大类,2022,Q1,0,1,2022-09-14 15:18:40,2023-01-08 14:33:19
1569948731808215151,1,111,0003000686,巴拉巴拉,巴拉巴拉线下,婴童,梭织,梭织外套,2022,Q1,0,1,2022-09-14 15:18:40,2023-01-08 14:33:19
1569948731808215215,1,175,0003000686,巴拉巴拉,巴拉巴拉线下,非婴童,梭织,梭织外套,2022,Q1,0,1,2022-09-14 15:18:40,2023-01-08 14:33:19
1569948731808215361,1,323,0003000691,Mini巴拉,Mini巴拉线上,非婴童,毛织,毛织大类,2022,Q1,0,1,2022-09-14 15:18:40,2023-01-08 14:33:19
1569948731808215067,1,27,0003000691,巴拉巴拉,巴拉巴拉线上,婴童,毛织,毛织大类,2022,Q1,0,1,2022-09-14 15:18:40,2023-01-08 14:33:19
1569948731808215102,1,62,0003000691,巴拉巴拉,巴拉巴拉线上,非婴童,毛织,毛织大类,2022,Q1,0,1,2022-09-14 15:18:40,2023-01-08 14:33:19
1569948731808215165,1,125,0003000691,巴拉巴拉,巴拉巴拉线下,婴童,毛织,毛织大类,2022,Q1,0,1,2022-09-14 15:18:40,2023-01-08 14:33:19
1569948731808215237,1,197,0003000691,巴拉巴拉,巴拉巴拉线下,非婴童,毛织,毛织大类,2022,Q1,0,1,2022-09-14 15:18:40,2023-01-08 14:33:19
1569948731808215194,1,154,0003000711,巴拉巴拉,巴拉巴拉线下,非婴童,梭织,梭织外套,2022,Q1,0,1,2022-09-14 15:18:40,2023-01-08 14:33:19
1569948731808215193,1,153,0003000711,巴拉巴拉,巴拉巴拉线下,非婴童,梭织,梭织裤子,2022,Q1,0,1,2022-09-14 15:18:40,2023-01-08 14:33:19
1585937681878151756,1,1585906614517428226,0003000711,森马,森马线下,非婴童,梭织,梭织裤子,2022,Q1,0,1,2022-10-28 18:13:03,2023-01-08 14:33:19
1575691770061189469,1,1575653089820602370,0003000712,Mini巴拉,Mini巴拉线上,婴童,梭织,梭织外套,2022,Q1,0,1,2022-09-30 11:39:27,2023-01-08 14:33:19
1585937681878151728,1,1585906614228021249,0003000712,Mini巴拉,Mini巴拉线上,婴童,梭织,梭织婴童,2022,Q1,0,1,2022-10-28 18:13:03,2023-01-08 14:33:19
1585937681878151796,1,1585906614957830146,0003000712,Mini巴拉,Mini巴拉线上,婴童,梭织,梭织裙子,2022,Q1,0,1,2022-10-28 18:13:03,2023-01-08 14:33:19
1585937681878151754,1,1585906614504845314,0003000712,Mini巴拉,Mini巴拉线上,婴童,梭织,梭织裤子,2022,Q1,0,1,2022-10-28 18:13:03,2023-01-08 14:33:19
1569948731808215353,1,314,0003000712,Mini巴拉,Mini巴拉线上,非婴童,梭织,梭织外套,2022,Q1,0,1,2022-09-14 15:18:40,2023-01-08 14:33:19
1569948731812409426,1,1542110691186503682,0003000712,Mini巴拉,Mini巴拉线上,非婴童,梭织,梭织婴童,2022,Q1,0,1,2022-09-14 15:18:40,2023-01-08 14:33:19
1569948731808215424,1,1542110690188259330,0003000712,Mini巴拉,Mini巴拉线上,非婴童,梭织,梭织裙子,2022,Q1,0,1,2022-09-14 15:18:40,2023-01-08 14:33:19
1569948731812409420,1,1542110691131977729,0003000712,Mini巴拉,Mini巴拉线上,非婴童,梭织,梭织裤子,2022,Q1,0,1,2022-09-14 15:18:40,2023-01-08 14:33:19
1569948731808215053,1,13,0003000712,巴拉巴拉,巴拉巴拉线上,婴童,梭织,梭织外套,2022,Q1,0,1,2022-09-14 15:18:40,2023-01-08 14:33:19
1569948731812409636,1,1542110693313015811,0003000712,巴拉巴拉,巴拉巴拉线上,婴童,梭织,梭织裙子,2022,Q1,0,1,2022-09-14 15:18:40,2023-01-08 14:33:19
1569948731812409421,1,1542110691136172034,0003000712,巴拉巴拉,巴拉巴拉线上,婴童,梭织,梭织裤子,2022,Q1,0,1,2022-09-14 15:18:40,2023-01-08 14:33:19
1569948731808215075,1,35,0003000712,巴拉巴拉,巴拉巴拉线上,非婴童,梭织,梭织外套,2022,Q1,0,1,2022-09-14 15:18:40,2023-01-08 14:33:19
1569948731812409349,1,1542110690314088450,0003000712,巴拉巴拉,巴拉巴拉线上,非婴童,梭织,梭织裙子,2022,Q1,0,1,2022-09-14 15:18:40,2023-01-08 14:33:19
1569948731812409643,1,1542110693359153154,0003000712,巴拉巴拉,巴拉巴拉线上,非婴童,梭织,梭织裤子,2022,Q1,0,1,2022-09-14 15:18:40,2023-01-08 14:33:19
1569948731808215141,1,101,0003000712,巴拉巴拉,巴拉巴拉线下,婴童,梭织,梭织外套,2022,Q1,0,1,2022-09-14 15:18:40,2023-01-08 14:33:19
1569948731812409565,1,1542110692641927170,0003000712,巴拉巴拉,巴拉巴拉线下,婴童,梭织,梭织婴童,2022,Q1,0,1,2022-09-14 15:18:40,2023-01-08 14:33:19
1569948731812409386,1,1542110690750296066,0003000712,巴拉巴拉,巴拉巴拉线下,婴童,梭织,梭织裙子,2022,Q1,0,1,2022-09-14 15:18:40,2023-01-08 14:33:19
1569948731808215199,1,159,0003000712,巴拉巴拉,巴拉巴拉线下,非婴童,梭织,梭织外套,2022,Q1,0,1,2022-09-14 15:18:40,2023-01-08 14:33:19
1569948731812409558,1,1542110692545458178,0003000712,巴拉巴拉,巴拉巴拉线下,非婴童,梭织,梭织裙子,2022,Q1,0,1,2022-09-14 15:18:40,2023-01-08 14:33:19
1569948731812409518,1,1542110692113444866,0003000712,巴拉巴拉,巴拉巴拉线下,非婴童,梭织,梭织裤子,2022,Q1,0,1,2022-09-14 15:18:40,2023-01-08 14:33:19
1575691776583332628,1,1575653089774465026,0003000924,巴拉巴拉,巴拉巴拉线上,非婴童,针织,针织大类,2022,Q1,0,1,2022-09-30 11:39:29,2023-01-08 14:33:19
1575691776583332659,1,1575653090047094785,0003000924,巴拉巴拉,巴拉巴拉线下,非婴童,针织,针织大类,2022,Q1,0,1,2022-09-30 11:39:29,2023-01-08 14:33:19
1569948731812409707,1,1557595274535301122,0003000974,马卡乐,马卡乐线下,婴童,梭织,梭织外套,2022,Q1,0,1,2022-09-14 15:18:40,2023-01-08 14:33:19
1569948731812409621,1,1542110693187186689,0003000974,马卡乐,马卡乐线下,婴童,梭织,梭织裙子,2022,Q1,0,1,2022-09-14 15:18:40,2023-01-08 14:33:19
1569948731808215377,1,341,0003000974,马卡乐,马卡乐线下,非婴童,梭织,梭织外套,2022,Q1,0,1,2022-09-14 15:18:40,2023-01-08 14:33:19
1569948731808215411,1,1542110690020487170,0003000974,马卡乐,马卡乐线下,非婴童,梭织,梭织裙子,2022,Q1,0,1,2022-09-14 15:18:40,2023-01-08 14:33:19
1569948731812409668,1,1542110693598228482,0003000974,马卡乐,马卡乐线下,非婴童,梭织,梭织裤子,2022,Q1,0,1,2022-09-14 15:18:40,2023-01-08 14:33:19
1569948731808215312,1,272,0003001022,森马,森马线上,非婴童,梭织,梭织外套,2022,Q1,0,1,2022-09-14 15:18:40,2023-01-08 14:33:19
1569948731812409701,1,1557595274468192258,0003001022,森马,森马线上,非婴童,梭织,梭织裤子,2022,Q1,0,1,2022-09-14 15:18:40,2023-01-08 14:33:19
1569948731808215313,1,273,0003001022,森马,森马线下,非婴童,梭织,梭织外套,2022,Q1,0,1,2022-09-14 15:18:40,2023-01-08 14:33:19
1569948731812409594,1,1542110692918751234,0003001022,森马,森马线下,非婴童,梭织,梭织裤子,2022,Q1,0,1,2022-09-14 15:18:40,2023-01-08 14:33:19
1569948731812409637,1,1542110693317210114,0003001172,巴拉巴拉,巴拉巴拉线上,非婴童,梭织,梭织外套,2022,Q1,0,1,2022-09-14 15:18:40,2023-01-08 14:33:19
1569948731812409474,1,1542110691681431554,0003001172,巴拉巴拉,巴拉巴拉线上,非婴童,梭织,梭织裙子,2022,Q1,0,1,2022-09-14 15:18:40,2023-01-08 14:33:19
1569948731812409603,1,1542110693015220226,0003001172,巴拉巴拉,巴拉巴拉线上,非婴童,梭织,梭织裤子,2022,Q1,0,1,2022-09-14 15:18:40,2023-01-08 14:33:19
1569948731808215145,1,105,0003001172,巴拉巴拉,巴拉巴拉线下,婴童,梭织,梭织外套,2022,Q1,0,1,2022-09-14 15:18:40,2023-01-08 14:33:19
1569948731812409447,1,1542110691396218882,0003001172,巴拉巴拉,巴拉巴拉线下,婴童,梭织,梭织裙子,2022,Q1,0,1,2022-09-14 15:18:40,2023-01-08 14:33:19
1585937681878151881,1,1585906615914131458,0003001172,巴拉巴拉,巴拉巴拉线下,婴童,梭织,梭织裤子,2022,Q1,0,1,2022-10-28 18:13:03,2023-01-08 14:33:19
1569948731808215204,1,164,0003001172,巴拉巴拉,巴拉巴拉线下,非婴童,梭织,梭织外套,2022,Q1,0,1,2022-09-14 15:18:40,2023-01-08 14:33:19
1569948731812409381,1,1542110690716741634,0003001172,巴拉巴拉,巴拉巴拉线下,非婴童,梭织,梭织裙子,2022,Q1,0,1,2022-09-14 15:18:40,2023-01-08 14:33:19
1569948731812409485,1,1542110691790483457,0003001172,巴拉巴拉,巴拉巴拉线下,非婴童,梭织,梭织裤子,2022,Q1,0,1,2022-09-14 15:18:40,2023-01-08 14:33:19
1569948731808215350,1,311,0003001177,Mini巴拉,Mini巴拉线上,非婴童,梭织,梭织外套,2022,Q1,0,1,2022-09-14 15:18:40,2023-01-08 14:33:19
1569948731808215063,1,23,0003001177,巴拉巴拉,巴拉巴拉线上,婴童,梭织,梭织外套,2022,Q1,0,1,2022-09-14 15:18:40,2023-01-08 14:33:19
1569948731808215064,1,24,0003001177,巴拉巴拉,巴拉巴拉线上,婴童,梭织,梭织婴童,2022,Q1,0,1,2022-09-14 15:18:40,2023-01-08 14:33:19
1569948731812409711,1,1557595274585632770,0003001177,巴拉巴拉,巴拉巴拉线上,婴童,梭织,梭织裙子,2022,Q1,0,1,2022-09-14 15:18:40,2023-01-08 14:33:19
1569948731808215088,1,48,0003001177,巴拉巴拉,巴拉巴拉线上,非婴童,梭织,梭织外套,2022,Q1,0,1,2022-09-14 15:18:40,2023-01-08 14:33:19
1569948731808215405,1,1542110689953378305,0003001177,巴拉巴拉,巴拉巴拉线上,非婴童,梭织,梭织裙子,2022,Q1,0,1,2022-09-14 15:18:40,2023-01-08 14:33:19
1569948731812409708,1,1557595274547884034,0003001177,巴拉巴拉,巴拉巴拉线上,非婴童,梭织,梭织裤子,2022,Q1,0,1,2022-09-14 15:18:40,2023-01-08 14:33:19
1569948731808215159,1,119,0003001177,巴拉巴拉,巴拉巴拉线下,婴童,梭织,梭织外套,2022,Q1,0,1,2022-09-14 15:18:40,2023-01-08 14:33:19
1569948731808215160,1,120,0003001177,巴拉巴拉,巴拉巴拉线下,婴童,梭织,梭织婴童,2022,Q1,0,1,2022-09-14 15:18:40,2023-01-08 14:33:19
1569948731808215409,1,1542110689995321346,0003001177,巴拉巴拉,巴拉巴拉线下,婴童,梭织,梭织裙子,2022,Q1,0,1,2022-09-14 15:18:40,2023-01-08 14:33:19
1569948731812409471,1,1542110691643682818,0003001177,巴拉巴拉,巴拉巴拉线下,婴童,梭织,梭织裤子,2022,Q1,0,1,2022-09-14 15:18:40,2023-01-08 14:33:19
1569948731808215226,1,186,0003001177,巴拉巴拉,巴拉巴拉线下,非婴童,梭织,梭织外套,2022,Q1,0,1,2022-09-14 15:18:40,2023-01-08 14:33:19
1569948731812409531,1,1542110692264439810,0003001177,巴拉巴拉,巴拉巴拉线下,非婴童,梭织,梭织裙子,2022,Q1,0,1,2022-09-14 15:18:40,2023-01-08 14:33:19
1569948731812409505,1,1542110691987615746,0003001177,巴拉巴拉,巴拉巴拉线下,非婴童,梭织,梭织裤子,2022,Q1,0,1,2022-09-14 15:18:40,2023-01-08 14:33:19
1585937681878151838,1,1585906615410814978,0003001181,Mini巴拉,Mini巴拉线上,非婴童,针织,针织大类,2022,Q1,0,1,2022-10-28 18:13:03,2023-01-08 14:33:19
1569948731812409700,1,1557595274459803649,0003001184,马卡乐,马卡乐线下,婴童,毛织,毛织大类,2022,Q1,0,1,2022-09-14 15:18:40,2023-01-08 14:33:19
1569948731808215394,1,358,0003001184,马卡乐,马卡乐线下,非婴童,毛织,毛织大类,2022,Q1,0,1,2022-09-14 15:18:40,2023-01-08 14:33:19
1569948731808215096,1,56,0003001192,巴拉巴拉,巴拉巴拉线上,非婴童,针织,针织大类,2022,Q1,0,1,2022-09-14 15:18:40,2023-01-08 14:33:19
1569948731808215185,1,145,0003001192,巴拉巴拉,巴拉巴拉线下,非婴童,针织,针织大类,2022,Q1,0,1,2022-09-14 15:18:40,2023-01-08 14:33:19
1569948731812409735,1,1557595274900205570,0003001192,森马,森马线上,非婴童,针织,针织大类,2022,Q1,0,1,2022-09-14 15:18:40,2023-01-08 14:33:19
1569948731808215314,1,274,0003001192,森马,森马线下,非婴童,针织,针织大类,2022,Q1,0,1,2022-09-14 15:18:40,2023-01-08 14:33:19
1569948731812409733,1,1557595274862456833,0003001195,马卡乐,马卡乐线下,婴童,梭织,梭织外套,2022,Q1,0,1,2022-09-14 15:18:40,2023-01-08 14:33:19
1569948731812409757,1,1557595275252527106,0003001195,马卡乐,马卡乐线下,婴童,梭织,梭织裙子,2022,Q1,0,1,2022-09-14 15:18:40,2023-01-08 14:33:19
1569948731808215389,1,353,0003001195,马卡乐,马卡乐线下,非婴童,梭织,梭织外套,2022,Q1,0,1,2022-09-14 15:18:40,2023-01-08 14:33:19
1569948731812409475,1,1542110691685625857,0003001195,马卡乐,马卡乐线下,非婴童,梭织,梭织裙子,2022,Q1,0,1,2022-09-14 15:18:40,2023-01-08 14:33:19
1595698612258534116,1,1592448331991281666,0003001201,Mini巴拉,Mini巴拉线上,非婴童,针织,针织大类,2022,Q1,0,1,2022-11-24 16:39:30,2023-01-08 14:33:19
1569948731808215092,1,52,0003001201,巴拉巴拉,巴拉巴拉线上,非婴童,针织,针织大类,2022,Q1,0,1,2022-09-14 15:18:40,2023-01-08 14:33:19
1569948731808215181,1,141,0003001201,巴拉巴拉,巴拉巴拉线下,非婴童,针织,针织大类,2022,Q1,0,1,2022-09-14 15:18:40,2023-01-08 14:33:19
1569948731812409674,1,1557595274027790337,0003001209,马卡乐,马卡乐线下,婴童,针织,针织大类,2022,Q1,0,1,2022-09-14 15:18:40,2023-01-08 14:33:19
1569948731812409709,1,1557595274552078338,0003001209,马卡乐,马卡乐线下,非婴童,针织,针织大类,2022,Q1,0,1,2022-09-14 15:18:40,2023-01-08 14:33:19
1569948731812409507,1,1542110692012781570,0003001220,马卡乐,马卡乐线下,婴童,针织,针织大类,2022,Q1,0,1,2022-09-14 15:18:40,2023-01-08 14:33:19
1569948731808215371,1,334,0003001220,马卡乐,马卡乐线下,非婴童,针织,针织大类,2022,Q1,0,1,2022-09-14 15:18:40,2023-01-08 14:33:19
1569948731812409682,1,1557595274250088450,0003001221,马卡乐,马卡乐线下,婴童,针织,针织大类,2022,Q1,0,1,2022-09-14 15:18:40,2023-01-08 14:33:19
1569948731808215375,1,339,0003001221,马卡乐,马卡乐线下,非婴童,针织,针织大类,2022,Q1,0,1,2022-09-14 15:18:40,2023-01-08 14:33:19
1595698612258534143,1,1595338960312266754,0003001226,Mini巴拉,Mini巴拉线上,婴童,梭织,梭织外套,2022,Q1,0,1,2022-11-24 16:39:30,2023-01-08 14:33:19
1585937681878151738,1,1585906614337073154,0003001226,Mini巴拉,Mini巴拉线上,婴童,梭织,梭织婴童,2022,Q1,0,1,2022-10-28 18:13:03,2023-01-08 14:33:19
1585937681878151758,1,1585906614550982658,0003001226,Mini巴拉,Mini巴拉线上,婴童,梭织,梭织裙子,2022,Q1,0,1,2022-10-28 18:13:03,2023-01-08 14:33:19
1595698612258534115,1,1592448331970310146,0003001226,Mini巴拉,Mini巴拉线上,婴童,针织,针织大类,2022,Q1,0,1,2022-11-24 16:39:30,2023-01-08 14:33:19
1569948731808215352,1,313,0003001226,Mini巴拉,Mini巴拉线上,非婴童,梭织,梭织外套,2022,Q1,0,1,2022-09-14 15:18:40,2023-01-08 14:33:19
1585937681878151811,1,1585906615146573826,0003001226,Mini巴拉,Mini巴拉线上,非婴童,梭织,梭织婴童,2022,Q1,0,1,2022-10-28 18:13:03,2023-01-08 14:33:19
1569948731812409438,1,1542110691312332802,0003001226,Mini巴拉,Mini巴拉线上,非婴童,梭织,梭织裙子,2022,Q1,0,1,2022-09-14 15:18:40,2023-01-08 14:33:19
1569948731812409550,1,1542110692469960707,0003001226,Mini巴拉,Mini巴拉线上,非婴童,梭织,梭织裤子,2022,Q1,0,1,2022-09-14 15:18:40,2023-01-08 14:33:19
1595698612258534117,1,1592448332087750658,0003001226,Mini巴拉,Mini巴拉线上,非婴童,针织,针织大类,2022,Q1,0,1,2022-11-24 16:39:30,2023-01-08 14:33:19
1569948731812409576,1,1542110692730007555,0003001226,巴拉巴拉,巴拉巴拉线上,婴童,梭织,梭织外套,2022,Q1,0,1,2022-09-14 15:18:40,2023-01-08 14:33:19
1569948731808215427,1,1542110690226008065,0003001226,巴拉巴拉,巴拉巴拉线上,婴童,梭织,梭织婴童,2022,Q1,0,1,2022-09-14 15:18:40,2023-01-08 14:33:19
1569948731812409422,1,1542110691144560643,0003001226,巴拉巴拉,巴拉巴拉线上,婴童,梭织,梭织裙子,2022,Q1,0,1,2022-09-14 15:18:40,2023-01-08 14:33:19
1569948731808215423,1,1542110690184065026,0003001226,巴拉巴拉,巴拉巴拉线上,婴童,梭织,梭织裤子,2022,Q1,0,1,2022-09-14 15:18:40,2023-01-08 14:33:19
1569948731812409396,1,1542110690871930881,0003001226,巴拉巴拉,巴拉巴拉线上,婴童,针织,针织大类,2022,Q1,0,1,2022-09-14 15:18:40,2023-01-08 14:33:19
1569948731808215082,1,42,0003001226,巴拉巴拉,巴拉巴拉线上,非婴童,梭织,梭织外套,2022,Q1,0,1,2022-09-14 15:18:40,2023-01-08 14:33:19
1569948731812409645,1,1542110693380124674,0003001226,巴拉巴拉,巴拉巴拉线上,非婴童,梭织,梭织裙子,2022,Q1,0,1,2022-09-14 15:18:40,2023-01-08 14:33:19
1569948731812409750,1,1557595275147669505,0003001226,巴拉巴拉,巴拉巴拉线上,非婴童,针织,针织大类,2022,Q1,0,1,2022-09-14 15:18:40,2023-01-08 14:33:19
1569948731812409467,1,1542110691601739778,0003001226,巴拉巴拉,巴拉巴拉线下,婴童,梭织,梭织外套,2022,Q1,0,1,2022-09-14 15:18:40,2023-01-08 14:33:19
1569948731812409528,1,1542110692239273986,0003001226,巴拉巴拉,巴拉巴拉线下,婴童,梭织,梭织婴童,2022,Q1,0,1,2022-09-14 15:18:40,2023-01-08 14:33:19
1569948731808215147,1,107,0003001226,巴拉巴拉,巴拉巴拉线下,婴童,梭织,梭织裙子,2022,Q1,0,1,2022-09-14 15:18:40,2023-01-08 14:33:19
1569948731812409555,1,1542110692511903746,0003001226,巴拉巴拉,巴拉巴拉线下,婴童,梭织,梭织裤子,2022,Q1,0,1,2022-09-14 15:18:40,2023-01-08 14:33:19
1569948731812409595,1,1542110692927139842,0003001226,巴拉巴拉,巴拉巴拉线下,婴童,针织,针织大类,2022,Q1,0,1,2022-09-14 15:18:40,2023-01-08 14:33:19
1569948731808215211,1,171,0003001226,巴拉巴拉,巴拉巴拉线下,非婴童,梭织,梭织外套,2022,Q1,0,1,2022-09-14 15:18:40,2023-01-08 14:33:19
1569948731808215210,1,170,0003001226,巴拉巴拉,巴拉巴拉线下,非婴童,梭织,梭织裙子,2022,Q1,0,1,2022-09-14 15:18:40,2023-01-08 14:33:19
1569948731812409607,1,1542110693052968961,0003001226,巴拉巴拉,巴拉巴拉线下,非婴童,梭织,梭织裤子,2022,Q1,0,1,2022-09-14 15:18:40,2023-01-08 14:33:19
1569948731812409487,1,1542110691803066370,0003001226,巴拉巴拉,巴拉巴拉线下,非婴童,针织,针织大类,2022,Q1,0,1,2022-09-14 15:18:40,2023-01-08 14:33:19
1569948731808215421,1,1542110690158899202,0003001226,马卡乐,马卡乐线下,婴童,梭织,梭织外套,2022,Q1,0,1,2022-09-14 15:18:40,2023-01-08 14:33:19
1569948731812409508,1,1542110692021170177,0003001226,马卡乐,马卡乐线下,婴童,梭织,梭织婴童,2022,Q1,0,1,2022-09-14 15:18:40,2023-01-08 14:33:19
1569948731812409588,1,1542110692860030977,0003001226,马卡乐,马卡乐线下,婴童,梭织,梭织裙子,2022,Q1,0,1,2022-09-14 15:18:40,2023-01-08 14:33:19
1569948731812409554,1,1542110692503515138,0003001226,马卡乐,马卡乐线下,婴童,梭织,梭织裤子,2022,Q1,0,1,2022-09-14 15:18:40,2023-01-08 14:33:19
1585937681878151858,1,1585906615658278913,0003001226,马卡乐,马卡乐线下,婴童,针织,针织大类,2022,Q1,0,1,2022-10-28 18:13:03,2023-01-08 14:33:19
1569948731808215379,1,343,0003001226,马卡乐,马卡乐线下,非婴童,梭织,梭织外套,2022,Q1,0,1,2022-09-14 15:18:40,2023-01-08 14:33:19
1569948731812409450,1,1542110691433967617,0003001226,马卡乐,马卡乐线下,非婴童,梭织,梭织裙子,2022,Q1,0,1,2022-09-14 15:18:40,2023-01-08 14:33:19
1569948731812409590,1,1542110692876808193,0003001226,马卡乐,马卡乐线下,非婴童,梭织,梭织裤子,2022,Q1,0,1,2022-09-14 15:18:40,2023-01-08 14:33:19
1585937681878151780,1,1585906614794252289,0003001226,马卡乐,马卡乐线下,非婴童,针织,针织大类,2022,Q1,0,1,2022-10-28 18:13:03,2023-01-08 14:33:19
1569948731808215069,1,29,0003001227,巴拉巴拉,巴拉巴拉线上,婴童,毛织,毛织大类,2022,Q1,0,1,2022-09-14 15:18:40,2023-01-08 14:33:19
1569948731808215104,1,64,0003001227,巴拉巴拉,巴拉巴拉线上,非婴童,毛织,毛织大类,2022,Q1,0,1,2022-09-14 15:18:40,2023-01-08 14:33:19
1569948731808215167,1,127,0003001227,巴拉巴拉,巴拉巴拉线下,婴童,毛织,毛织大类,2022,Q1,0,1,2022-09-14 15:18:40,2023-01-08 14:33:19
1569948731808215239,1,199,0003001227,巴拉巴拉,巴拉巴拉线下,非婴童,毛织,毛织大类,2022,Q1,0,1,2022-09-14 15:18:40,2023-01-08 14:33:19
1575691776583332653,1,1575653089996763137,0003001227,马卡乐,马卡乐线下,非婴童,毛织,毛织大类,2022,Q1,0,1,2022-09-30 11:39:29,2023-01-08 14:33:19
1569948731812409742,1,1557595275051200513,0003001232,马卡乐,马卡乐线下,婴童,针织,针织大类,2022,Q1,0,1,2022-09-14 15:18:40,2023-01-08 14:33:19
1569948731808215370,1,333,0003001232,马卡乐,马卡乐线下,非婴童,针织,针织大类,2022,Q1,0,1,2022-09-14 15:18:40,2023-01-08 14:33:19
1569948731812409743,1,1557595275072172034,0003001235,马卡乐,马卡乐线下,婴童,毛织,毛织大类,2022,Q1,0,1,2022-09-14 15:18:40,2023-01-08 14:33:19
1569948731808215395,1,359,0003001235,马卡乐,马卡乐线下,非婴童,毛织,毛织大类,2022,Q1,0,1,2022-09-14 15:18:40,2023-01-08 14:33:19
1569948731808215113,1,73,0003001239,巴拉巴拉,巴拉巴拉线上,非婴童,牛仔,牛仔大类,2022,Q1,0,1,2022-09-14 15:18:40,2023-01-08 14:33:19
1595698612258534147,1,1595338960358404097,0003001239,巴拉巴拉,巴拉巴拉线下,婴童,牛仔,牛仔大类,2022,Q1,0,1,2022-11-24 16:39:30,2023-01-08 14:33:19
1569948731808215230,1,190,0003001239,巴拉巴拉,巴拉巴拉线下,非婴童,牛仔,牛仔大类,2022,Q1,0,1,2022-09-14 15:18:40,2023-01-08 14:33:19
1569948731812409669,1,1542110693602422786,0003001239,马卡乐,马卡乐线下,婴童,牛仔,牛仔大类,2022,Q1,0,1,2022-09-14 15:18:40,2023-01-08 14:33:19
1569948731808215392,1,356,0003001239,马卡乐,马卡乐线下,非婴童,牛仔,牛仔大类,2022,Q1,0,1,2022-09-14 15:18:40,2023-01-08 14:33:19
1575691770061189494,1,1575653090156146690,0003001244,Mini巴拉,Mini巴拉线上,婴童,梭织,梭织外套,2022,Q1,0,1,2022-09-30 11:39:27,2023-01-08 14:33:19
1585937681878151747,1,1585906614429347842,0003001244,Mini巴拉,Mini巴拉线上,婴童,梭织,梭织婴童,2022,Q1,0,1,2022-10-28 18:13:03,2023-01-08 14:33:19
1585937681878151818,1,1585906615209488387,0003001244,Mini巴拉,Mini巴拉线上,婴童,梭织,梭织裙子,2022,Q1,0,1,2022-10-28 18:13:03,2023-01-08 14:33:19
1585937681878151875,1,1585906615847022594,0003001244,Mini巴拉,Mini巴拉线上,婴童,梭织,梭织裤子,2022,Q1,0,1,2022-10-28 18:13:03,2023-01-08 14:33:19
1569948731808215358,1,320,0003001244,Mini巴拉,Mini巴拉线上,非婴童,梭织,梭织外套,2022,Q1,0,1,2022-09-14 15:18:40,2023-01-08 14:33:19
1569948731812409392,1,1542110690813210627,0003001244,Mini巴拉,Mini巴拉线上,非婴童,梭织,梭织婴童,2022,Q1,0,1,2022-09-14 15:18:40,2023-01-08 14:33:19
1569948731808215429,1,1542110690234396675,0003001244,Mini巴拉,Mini巴拉线上,非婴童,梭织,梭织裙子,2022,Q1,0,1,2022-09-14 15:18:40,2023-01-08 14:33:19
1569948731812409483,1,1542110691769511937,0003001244,Mini巴拉,Mini巴拉线上,非婴童,梭织,梭织裤子,2022,Q1,0,1,2022-09-14 15:18:40,2023-01-08 14:33:19
1569948731812409741,1,1557595275030228994,0003001249,巴拉巴拉,巴拉巴拉线上,婴童,牛仔,牛仔大类,2022,Q1,0,1,2022-09-14 15:18:40,2023-01-08 14:33:19
1569948731808215117,1,77,0003001249,巴拉巴拉,巴拉巴拉线上,非婴童,牛仔,牛仔大类,2022,Q1,0,1,2022-09-14 15:18:40,2023-01-08 14:33:19
1585937681878151729,1,1585906614248992770,0003001249,巴拉巴拉,巴拉巴拉线下,婴童,牛仔,牛仔大类,2022,Q1,0,1,2022-10-28 18:13:03,2023-01-08 14:33:19
1569948731808215232,1,192,0003001249,巴拉巴拉,巴拉巴拉线下,非婴童,牛仔,牛仔大类,2022,Q1,0,1,2022-09-14 15:18:40,2023-01-08 14:33:19
1569948731808215115,1,75,0003001251,巴拉巴拉,巴拉巴拉线上,非婴童,牛仔,牛仔大类,2022,Q1,0,1,2022-09-14 15:18:40,2023-01-08 14:33:19
1569948731808215233,1,193,0003001251,巴拉巴拉,巴拉巴拉线下,非婴童,牛仔,牛仔大类,2022,Q1,0,1,2022-09-14 15:18:40,2023-01-08 14:33:19
1569948731808215316,1,276,0003001251,森马,森马线下,非婴童,牛仔,牛仔大类,2022,Q1,0,1,2022-09-14 15:18:40,2023-01-08 14:33:19
1569948731808215061,1,21,0003001260,巴拉巴拉,巴拉巴拉线上,婴童,梭织,梭织外套,2022,Q1,0,1,2022-09-14 15:18:40,2023-01-08 14:33:19
1569948731812409534,1,1542110692323160065,0003001260,巴拉巴拉,巴拉巴拉线上,婴童,梭织,梭织婴童,2022,Q1,0,1,2022-09-14 15:18:40,2023-01-08 14:33:19
1569948731812409633,1,1542110693283655681,0003001260,巴拉巴拉,巴拉巴拉线上,婴童,梭织,梭织裙子,2022,Q1,0,1,2022-09-14 15:18:40,2023-01-08 14:33:19
1569948731812409533,1,1542110692293799937,0003001260,巴拉巴拉,巴拉巴拉线上,婴童,梭织,梭织裤子,2022,Q1,0,1,2022-09-14 15:18:40,2023-01-08 14:33:19
1569948731812409529,1,1542110692251856898,0003001260,巴拉巴拉,巴拉巴拉线上,非婴童,梭织,梭织外套,2022,Q1,0,1,2022-09-14 15:18:40,2023-01-08 14:33:19
1569948731812409415,1,1542110691085840386,0003001260,巴拉巴拉,巴拉巴拉线上,非婴童,梭织,梭织裙子,2022,Q1,0,1,2022-09-14 15:18:40,2023-01-08 14:33:19
1569948731812409624,1,1542110693208158210,0003001260,巴拉巴拉,巴拉巴拉线上,非婴童,梭织,梭织裤子,2022,Q1,0,1,2022-09-14 15:18:40,2023-01-08 14:33:19
1569948731808215155,1,115,0003001260,巴拉巴拉,巴拉巴拉线下,婴童,梭织,梭织外套,2022,Q1,0,1,2022-09-14 15:18:40,2023-01-08 14:33:19
1569948731808215410,1,1542110690016292865,0003001260,巴拉巴拉,巴拉巴拉线下,婴童,梭织,梭织婴童,2022,Q1,0,1,2022-09-14 15:18:40,2023-01-08 14:33:19
1569948731808215154,1,114,0003001260,巴拉巴拉,巴拉巴拉线下,婴童,梭织,梭织裙子,2022,Q1,0,1,2022-09-14 15:18:40,2023-01-08 14:33:19
1569948731812409648,1,1542110693401096195,0003001260,巴拉巴拉,巴拉巴拉线下,婴童,梭织,梭织裤子,2022,Q1,0,1,2022-09-14 15:18:40,2023-01-08 14:33:19
1569948731808215218,1,178,0003001260,巴拉巴拉,巴拉巴拉线下,非婴童,梭织,梭织外套,2022,Q1,0,1,2022-09-14 15:18:40,2023-01-08 14:33:19
1569948731808215217,1,177,0003001260,巴拉巴拉,巴拉巴拉线下,非婴童,梭织,梭织裙子,2022,Q1,0,1,2022-09-14 15:18:40,2023-01-08 14:33:19
1569948731812409400,1,1542110690918068225,0003001260,巴拉巴拉,巴拉巴拉线下,非婴童,梭织,梭织裤子,2022,Q1,0,1,2022-09-14 15:18:40,2023-01-08 14:33:19
1575691770061189468,1,1575653089808019458,0003001260,马卡乐,马卡乐线下,非婴童,梭织,梭织外套,2022,Q1,0,1,2022-09-30 11:39:27,2023-01-08 14:33:19
1595698612258534154,1,1595603579962454018,0003001445,森马,森马线上,非婴童,梭织,梭织裤子,2022,Q1,0,1,2022-11-24 16:39:30,2023-01-08 14:33:19
1585937681878151899,1,1585906616111263746,0003001445,森马,森马线下,非婴童,梭织,梭织外套,2022,Q1,0,1,2022-10-28 18:13:03,2023-01-08 14:33:19
1595698612258534163,1,1595603580071505921,0003001445,森马,森马线下,非婴童,梭织,梭织裤子,2022,Q1,0,1,2022-11-24 16:39:30,2023-01-08 14:33:19
1569948731808215318,1,278,0003001496,森马,森马线下,非婴童,毛织,毛织大类,2022,Q1,0,1,2022-09-14 15:18:40,2023-01-08 14:33:19
1569948731812409383,1,1542110690729324545,0003001528,巴拉巴拉,巴拉巴拉线上,非婴童,针织,针织大类,2022,Q1,0,1,2022-09-14 15:18:40,2023-01-08 14:33:19
1585937681878151755,1,1585906614513233922,0003001528,巴拉巴拉,巴拉巴拉线下,婴童,针织,针织大类,2022,Q1,0,1,2022-10-28 18:13:03,2023-01-08 14:33:19
1569948731812409519,1,1542110692126027777,0003001528,巴拉巴拉,巴拉巴拉线下,非婴童,针织,针织大类,2022,Q1,0,1,2022-09-14 15:18:40,2023-01-08 14:33:19
1569948731812409764,1,1557595275332218881,0003001538,马卡乐,马卡乐线下,婴童,针织,针织大类,2022,Q1,0,1,2022-09-14 15:18:40,2023-01-08 14:33:19
1569948731808215376,1,340,0003001538,马卡乐,马卡乐线下,非婴童,针织,针织大类,2022,Q1,0,1,2022-09-14 15:18:40,2023-01-08 14:33:19
1569948731808215384,1,348,0003001544,马卡乐,马卡乐线下,非婴童,梭织,梭织外套,2022,Q1,0,1,2022-09-14 15:18:40,2023-01-08 14:33:19
1585937681878151859,1,1585906615670861825,0003001544,马卡乐,马卡乐线下,非婴童,梭织,梭织裙子,2022,Q1,0,1,2022-10-28 18:13:03,2023-01-08 14:33:19
1569948731812409698,1,1557595274417860610,0003001601,马卡乐,马卡乐线下,婴童,梭织,梭织外套,2022,Q1,0,1,2022-09-14 15:18:40,2023-01-08 14:33:19
1569948731808215382,1,346,0003001601,马卡乐,马卡乐线下,非婴童,梭织,梭织外套,2022,Q1,0,1,2022-09-14 15:18:40,2023-01-08 14:33:19
1569948731812409706,1,1557595274526912513,0003001601,马卡乐,马卡乐线下,非婴童,梭织,梭织裙子,2022,Q1,0,1,2022-09-14 15:18:40,2023-01-08 14:33:19
1569948731808215091,1,51,0003001644,巴拉巴拉,巴拉巴拉线上,非婴童,针织,针织大类,2022,Q1,0,1,2022-09-14 15:18:40,2023-01-08 14:33:19
1569948731808215178,1,138,0003001644,巴拉巴拉,巴拉巴拉线下,非婴童,针织,针织大类,2022,Q1,0,1,2022-09-14 15:18:40,2023-01-08 14:33:19
1569948731808215320,1,281,0003001644,森马,森马线上,非婴童,针织,针织大类,2022,Q1,0,1,2022-09-14 15:18:40,2023-01-08 14:33:19
1569948731812409739,1,1557595275005063170,0003001644,森马,森马线下,非婴童,针织,针织大类,2022,Q1,0,1,2022-09-14 15:18:40,2023-01-08 14:33:19
1569948731812409676,1,1557595274115870722,0003001672,Mini巴拉,Mini巴拉线上,非婴童,梭织,梭织外套,2022,Q1,0,1,2022-09-14 15:18:40,2023-01-08 14:33:19
1569948731812409679,1,1557595274187173889,0003001672,巴拉巴拉,巴拉巴拉线上,非婴童,梭织,梭织外套,2022,Q1,0,1,2022-09-14 15:18:40,2023-01-08 14:33:19
1569948731812409762,1,1557595275311247361,0003001672,巴拉巴拉,巴拉巴拉线上,非婴童,梭织,梭织裤子,2022,Q1,0,1,2022-09-14 15:18:40,2023-01-08 14:33:19
1569948731808215041,1,1,0003001673,巴拉巴拉,巴拉巴拉线上,婴童,针织,针织大类,2022,Q1,0,1,2022-09-14 15:18:40,2023-01-08 14:33:19
1569948731812409413,1,1542110691056480258,0003001673,巴拉巴拉,巴拉巴拉线上,非婴童,针织,针织大类,2022,Q1,0,1,2022-09-14 15:18:40,2023-01-08 14:33:19
1569948731808215120,1,80,0003001673,巴拉巴拉,巴拉巴拉线下,婴童,针织,针织大类,2022,Q1,0,1,2022-09-14 15:18:40,2023-01-08 14:33:19
1569948731808215175,1,135,0003001673,巴拉巴拉,巴拉巴拉线下,非婴童,针织,针织大类,2022,Q1,0,1,2022-09-14 15:18:40,2023-01-08 14:33:19
1569948731808215077,1,37,0003001693,巴拉巴拉,巴拉巴拉线上,非婴童,梭织,梭织外套,2022,Q1,0,1,2022-09-14 15:18:40,2023-01-08 14:33:19
1569948731812409730,1,1557595274833096705,0003001693,巴拉巴拉,巴拉巴拉线上,非婴童,梭织,梭织裤子,2022,Q1,0,1,2022-09-14 15:18:40,2023-01-08 14:33:19
1569948731812409722,1,1557595274745016322,0003001693,巴拉巴拉,巴拉巴拉线下,非婴童,梭织,梭织外套,2022,Q1,0,1,2022-09-14 15:18:40,2023-01-08 14:33:19
1569948731812409686,1,1557595274292031489,0003001693,巴拉巴拉,巴拉巴拉线下,非婴童,梭织,梭织裤子,2022,Q1,0,1,2022-09-14 15:18:40,2023-01-08 14:33:19
1569948731808215083,1,43,0003001712,巴拉巴拉,巴拉巴拉线上,非婴童,梭织,梭织外套,2022,Q1,0,1,2022-09-14 15:18:40,2023-01-08 14:33:19
1569948731812409615,1,1542110693136855041,0003001712,巴拉巴拉,巴拉巴拉线上,非婴童,梭织,梭织裤子,2022,Q1,0,1,2022-09-14 15:18:40,2023-01-08 14:33:19
1569948731812409744,1,1557595275084754946,0003001712,巴拉巴拉,巴拉巴拉线下,婴童,梭织,梭织外套,2022,Q1,0,1,2022-09-14 15:18:40,2023-01-08 14:33:19
1595698612258534170,1,1595603580167974913,0003001712,巴拉巴拉,巴拉巴拉线下,婴童,梭织,梭织裤子,2022,Q1,0,1,2022-11-24 16:39:30,2023-01-08 14:33:19
1569948731812409734,1,1557595274879234050,0003001712,巴拉巴拉,巴拉巴拉线下,非婴童,梭织,梭织外套,2022,Q1,0,1,2022-09-14 15:18:40,2023-01-08 14:33:19
1569948731812409482,1,1542110691765317634,0003001712,巴拉巴拉,巴拉巴拉线下,非婴童,梭织,梭织裤子,2022,Q1,0,1,2022-09-14 15:18:40,2023-01-08 14:33:19
1569948731808215321,1,282,0003001733,森马,森马线上,非婴童,针织,针织大类,2022,Q1,0,1,2022-09-14 15:18:40,2023-01-08 14:33:19
1569948731808215322,1,283,0003001733,森马,森马线下,非婴童,针织,针织大类,2022,Q1,0,1,2022-09-14 15:18:40,2023-01-08 14:33:19
1585937681878151763,1,1585906614609702913,0003001756,森马,森马线下,非婴童,针织,针织大类,2022,Q1,0,1,2022-10-28 18:13:03,2023-01-08 14:33:19
1569948731808215072,1,32,0003001757,巴拉巴拉,巴拉巴拉线上,婴童,毛织,毛织大类,2022,Q1,0,1,2022-09-14 15:18:40,2023-01-08 14:33:19
1569948731808215108,1,68,0003001757,巴拉巴拉,巴拉巴拉线上,非婴童,毛织,毛织大类,2022,Q1,0,1,2022-09-14 15:18:40,2023-01-08 14:33:19
1569948731808215172,1,132,0003001757,巴拉巴拉,巴拉巴拉线下,婴童,毛织,毛织大类,2022,Q1,0,1,2022-09-14 15:18:40,2023-01-08 14:33:19
1569948731808215244,1,204,0003001757,巴拉巴拉,巴拉巴拉线下,非婴童,毛织,毛织大类,2022,Q1,0,1,2022-09-14 15:18:40,2023-01-08 14:33:19
1569948731812409667,1,1542110693581451266,0003001764,巴拉巴拉,巴拉巴拉线上,非婴童,梭织,梭织外套,2022,Q1,0,1,2022-09-14 15:18:40,2023-01-08 14:33:19
1569948731808215227,1,187,0003001764,巴拉巴拉,巴拉巴拉线下,非婴童,梭织,梭织外套,2022,Q1,0,1,2022-09-14 15:18:40,2023-01-08 14:33:19
1585937681878151764,1,1585906614613897217,0003001764,森马,森马线下,非婴童,梭织,梭织外套,2022,Q1,0,1,2022-10-28 18:13:03,2023-01-08 14:33:19
1595698612258534171,1,1595603580176363523,0003001770,森马,森马线上,非婴童,梭织,梭织衬衫,2022,Q1,0,1,2022-11-24 16:39:30,2023-01-08 14:33:19
1595698612258534167,1,1595603580121837569,0003001770,森马,森马线上,非婴童,梭织,梭织裙子,2022,Q1,0,1,2022-11-24 16:39:30,2023-01-08 14:33:19
1569948731808215324,1,285,0003001782,森马,森马线上,非婴童,牛仔,牛仔大类,2022,Q1,0,1,2022-09-14 15:18:40,2023-01-08 14:33:19
1595698612258534118,1,1592448332100333569,0003001813,马卡乐,马卡乐线下,非婴童,针织,针织大类,2022,Q1,0,1,2022-11-24 16:39:30,2023-01-08 14:33:19
1595698612258534128,1,1592448332255522818,0003001817,马卡乐,马卡乐线下,非婴童,牛仔,牛仔大类,2022,Q1,0,1,2022-11-24 16:39:30,2023-01-08 14:33:19
1569948731808215325,1,286,0003001861,森马,森马线上,非婴童,梭织,梭织裤子,2022,Q1,0,1,2022-09-14 15:18:40,2023-01-08 14:33:19
1569948731812409488,1,1542110691824037889,0003001864,巴拉巴拉,巴拉巴拉线下,非婴童,梭织,梭织外套,2022,Q1,0,1,2022-09-14 15:18:40,2023-01-08 14:33:19
1569948731812409602,1,1542110693002637314,0003001864,巴拉巴拉,巴拉巴拉线下,非婴童,梭织,梭织裙子,2022,Q1,0,1,2022-09-14 15:18:40,2023-01-08 14:33:19
1569948731812409754,1,1557595275193806849,0003001866,巴拉巴拉,巴拉巴拉线上,婴童,毛织,毛织大类,2022,Q1,0,1,2022-09-14 15:18:40,2023-01-08 14:33:19
1569948731812409723,1,1557595274749210625,0003001866,巴拉巴拉,巴拉巴拉线上,非婴童,毛织,毛织大类,2022,Q1,0,1,2022-09-14 15:18:40,2023-01-08 14:33:19
1569948731812409729,1,1557595274824708098,0003001866,马卡乐,马卡乐线下,婴童,毛织,毛织大类,2022,Q1,0,1,2022-09-14 15:18:40,2023-01-08 14:33:19
1569948731808215397,1,361,0003001866,马卡乐,马卡乐线下,非婴童,毛织,毛织大类,2022,Q1,0,1,2022-09-14 15:18:40,2023-01-08 14:33:19
1585937681878151759,1,1585906614555176962,0003001876,巴拉巴拉,巴拉巴拉线下,非婴童,梭织,梭织外套,2022,Q1,0,1,2022-10-28 18:13:03,2023-01-08 14:33:19
1585937681878151869,1,1585906615779913730,0003001876,巴拉巴拉,巴拉巴拉线下,非婴童,梭织,梭织裤子,2022,Q1,0,1,2022-10-28 18:13:03,2023-01-08 14:33:19
1585937681878151769,1,1585906614689394689,0003001882,巴拉巴拉,巴拉巴拉线下,非婴童,梭织,梭织外套,2022,Q1,0,1,2022-10-28 18:13:03,2023-01-08 14:33:19
1569948731812409525,1,1542110692214108161,0003001882,巴拉巴拉,巴拉巴拉线下,非婴童,梭织,梭织裙子,2022,Q1,0,1,2022-09-14 15:18:40,2023-01-08 14:33:19
1585937681878151788,1,1585906614873944065,0003001890,Mini巴拉,Mini巴拉线上,非婴童,针织,针织大类,2022,Q1,0,1,2022-10-28 18:13:03,2023-01-08 14:33:19
1569948731812409547,1,1542110692440600577,0003001911,巴拉巴拉,巴拉巴拉线上,非婴童,梭织,梭织外套,2022,Q1,0,1,2022-09-14 15:18:40,2023-01-08 14:33:19
1569948731812409429,1,1542110691224252417,0003001911,巴拉巴拉,巴拉巴拉线上,非婴童,梭织,梭织裤子,2022,Q1,0,1,2022-09-14 15:18:40,2023-01-08 14:33:19
1585937681878151776,1,1585906614752309250,0003001911,巴拉巴拉,巴拉巴拉线下,非婴童,梭织,梭织外套,2022,Q1,0,1,2022-10-28 18:13:03,2023-01-08 14:33:19
1595698612258534149,1,1595338960391958529,0003001911,巴拉巴拉,巴拉巴拉线下,非婴童,梭织,梭织裙子,2022,Q1,0,1,2022-11-24 16:39:30,2023-01-08 14:33:19
1569948731812409350,1,1542110690343448578,0003001911,巴拉巴拉,巴拉巴拉线下,非婴童,针织,针织大类,2022,Q1,0,1,2022-09-14 15:18:40,2023-01-08 14:33:19
1585937681878151868,1,1585906615771525122,0003001911,森马,森马线下,非婴童,梭织,梭织裤子,2022,Q1,0,1,2022-10-28 18:13:03,2023-01-08 14:33:19
1585937681878151797,1,1585906614957830147,0003001911,森马,森马线下,非婴童,针织,针织大类,2022,Q1,0,1,2022-10-28 18:13:03,2023-01-08 14:33:19
1585937681878151845,1,1585906615490506754,0003001912,森马,森马线下,非婴童,梭织,梭织衬衫,2022,Q1,0,1,2022-10-28 18:13:03,2023-01-08 14:33:19
1569948731808215386,1,350,0003001912,马卡乐,马卡乐线下,非婴童,梭织,梭织外套,2022,Q1,0,1,2022-09-14 15:18:40,2023-01-08 14:33:19
1569948731812409572,1,1542110692704841730,0003001912,马卡乐,马卡乐线下,非婴童,梭织,梭织裙子,2022,Q1,0,1,2022-09-14 15:18:40,2023-01-08 14:33:19
1569948731812409703,1,1557595274480775170,0003001915,马卡乐,马卡乐线下,婴童,梭织,梭织外套,2022,Q1,0,1,2022-09-14 15:18:40,2023-01-08 14:33:19
1569948731812409630,1,1542110693262684162,0003001915,马卡乐,马卡乐线下,婴童,梭织,梭织裙子,2022,Q1,0,1,2022-09-14 15:18:40,2023-01-08 14:33:19
1569948731812409696,1,1557595274392694786,0003001915,马卡乐,马卡乐线下,婴童,梭织,梭织裤子,2022,Q1,0,1,2022-09-14 15:18:40,2023-01-08 14:33:19
1569948731808215385,1,349,0003001915,马卡乐,马卡乐线下,非婴童,梭织,梭织外套,2022,Q1,0,1,2022-09-14 15:18:40,2023-01-08 14:33:19
1569948731808215419,1,1542110690137927682,0003001915,马卡乐,马卡乐线下,非婴童,梭织,梭织裙子,2022,Q1,0,1,2022-09-14 15:18:40,2023-01-08 14:33:19
1569948731812409363,1,1542110690507026434,0003001915,马卡乐,马卡乐线下,非婴童,梭织,梭织裤子,2022,Q1,0,1,2022-09-14 15:18:40,2023-01-08 14:33:19
1569948731812409560,1,1542110692566429697,0003001940,巴拉巴拉,巴拉巴拉线上,婴童,梭织,梭织外套,2022,Q1,0,1,2022-09-14 15:18:40,2023-01-08 14:33:19
1569948731812409376,1,1542110690666409985,0003001940,巴拉巴拉,巴拉巴拉线上,非婴童,梭织,梭织外套,2022,Q1,0,1,2022-09-14 15:18:40,2023-01-08 14:33:19
1569948731808215133,1,93,0003001940,巴拉巴拉,巴拉巴拉线下,婴童,梭织,梭织外套,2022,Q1,0,1,2022-09-14 15:18:40,2023-01-08 14:33:19
1569948731808215191,1,151,0003001940,巴拉巴拉,巴拉巴拉线下,非婴童,梭织,梭织外套,2022,Q1,0,1,2022-09-14 15:18:40,2023-01-08 14:33:19
1569948731808215156,1,116,0003002012,巴拉巴拉,巴拉巴拉线下,婴童,梭织,梭织外套,2022,Q1,0,1,2022-09-14 15:18:40,2023-01-08 14:33:19
1569948731808215220,1,180,0003002012,巴拉巴拉,巴拉巴拉线下,非婴童,梭织,梭织外套,2022,Q1,0,1,2022-09-14 15:18:40,2023-01-08 14:33:19
1569948731808215326,1,287,0003002029,森马,森马线上,非婴童,梭织,梭织外套,2022,Q1,0,1,2022-09-14 15:18:40,2023-01-08 14:33:19
1569948731812409524,1,1542110692184748033,0003002029,森马,森马线上,非婴童,梭织,梭织裤子,2022,Q1,0,1,2022-09-14 15:18:40,2023-01-08 14:33:19
1569948731812409638,1,1542110693321404419,0003002042,巴拉巴拉,巴拉巴拉线上,非婴童,针织,针织大类,2022,Q1,0,1,2022-09-14 15:18:40,2023-01-08 14:33:19
1569948731812409765,1,1557595275340607490,0003002042,马卡乐,马卡乐线下,婴童,针织,针织大类,2022,Q1,0,1,2022-09-14 15:18:40,2023-01-08 14:33:19
1569948731808215373,1,336,0003002042,马卡乐,马卡乐线下,非婴童,针织,针织大类,2022,Q1,0,1,2022-09-14 15:18:40,2023-01-08 14:33:19
1569948731808215329,1,290,0003002081,森马,森马线下,非婴童,梭织,梭织外套,2022,Q1,0,1,2022-09-14 15:18:40,2023-01-08 14:33:19
1595698612258534126,1,1592448332230356994,0003002090,森马,森马线上,非婴童,针织,针织大类,2022,Q1,0,1,2022-11-24 16:39:30,2023-01-08 14:33:19
1569948731812409557,1,1542110692528680962,0003002093,巴拉巴拉,巴拉巴拉线下,非婴童,针织,针织大类,2022,Q1,0,1,2022-09-14 15:18:40,2023-01-08 14:33:19
1569948731808215330,1,291,0003002093,森马,森马线下,非婴童,针织,针织大类,2022,Q1,0,1,2022-09-14 15:18:40,2023-01-08 14:33:19
1569948731808215414,1,1542110690062430209,0003002095,马卡乐,马卡乐线下,婴童,针织,针织大类,2022,Q1,0,1,2022-09-14 15:18:40,2023-01-08 14:33:19
1569948731808215374,1,337,0003002095,马卡乐,马卡乐线下,非婴童,针织,针织大类,2022,Q1,0,1,2022-09-14 15:18:40,2023-01-08 14:33:19
1595698612258534112,1,1592448331919978498,0003002102,森马,森马线上,非婴童,牛仔,牛仔大类,2022,Q1,0,1,2022-11-24 16:39:30,2023-01-08 14:33:19
1569948731812409641,1,1542110693346570241,0003002106,森马,森马线上,非婴童,梭织,梭织裙子,2022,Q1,0,1,2022-09-14 15:18:40,2023-01-08 14:33:19
1569948731812409347,1,1542110690297311233,0003002106,森马,森马线下,非婴童,梭织,梭织裙子,2022,Q1,0,1,2022-09-14 15:18:40,2023-01-08 14:33:19
1569948731812409605,1,1542110693036191745,0003002106,森马,森马线下,非婴童,梭织,梭织裤子,2022,Q1,0,1,2022-09-14 15:18:40,2023-01-08 14:33:19
1595698612258534156,1,1595603579987619842,0003002112,马卡乐,马卡乐线下,婴童,梭织,梭织裙子,2022,Q1,0,1,2022-11-24 16:39:30,2023-01-08 14:33:19
1585937681878151877,1,1585906615884771330,0003002112,马卡乐,马卡乐线下,非婴童,梭织,梭织裙子,2022,Q1,0,1,2022-10-28 18:13:03,2023-01-08 14:33:19
1569948731812409589,1,1542110692860030978,0003002120,巴拉巴拉,巴拉巴拉线上,婴童,针织,针织大类,2022,Q1,0,1,2022-09-14 15:18:40,2023-01-08 14:33:19
1569948731812409539,1,1542110692377686017,0003002120,巴拉巴拉,巴拉巴拉线上,非婴童,针织,针织大类,2022,Q1,0,1,2022-09-14 15:18:40,2023-01-08 14:33:19
1569948731812409699,1,1557595274438832130,0003002160,巴拉巴拉,巴拉巴拉线上,婴童,毛织,毛织大类,2022,Q1,0,1,2022-09-14 15:18:40,2023-01-08 14:33:19
1569948731808215111,1,71,0003002160,巴拉巴拉,巴拉巴拉线上,非婴童,毛织,毛织大类,2022,Q1,0,1,2022-09-14 15:18:40,2023-01-08 14:33:19
1569948731812409692,1,1557595274359140354,0003002160,巴拉巴拉,巴拉巴拉线下,婴童,毛织,毛织大类,2022,Q1,0,1,2022-09-14 15:18:40,2023-01-08 14:33:19
1569948731808215246,1,206,0003002160,巴拉巴拉,巴拉巴拉线下,非婴童,毛织,毛织大类,2022,Q1,0,1,2022-09-14 15:18:40,2023-01-08 14:33:19
1569948731812409752,1,1557595275172835329,0003002160,马卡乐,马卡乐线下,婴童,毛织,毛织大类,2022,Q1,0,1,2022-09-14 15:18:40,2023-01-08 14:33:19
1569948731808215398,1,362,0003002160,马卡乐,马卡乐线下,非婴童,毛织,毛织大类,2022,Q1,0,1,2022-09-14 15:18:40,2023-01-08 14:33:19
1569948731808215356,1,317,0003002163,Mini巴拉,Mini巴拉线上,非婴童,梭织,梭织外套,2022,Q1,0,1,2022-09-14 15:18:40,2023-01-08 14:33:19
1585937681878151821,1,1585906615238848514,0003002163,巴拉巴拉,巴拉巴拉线下,非婴童,梭织,梭织外套,2022,Q1,0,1,2022-10-28 18:13:03,2023-01-08 14:33:19
1569948731812409399,1,1542110690909679618,0003002170,巴拉巴拉,巴拉巴拉线上,非婴童,梭织,梭织裙子,2022,Q1,0,1,2022-09-14 15:18:40,2023-01-08 14:33:19
1569948731812409663,1,1542110693552091137,0003002171,马卡乐,马卡乐线下,婴童,牛仔,牛仔大类,2022,Q1,0,1,2022-09-14 15:18:40,2023-01-08 14:33:19
1569948731812409470,1,1542110691639488514,0003002171,马卡乐,马卡乐线下,非婴童,牛仔,牛仔大类,2022,Q1,0,1,2022-09-14 15:18:40,2023-01-08 14:33:19
1569948731808215336,1,297,0003002198,森马,森马线上,非婴童,针织,针织大类,2022,Q1,0,1,2022-09-14 15:18:40,2023-01-08 14:33:19
1569948731808215337,1,298,0003002198,森马,森马线下,非婴童,针织,针织大类,2022,Q1,0,1,2022-09-14 15:18:40,2023-01-08 14:33:19
1569948731812409403,1,1542110690968399873,0003002198,马卡乐,马卡乐线下,婴童,针织,针织大类,2022,Q1,0,1,2022-09-14 15:18:40,2023-01-08 14:33:19
1569948731812409371,1,1542110690599301121,0003002198,马卡乐,马卡乐线下,非婴童,针织,针织大类,2022,Q1,0,1,2022-09-14 15:18:40,2023-01-08 14:33:19
1585937681878151772,1,1585906614714560514,0003002204,巴拉巴拉,巴拉巴拉线下,非婴童,梭织,梭织外套,2022,Q1,0,1,2022-10-28 18:13:03,2023-01-08 14:33:19
1585937681878151893,1,1585906616069320705,0003002204,巴拉巴拉,巴拉巴拉线下,非婴童,梭织,梭织裙子,2022,Q1,0,1,2022-10-28 18:13:03,2023-01-08 14:33:19
1585937681878151778,1,1585906614773280770,0003002211,森马,森马线上,非婴童,梭织,梭织外套,2022,Q1,0,1,2022-10-28 18:13:03,2023-01-08 14:33:19
1585937681878151830,1,1585906615335317505,0003002211,森马,森马线下,非婴童,梭织,梭织裙子,2022,Q1,0,1,2022-10-28 18:13:03,2023-01-08 14:33:19
1569948731812409731,1,1557595274841485313,0003002213,森马,森马线下,非婴童,毛织,毛织大类,2022,Q1,0,1,2022-09-14 15:18:40,2023-01-08 14:33:19
1569948731812409702,1,1557595274476580866,0003002215,马卡乐,马卡乐线下,非婴童,梭织,梭织裙子,2022,Q1,0,1,2022-09-14 15:18:40,2023-01-08 14:33:19
1569948731808215401,1,1000,0003002230,森马,森马线下,非婴童,牛仔,牛仔大类,2022,Q1,0,1,2022-09-14 15:18:40,2023-01-08 14:33:19
